library/all-minilm	all-minilm:l6	F16	45949216	3500000
library/all-minilm	all-minilm:33m	F16	67308128	3500000
library/aya	aya:8b-23-q2_K	Q2_K	3438504800	1100000
library/aya	aya:8b-23-q3_K_S	Q3_K_S	3870518112	1100000
library/aya	aya:8b-23-q3_K_M	Q3_K_M	4224936800	1100000
library/aya	aya:8b-23-q3_K_L	Q3_K_L	4527975264	1100000
library/aya	aya:8b	F16	4797459296	1100000
library/aya	aya:8b-23-q4_K_S	Q4_K_S	4828916576	1100000
library/aya	aya:8b-23-q4_K_M	Q4_K_M	5056981856	1100000
library/aya	aya:8b-23-q4_1	Q4_1	5233666912	1100000
library/aya	aya:8b-23-q5_0	Q5_0	5669874528	1100000
library/aya	aya:8b-23-q5_K_S	Q5_K_S	5669874528	1100000
library/aya	aya:8b-23-q5_K_M	Q5_K_M	5803567968	1100000
library/aya	aya:8b-23-q5_1	Q5_1	6106082144	1100000
library/aya	aya:8b-23-q6_K	Q6_K	6596815712	1100000
library/aya	aya:8b-23-q8_0	Q8_0	8541072224	1100000
library/aya	aya:35b-23-q2_K	Q2_K	13817395840	1100000
library/aya	aya:35b-23-q3_K_S	Q3_K_S	15862119040	1100000
library/aya	aya:35b-23-q3_K_M	Q3_K_M	17618483840	1100000
library/aya	aya:35b-23-q3_K_L	Q3_K_L	19149404800	1100000
library/aya	aya:35b	F16	20229438080	1100000
library/aya	aya:35b-23-q4_K_S	Q4_K_S	20378335872	1100000
library/aya	aya:35b-23-q4_K_M	Q4_K_M	21527050880	1100000
library/aya	aya:35b-23-q4_1	Q4_1	22284647040	1100000
library/aya	aya:35b-23-q5_0	Q5_0	24339856000	1100000
library/aya	aya:35b-23-q5_K_S	Q5_K_S	24339856000	1100000
library/aya	aya:35b-23-q5_K_M	Q5_K_M	25008323200	1100000
library/aya	aya:35b-23-q5_1	Q5_1	26395064960	1100000
library/aya	aya:35b-23-q6_K	Q6_K	28707175040	1100000
library/aya	aya:35b-23-q8_0	Q8_0	37179013760	1100000
library/aya-expanse	aya-expanse:8b-q2_K	Q2_K	3438505408	1000000
library/aya-expanse	aya-expanse:8b-q3_K_S	Q3_K_S	3870518720	1000000
library/aya-expanse	aya-expanse:8b-q3_K_M	Q3_K_M	4224937408	1000000
library/aya-expanse	aya-expanse:8b-q3_K_L	Q3_K_L	4527975872	1000000
library/aya-expanse	aya-expanse:8b-q4_0	Q4_0	4797459904	1000000
library/aya-expanse	aya-expanse:8b-q4_K_S	Q4_K_S	4828917184	1000000
library/aya-expanse	aya-expanse:8b	Q4_K_M	5056982464	1000000
library/aya-expanse	aya-expanse:8b-q4_1	Q4_1	5233667520	1000000
library/aya-expanse	aya-expanse:8b-q5_0	Q5_0	5669875136	1000000
library/aya-expanse	aya-expanse:8b-q5_K_S	Q5_K_S	5669875136	1000000
library/aya-expanse	aya-expanse:8b-q5_K_M	Q5_K_M	5803568576	1000000
library/aya-expanse	aya-expanse:8b-q5_1	Q5_1	6106082752	1000000
library/aya-expanse	aya-expanse:8b-q6_K	Q6_K	6596816320	1000000
library/aya-expanse	aya-expanse:8b-q8_0	Q8_0	8541072832	1000000
library/aya-expanse	aya-expanse:32b-q2_K	Q2_K	12810763488	1000000
library/aya-expanse	aya-expanse:32b-q3_K_S	Q3_K_S	14708686048	1000000
library/aya-expanse	aya-expanse:8b-fp16	F16	16067227072	1000000
library/aya-expanse	aya-expanse:32b-q3_K_M	Q3_K_M	16231742688	1000000
library/aya-expanse	aya-expanse:32b-q3_K_L	Q3_K_L	17563434208	1000000
library/aya-expanse	aya-expanse:32b-q4_0	Q4_0	18719489248	1000000
library/aya-expanse	aya-expanse:32b-q4_K_S	Q4_K_S	18849512672	1000000
library/aya-expanse	aya-expanse:32b	Q4_K_M	19800833248	1000000
library/aya-expanse	aya-expanse:32b-q4_1	Q4_1	20606926048	1000000
library/aya-expanse	aya-expanse:32b-q5_0	Q5_0	22494362848	1000000
library/aya-expanse	aya-expanse:32b-q5_K_S	Q5_K_S	22494362848	1000000
library/aya-expanse	aya-expanse:32b-q5_K_M	Q5_K_M	23051418848	1000000
library/aya-expanse	aya-expanse:32b-q5_1	Q5_1	24381799648	1000000
library/aya-expanse	aya-expanse:32b-q6_K	Q6_K	26505166048	1000000
library/aya-expanse	aya-expanse:32b-q8_0	Q8_0	34326887648	1000000
library/aya-expanse	aya-expanse:32b-fp16	F16	64604519648	1000000
library/bakllava	bakllava:7b-v1-q2_K	Q2_K	3083097760	884100
library/bakllava	bakllava:7b-v1-q3_K_S	Q3_K_S	3164567200	884100
library/bakllava	bakllava:7b-v1-q3_K_M	Q3_K_M	3518985888	884100
library/bakllava	bakllava:7b-v1-q3_K_L	Q3_K_L	3822024352	884100
library/bakllava	bakllava:7b	Q4_0	4108916384	884100
library/bakllava	bakllava:7b-v1-q4_K_S	Q4_K_S	4140373664	884100
library/bakllava	bakllava:7b-v1-q4_K_M	Q4_K_M	4368438944	884100
library/bakllava	bakllava:7b-v1-q4_1	Q4_1	4553316000	884100
library/bakllava	bakllava:7b-v1-q5_0	Q5_0	4997715616	884100
library/bakllava	bakllava:7b-v1-q5_K_S	Q5_K_S	4997715616	884100
library/bakllava	bakllava:7b-v1-q5_K_M	Q5_K_M	5131409056	884100
library/bakllava	bakllava:7b-v1-q5_1	Q5_1	5442115232	884100
library/bakllava	bakllava:7b-v1-q6_K	Q6_K	5942064800	884100
library/bakllava	bakllava:7b-v1-q8_0	Q8_0	7695857312	884100
library/bakllava	bakllava:7b-v1-fp16	F16	14484731520	884100
library/bge-m3	bge-m3:567m	F16	1157671200	6300000
library/codegeex4	codegeex4:9b-all-q2_K	Q2_K	3991897216	688200
library/codegeex4	codegeex4:9b-all-q3_K_S	Q3_K_S	4587422848	688200
library/codegeex4	codegeex4:9b-all-q3_K_M	Q3_K_M	5064328320	688200
library/codegeex4	codegeex4:9b-all-q3_K_L	Q3_K_L	5281449088	688200
library/codegeex4	codegeex4:9b	Q4_0	5455316096	688200
library/codegeex4	codegeex4:9b-all-q4_K_S	Q4_K_S	5753341056	688200
library/codegeex4	codegeex4:9b-all-q4_1	Q4_1	6003983488	688200
library/codegeex4	codegeex4:9b-all-q4_K_M	Q4_K_M	6250923136	688200
library/codegeex4	codegeex4:9b-all-q5_0	Q5_0	6552650880	688200
library/codegeex4	codegeex4:9b-all-q5_K_S	Q5_K_S	6692897920	688200
library/codegeex4	codegeex4:9b-all-q5_1	Q5_1	7101318272	688200
library/codegeex4	codegeex4:9b-all-q5_K_M	Q5_K_M	7143785600	688200
library/codegeex4	codegeex4:9b-all-q6_K	Q6_K	8262026368	688200
library/codegeex4	codegeex4:9b-all-q8_0	Q8_0	9994994816	688200
library/codegeex4	codegeex4:9b-all-fp16	F16	18806965376	688200
library/codegemma	codegemma:2b-code-q2_K	Q2_K	1157924160	3200000
library/codegemma	codegemma:2b-code-v1.1-q2_K	Q2_K	1157924160	3200000
library/codegemma	codegemma:2b-code-q3_K_S	Q3_K_S	1287980352	3200000
library/codegemma	codegemma:2b-code-v1.1-q3_K_S	Q3_K_S	1287980352	3200000
library/codegemma	codegemma:2b-code-q3_K_M	Q3_K_M	1383802176	3200000
library/codegemma	codegemma:2b-code-v1.1-q3_K_M	Q3_K_M	1383802176	3200000
library/codegemma	codegemma:2b-code-q3_K_L	Q3_K_L	1465591104	3200000
library/codegemma	codegemma:2b-code-v1.1-q3_K_L	Q3_K_L	1465591104	3200000
library/codegemma	codegemma:2b	Q4_0	1551189312	3200000
library/codegemma	codegemma:2b-code-q4_0	Q4_0	1551189312	3200000
library/codegemma	codegemma:2b-code-q4_K_S	Q4_K_S	1559840064	3200000
library/codegemma	codegemma:2b-code-v1.1-q4_K_S	Q4_K_S	1559840064	3200000
library/codegemma	codegemma:2b-code-q4_K_M	Q4_K_M	1630262592	3200000
library/codegemma	codegemma:2b-code-v1.1-q4_K_M	Q4_K_M	1630262592	3200000
library/codegemma	codegemma:2b-code-q4_1	Q4_1	1675052352	3200000
library/codegemma	codegemma:2b-code-v1.1-q4_1	Q4_1	1675052352	3200000
library/codegemma	codegemma:2b-code-q5_0	Q5_0	1798915392	3200000
library/codegemma	codegemma:2b-code-q5_K_S	Q5_K_S	1798915392	3200000
library/codegemma	codegemma:2b-code-v1.1-q5_0	Q5_0	1798915392	3200000
library/codegemma	codegemma:2b-code-v1.1-q5_K_S	Q5_K_S	1798915392	3200000
library/codegemma	codegemma:2b-code-q5_K_M	Q5_K_M	1839650112	3200000
library/codegemma	codegemma:2b-code-v1.1-q5_K_M	Q5_K_M	1839650112	3200000
library/codegemma	codegemma:2b-code-q5_1	Q5_1	1922778432	3200000
library/codegemma	codegemma:2b-code-v1.1-q5_1	Q5_1	1922778432	3200000
library/codegemma	codegemma:2b-code-q6_K	Q6_K	2062124352	3200000
library/codegemma	codegemma:2b-code-v1.1-q6_K	Q6_K	2062124352	3200000
library/codegemma	codegemma:2b-code-q8_0	Q8_0	2669069632	3200000
library/codegemma	codegemma:2b-code-v1.1-q8_0	Q8_0	2669069632	3200000
library/codegemma	codegemma:7b-code-q2_K	Q2_K	3481446976	3200000
library/codegemma	codegemma:7b-instruct-v1.1-q2_K	Q2_K	3481446976	3200000
library/codegemma	codegemma:7b-instruct-q2_K	Q2_K	3481447424	3200000
library/codegemma	codegemma:7b-code-q3_K_S	Q3_K_S	3982404160	3200000
library/codegemma	codegemma:7b-instruct-v1.1-q3_K_S	Q3_K_S	3982404160	3200000
library/codegemma	codegemma:7b-instruct-q3_K_S	Q3_K_S	3982404608	3200000
library/codegemma	codegemma:7b-code-q3_K_M	Q3_K_M	4369328704	3200000
library/codegemma	codegemma:7b-instruct-v1.1-q3_K_M	Q3_K_M	4369328704	3200000
library/codegemma	codegemma:7b-instruct-q3_K_M	Q3_K_M	4369329152	3200000
library/codegemma	codegemma:7b-code-q3_K_L	Q3_K_L	4709067328	3200000
library/codegemma	codegemma:7b-instruct-v1.1-q3_K_L	Q3_K_L	4709067328	3200000
library/codegemma	codegemma:7b-instruct-q3_K_L	Q3_K_L	4709067776	3200000
library/codegemma	codegemma:7b	Q4_0	5011843648	3200000
library/codegemma	codegemma:7b-code	Q4_0	5011843648	3200000
library/codegemma	codegemma:7b-instruct-q4_0	Q4_0	5011844096	3200000
library/codegemma	codegemma:2b-code-fp16	F16	5018535168	3200000
library/codegemma	codegemma:2b-code-v1.1-fp16	F16	5018535168	3200000
library/codegemma	codegemma:7b-code-q4_K_S	Q4_K_S	5046446656	3200000
library/codegemma	codegemma:7b-instruct-v1.1-q4_K_S	Q4_K_S	5046446656	3200000
library/codegemma	codegemma:7b-instruct-q4_K_S	Q4_K_S	5046447104	3200000
library/codegemma	codegemma:7b-code-q4_K_M	Q4_K_M	5329758592	3200000
library/codegemma	codegemma:7b-instruct-v1.1-q4_K_M	Q4_K_M	5329758784	3200000
library/codegemma	codegemma:7b-instruct-q4_K_M	Q4_K_M	5329759232	3200000
library/codegemma	codegemma:7b-code-q4_1	Q4_1	5496285760	3200000
library/codegemma	codegemma:7b-instruct-v1.1-q4_1	Q4_1	5496285760	3200000
library/codegemma	codegemma:7b-instruct-q4_1	Q4_1	5496286208	3200000
library/codegemma	codegemma:7b-code-q5_K_S	Q5_K_S	5980727680	3200000
library/codegemma	codegemma:7b-code-q5_0	Q5_0	5980727872	3200000
library/codegemma	codegemma:7b-instruct-v1.1-q5_0	Q5_0	5980727872	3200000
library/codegemma	codegemma:7b-instruct-v1.1-q5_K_S	Q5_K_S	5980727872	3200000
library/codegemma	codegemma:7b-instruct-q5_0	Q5_0	5980728320	3200000
library/codegemma	codegemma:7b-instruct-q5_K_S	Q5_K_S	5980728320	3200000
library/codegemma	codegemma:7b-code-q5_K_M	Q5_K_M	6144502144	3200000
library/codegemma	codegemma:7b-instruct-v1.1-q5_K_M	Q5_K_M	6144502336	3200000
library/codegemma	codegemma:7b-instruct-q5_K_M	Q5_K_M	6144502784	3200000
library/codegemma	codegemma:7b-code-q5_1	Q5_1	6465169984	3200000
library/codegemma	codegemma:7b-instruct-v1.1-q5_1	Q5_1	6465169984	3200000
library/codegemma	codegemma:7b-instruct-q5_1	Q5_1	6465170432	3200000
library/codegemma	codegemma:7b-code-q6_K	Q6_K	7010167360	3200000
library/codegemma	codegemma:7b-instruct-v1.1-q6_K	Q6_K	7010167360	3200000
library/codegemma	codegemma:7b-instruct-q6_K	Q6_K	7010167808	3200000
library/codegemma	codegemma:7b-code-q8_0	Q8_0	9077844544	3200000
library/codegemma	codegemma:7b-instruct-v1.1-q8_0	Q8_0	9077844544	3200000
library/codegemma	codegemma:7b-instruct-q8_0	Q8_0	9077844992	3200000
library/codegemma	codegemma:7b-code-fp16	F16	17081756160	3200000
library/codegemma	codegemma:7b-instruct-v1.1-fp16	F16	17081756192	3200000
library/codegemma	codegemma:7b-instruct-fp16	F16	17081756640	3200000
library/codellama	codellama:7b-python-q2_K	Q2_K	2825940704	6000000
library/codellama	codellama:7b-code-q2_K	Q2_K	2826016416	6000000
library/codellama	codellama:7b-instruct-q2_K	Q2_K	2826016416	6000000
library/codellama	codellama:7b-python-q3_K_S	Q3_K_S	2948304608	6000000
library/codellama	codellama:7b-code-q3_K_S	Q3_K_S	2948386976	6000000
library/codellama	codellama:7b-instruct-q3_K_S	Q3_K_S	2948386976	6000000
library/codellama	codellama:7b-python-q3_K_M	Q3_K_M	3298004704	6000000
library/codellama	codellama:7b-code-q3_K_M	Q3_K_M	3298087072	6000000
library/codellama	codellama:7b-instruct-q3_K_M	Q3_K_M	3298087072	6000000
library/codellama	codellama:7b-python-q3_K_L	Q3_K_L	3597111008	6000000
library/codellama	codellama:7b-code-q3_K_L	Q3_K_L	3597193376	6000000
library/codellama	codellama:7b-instruct-q3_K_L	Q3_K_L	3597193376	6000000
library/codellama	codellama:python	Q4_0	3825807072	6000000
library/codellama	codellama:7b	Q4_0	3825898144	6000000
library/codellama	codellama:code	Q4_0	3825898144	6000000
library/codellama	codellama:7b-python-q4_K_S	Q4_K_S	3856740064	6000000
library/codellama	codellama:7b-code-q4_K_S	Q4_K_S	3856831136	6000000
library/codellama	codellama:7b-instruct-q4_K_S	Q4_K_S	3856831136	6000000
library/codellama	codellama:7b-python-q4_K_M	Q4_K_M	4081004256	6000000
library/codellama	codellama:7b-code-q4_K_M	Q4_K_M	4081095328	6000000
library/codellama	codellama:7b-instruct-q4_K_M	Q4_K_M	4081095328	6000000
library/codellama	codellama:7b-python-q4_1	Q4_1	4238749408	6000000
library/codellama	codellama:7b-code-q4_1	Q4_1	4238844576	6000000
library/codellama	codellama:7b-instruct-q4_1	Q4_1	4238844576	6000000
library/codellama	codellama:7b-python-q5_0	Q5_0	4651691744	6000000
library/codellama	codellama:7b-python-q5_K_S	Q5_K_S	4651691744	6000000
library/codellama	codellama:7b-code-q5_0	Q5_0	4651791008	6000000
library/codellama	codellama:7b-code-q5_K_S	Q5_K_S	4651791008	6000000
library/codellama	codellama:7b-instruct-q5_0	Q5_0	4651791008	6000000
library/codellama	codellama:7b-instruct-q5_K_S	Q5_K_S	4651791008	6000000
library/codellama	codellama:7b-python-q5_K_M	Q5_K_M	4783156960	6000000
library/codellama	codellama:7b-code-q5_K_M	Q5_K_M	4783256224	6000000
library/codellama	codellama:7b-instruct-q5_K_M	Q5_K_M	4783256224	6000000
library/codellama	codellama:7b-python-q5_1	Q5_1	5064634080	6000000
library/codellama	codellama:7b-code-q5_1	Q5_1	5064737440	6000000
library/codellama	codellama:7b-instruct-q5_1	Q5_1	5064737440	6000000
library/codellama	codellama:13b-python-q2_K	Q2_K	5429348288	6000000
library/codellama	codellama:13b-code-q2_K	Q2_K	5429442816	6000000
library/codellama	codellama:13b-instruct-q2_K	Q2_K	5429442816	6000000
library/codellama	codellama:7b-python-q6_K	Q6_K	5529194208	6000000
library/codellama	codellama:7b-code-q6_K	Q6_K	5529302176	6000000
library/codellama	codellama:7b-instruct-q6_K	Q6_K	5529302176	6000000
library/codellama	codellama:13b-python-q3_K_S	Q3_K_S	5658980288	6000000
library/codellama	codellama:13b-code-q3_K_S	Q3_K_S	5659083136	6000000
library/codellama	codellama:13b-instruct-q3_K_S	Q3_K_S	5659083136	6000000
library/codellama	codellama:13b-python-q3_K_M	Q3_K_M	6337769408	6000000
library/codellama	codellama:13b-code-q3_K_M	Q3_K_M	6337872256	6000000
library/codellama	codellama:13b-instruct-q3_K_M	Q3_K_M	6337872256	6000000
library/codellama	codellama:13b-python-q3_K_L	Q3_K_L	6929559488	6000000
library/codellama	codellama:13b-code-q3_K_L	Q3_K_L	6929662336	6000000
library/codellama	codellama:13b-instruct-q3_K_L	Q3_K_L	6929662336	6000000
library/codellama	codellama:7b-python-q8_0	Q8_0	7161089760	6000000
library/codellama	codellama:7b-code-q8_0	Q8_0	7161229472	6000000
library/codellama	codellama:7b-instruct-q8_0	Q8_0	7161229472	6000000
library/codellama	codellama:13b-python	Q4_0	7365834688	6000000
library/codellama	codellama:13b	Q4_0	7365948416	6000000
library/codellama	codellama:13b-code	Q4_0	7365948416	6000000
library/codellama	codellama:13b-python-q4_K_S	Q4_K_S	7414331328	6000000
library/codellama	codellama:13b-code-q4_K_S	Q4_K_S	7414445056	6000000
library/codellama	codellama:13b-instruct-q4_K_S	Q4_K_S	7414445056	6000000
library/codellama	codellama:13b-python-q4_K_M	Q4_K_M	7865956288	6000000
library/codellama	codellama:13b-code-q4_K_M	Q4_K_M	7866070016	6000000
library/codellama	codellama:13b-instruct-q4_K_M	Q4_K_M	7866070016	6000000
library/codellama	codellama:13b-python-q4_1	Q4_1	8169060288	6000000
library/codellama	codellama:13b-code-q4_1	Q4_1	8169179136	6000000
library/codellama	codellama:13b-instruct-q4_1	Q4_1	8169179136	6000000
library/codellama	codellama:13b-python-q5_0	Q5_0	8972285888	6000000
library/codellama	codellama:13b-python-q5_K_S	Q5_K_S	8972285888	6000000
library/codellama	codellama:13b-code-q5_0	Q5_0	8972409856	6000000
library/codellama	codellama:13b-code-q5_K_S	Q5_K_S	8972409856	6000000
library/codellama	codellama:13b-instruct-q5_0	Q5_0	8972409856	6000000
library/codellama	codellama:13b-instruct-q5_K_S	Q5_K_S	8972409856	6000000
library/codellama	codellama:13b-python-q5_K_M	Q5_K_M	9229924288	6000000
library/codellama	codellama:13b-code-q5_K_M	Q5_K_M	9230048256	6000000
library/codellama	codellama:13b-instruct-q5_K_M	Q5_K_M	9230048256	6000000
library/codellama	codellama:13b-python-q5_1	Q5_1	9775511488	6000000
library/codellama	codellama:13b-code-q5_1	Q5_1	9775640576	6000000
library/codellama	codellama:13b-instruct-q5_1	Q5_1	9775640576	6000000
library/codellama	codellama:13b-python-q6_K	Q6_K	10679140288	6000000
library/codellama	codellama:13b-code-q6_K	Q6_K	10679275136	6000000
library/codellama	codellama:13b-instruct-q6_K	Q6_K	10679275136	6000000
library/codellama	codellama:7b-python-fp16	F16	13478104768	6000000
library/codellama	codellama:7b-code-fp16	F16	13478367360	6000000
library/codellama	codellama:7b-instruct-fp16	F16	13478367360	6000000
library/codellama	codellama:13b-python-q8_0	Q8_0	13831319488	6000000
library/codellama	codellama:13b-code-q8_0	Q8_0	13831494016	6000000
library/codellama	codellama:13b-instruct-q8_0	Q8_0	13831494016	6000000
library/codellama	codellama:34b-code-q2_K	Q2_K	14210674816	6000000
library/codellama	codellama:34b-instruct-q2_K	Q2_K	14210674816	6000000
library/codellama	codellama:34b-python-q2_K	Q2_K	14210674816	6000000
library/codellama	codellama:34b-code-q3_K_S	Q3_K_S	14605348992	6000000
library/codellama	codellama:34b-instruct-q3_K_S	Q3_K_S	14605348992	6000000
library/codellama	codellama:34b-python-q3_K_S	Q3_K_S	14605348992	6000000
library/codellama	codellama:34b-code-q3_K_M	Q3_K_M	16283594880	6000000
library/codellama	codellama:34b-instruct-q3_K_M	Q3_K_M	16283594880	6000000
library/codellama	codellama:34b-python-q3_K_M	Q3_K_M	16283594880	6000000
library/codellama	codellama:34b-code-q3_K_L	Q3_K_L	17771524224	6000000
library/codellama	codellama:34b-instruct-q3_K_L	Q3_K_L	17771524224	6000000
library/codellama	codellama:34b-python-q3_K_L	Q3_K_L	17771524224	6000000
library/codellama	codellama:34b	Q4_0	19052048512	6000000
library/codellama	codellama:34b-code	Q4_0	19052048512	6000000
library/codellama	codellama:34b-python	Q4_0	19052048512	6000000
library/codellama	codellama:34b-code-q4_K_S	Q4_K_S	19146420352	6000000
library/codellama	codellama:34b-instruct-q4_K_S	Q4_K_S	19146420352	6000000
library/codellama	codellama:34b-python-q4_K_S	Q4_K_S	19146420352	6000000
library/codellama	codellama:34b-code-q4_K_M	Q4_K_M	20219900032	6000000
library/codellama	codellama:34b-instruct-q4_K_M	Q4_K_M	20219900032	6000000
library/codellama	codellama:34b-python-q4_K_M	Q4_K_M	20219900032	6000000
library/codellama	codellama:34b-code-q4_1	Q4_1	21144612992	6000000
library/codellama	codellama:34b-instruct-q4_1	Q4_1	21144612992	6000000
library/codellama	codellama:34b-python-q4_1	Q4_1	21144612992	6000000
library/codellama	codellama:34b-code-q5_0	Q5_0	23237177472	6000000
library/codellama	codellama:34b-code-q5_K_S	Q5_K_S	23237177472	6000000
library/codellama	codellama:34b-instruct-q5_0	Q5_0	23237177472	6000000
library/codellama	codellama:34b-instruct-q5_K_S	Q5_K_S	23237177472	6000000
library/codellama	codellama:34b-python-q5_0	Q5_0	23237177472	6000000
library/codellama	codellama:34b-python-q5_K_S	Q5_K_S	23237177472	6000000
library/codellama	codellama:34b-code-q5_K_M	Q5_K_M	23838797952	6000000
library/codellama	codellama:34b-instruct-q5_K_M	Q5_K_M	23838797952	6000000
library/codellama	codellama:34b-python-q5_K_M	Q5_K_M	23838797952	6000000
library/codellama	codellama:34b-code-q5_1	Q5_1	25329741952	6000000
library/codellama	codellama:34b-instruct-q5_1	Q5_1	25329741952	6000000
library/codellama	codellama:34b-python-q5_1	Q5_1	25329741952	6000000
library/codellama	codellama:70b-code-q2_K	Q2_K	25462587840	6000000
library/codellama	codellama:70b-instruct-q2_K	Q2_K	25462587840	6000000
library/codellama	codellama:70b-python-q2_K	Q2_K	25462587840	6000000
library/codellama	codellama:13b-python-fp16	F16	26033303424	6000000
library/codellama	codellama:13b-code-fp16	F16	26033631552	6000000
library/codellama	codellama:13b-instruct-fp16	F16	26033631552	6000000
library/codellama	codellama:34b-code-q6_K	Q6_K	27683876992	6000000
library/codellama	codellama:34b-instruct-q6_K	Q6_K	27683876992	6000000
library/codellama	codellama:34b-python-q6_K	Q6_K	27683876992	6000000
library/codellama	codellama:70b-code-q3_K_S	Q3_K_S	29919458752	6000000
library/codellama	codellama:70b-instruct-q3_K_S	Q3_K_S	29919458752	6000000
library/codellama	codellama:70b-python-q3_K_S	Q3_K_S	29919458752	6000000
library/codellama	codellama:70b-code-q3_K_M	Q3_K_M	33274901952	6000000
library/codellama	codellama:70b-instruct-q3_K_M	Q3_K_M	33274901952	6000000
library/codellama	codellama:70b-python-q3_K_M	Q3_K_M	33274901952	6000000
library/codellama	codellama:34b-code-q8_0	Q8_0	35856052352	6000000
library/codellama	codellama:34b-instruct-q8_0	Q8_0	35856052352	6000000
library/codellama	codellama:34b-python-q8_0	Q8_0	35856052352	6000000
library/codellama	codellama:70b-code-q3_K_L	Q3_K_L	36148000192	6000000
library/codellama	codellama:70b-instruct-q3_K_L	Q3_K_L	36148000192	6000000
library/codellama	codellama:70b-python-q3_K_L	Q3_K_L	36148000192	6000000
library/codellama	codellama:70b	Q4_0	38872431040	6000000
library/codellama	codellama:70b-code	Q4_0	38872431040	6000000
library/codellama	codellama:70b-python	Q4_0	38872431040	6000000
library/codellama	codellama:70b-code-q4_K_S	Q4_K_S	39249918400	6000000
library/codellama	codellama:70b-instruct-q4_K_S	Q4_K_S	39249918400	6000000
library/codellama	codellama:70b-python-q4_K_S	Q4_K_S	39249918400	6000000
library/codellama	codellama:70b-code-q4_K_M	Q4_K_M	41423092160	6000000
library/codellama	codellama:70b-instruct-q4_K_M	Q4_K_M	41423092160	6000000
library/codellama	codellama:70b-python-q4_K_M	Q4_K_M	41423092160	6000000
library/codellama	codellama:70b-code-q4_1	Q4_1	43167013312	6000000
library/codellama	codellama:70b-instruct-q4_1	Q4_1	43167013312	6000000
library/codellama	codellama:70b-python-q4_1	Q4_1	43167013312	6000000
library/codellama	codellama:70b-code-q5_0	Q5_0	47461595584	6000000
library/codellama	codellama:70b-code-q5_K_S	Q5_K_S	47461595584	6000000
library/codellama	codellama:70b-instruct-q5_0	Q5_0	47461595584	6000000
library/codellama	codellama:70b-instruct-q5_K_S	Q5_K_S	47461595584	6000000
library/codellama	codellama:70b-python-q5_0	Q5_0	47461595584	6000000
library/codellama	codellama:70b-python-q5_K_S	Q5_K_S	47461595584	6000000
library/codellama	codellama:70b-code-q5_K_M	Q5_K_M	48753965504	6000000
library/codellama	codellama:70b-instruct-q5_K_M	Q5_K_M	48753965504	6000000
library/codellama	codellama:70b-python-q5_K_M	Q5_K_M	48753965504	6000000
library/codellama	codellama:70b-code-q5_1	Q5_1	51756177856	6000000
library/codellama	codellama:70b-instruct-q5_1	Q5_1	51756177856	6000000
library/codellama	codellama:70b-python-q5_1	Q5_1	51756177856	6000000
library/codellama	codellama:70b-code-q6_K	Q6_K	56587582912	6000000
library/codellama	codellama:70b-python-q6_K	Q6_K	56587582912	6000000
library/codellama	codellama:70b-instruct-q6_K	Q6_K	56587583488	6000000
library/codellama	codellama:34b-instruct-fp16	F16	67490279520	6000000
library/codellama	codellama:34b-python-fp16	F16	67490279520	6000000
library/codellama	codellama:70b-code-q8_0	Q8_0	73292608960	6000000
library/codellama	codellama:70b-instruct-q8_0	Q8_0	73292608960	6000000
library/codellama	codellama:70b-python-q8_0	Q8_0	73292608960	6000000
library/codellama	codellama:70b-code-fp16	F16	137957225856	6000000
library/codellama	codellama:70b-python-fp16	F16	137957225856	6000000
library/codellama	codellama:70b-instruct-fp16	F16	137957226432	6000000
library/codeqwen	codeqwen:7b-chat-v1.5-q2_K	Q2_K	3052103776	1100000
library/codeqwen	codeqwen:7b-chat-v1.5-q3_K_S	Q3_K_S	3500804192	1100000
library/codeqwen	codeqwen:7b-chat-v1.5-q3_K_M	Q3_K_M	3808626784	1100000
library/codeqwen	codeqwen:7b-chat-v1.5-q3_K_L	Q3_K_L	3986819168	1100000
library/codeqwen	codeqwen:code	Q4_0	4179437280	1100000
library/codeqwen	codeqwen:7b	Q4_0	4179437664	1100000
library/codeqwen	codeqwen:7b-chat-v1.5-q4_K_S	Q4_K_S	4414449760	1100000
library/codeqwen	codeqwen:7b-code-v1.5-q4_1	Q4_1	4608894688	1100000
library/codeqwen	codeqwen:7b-chat-v1.5-q4_1	Q4_1	4608895072	1100000
library/codeqwen	codeqwen:7b-chat-v1.5-q4_K_M	Q4_K_M	4738590816	1100000
library/codeqwen	codeqwen:7b-code-v1.5-q5_0	Q5_0	5038352096	1100000
library/codeqwen	codeqwen:7b-chat-v1.5-q5_0	Q5_0	5038352480	1100000
library/codeqwen	codeqwen:7b-chat-v1.5-q5_K_S	Q5_K_S	5148452960	1100000
library/codeqwen	codeqwen:7b-chat-v1.5-q5_K_M	Q5_K_M	5428160608	1100000
library/codeqwen	codeqwen:7b-code-v1.5-q5_1	Q5_1	5467809504	1100000
library/codeqwen	codeqwen:7b-chat-v1.5-q5_1	Q5_1	5467809888	1100000
library/codeqwen	codeqwen:7b-chat-v1.5-q6_K	Q6_K	6377588832	1100000
library/codeqwen	codeqwen:7b-code-v1.5-q8_0	Q8_0	7706773216	1100000
library/codeqwen	codeqwen:7b-chat-v1.5-q8_0	Q8_0	7706773600	1100000
library/codeqwen	codeqwen:7b-code-v1.5-fp16	F16	14503511744	1100000
library/codeqwen	codeqwen:7b-chat-v1.5-fp16	F16	14503512160	1100000
library/codestral	codestral:22b-v0.1-q2_K	Q2_K	8272093280	1300000
library/codestral	codestral:22b-v0.1-q3_K_S	Q3_K_S	9641271392	1300000
library/codestral	codestral:22b-v0.1-q3_K_M	Q3_K_M	10756825184	1300000
library/codestral	codestral:22b-v0.1-q3_K_L	Q3_K_L	11730428000	1300000
library/codestral	codestral:22b	Q4_0	12569157728	1300000
library/codestral	codestral:22b-v0.1-q4_K_S	Q4_K_S	12660383840	1300000
library/codestral	codestral:22b-v0.1-q4_K_M	Q4_K_M	13341237344	1300000
library/codestral	codestral:22b-v0.1-q4_1	Q4_1	13946986592	1300000
library/codestral	codestral:22b-v0.1-q5_0	Q5_0	15324815456	1300000
library/codestral	codestral:22b-v0.1-q5_K_S	Q5_K_S	15324815456	1300000
library/codestral	codestral:22b-v0.1-q5_K_M	Q5_K_M	15722553440	1300000
library/codestral	codestral:22b-v0.1-q5_1	Q5_1	16702644320	1300000
library/codestral	codestral:22b-v0.1-q6_K	Q6_K	18252701792	1300000
library/codestral	codestral:22b-v0.1-q8_0	Q8_0	23640547424	1300000
library/cogito	cogito:3b	Q4_K_M	2241004448	2100000
library/cogito	cogito:3b-v1-preview-llama-q8_0	Q8_0	3840527264	2100000
library/cogito	cogito:8b	Q4_K_M	4920738848	2100000
library/cogito	cogito:3b-v1-preview-llama-fp16	F16	7221693344	2100000
library/cogito	cogito:8b-v1-preview-llama-q8_0	Q8_0	8540775456	2100000
library/cogito	cogito:14b	Q4_K_M	8985277984	2100000
library/cogito	cogito:14b-v1-preview-qwen-q8_0	Q8_0	15697249120	2100000
library/cogito	cogito:32b	Q4_K_M	19848503584	2100000
library/cogito	cogito:14b-v1-preview-qwen-fp16	F16	29539537120	2100000
library/cogito	cogito:32b-v1-preview-qwen-q8_0	Q8_0	34816536160	2100000
library/cogito	cogito:70b	Q4_K_M	42520398112	2100000
library/cogito	cogito:32b-v1-preview-qwen-fp16	F16	65527790560	2100000
library/cogito	cogito:70b-v1-preview-llama-q8_0	Q8_0	74975054112	2100000
library/cogito	cogito:70b-v1-preview-llama-fp16	F16	141117917472	2100000
library/command-r	command-r:35b-08-2024-q2_K	Q2_K	12810763424	1500000
library/command-r	command-r:35b-v0.1-q2_K	Q2_K	13817386816	1500000
library/command-r	command-r:35b-08-2024-q3_K_S	Q3_K_S	14708685984	1500000
library/command-r	command-r:35b-v0.1-q3_K_S	Q3_K_S	15862110016	1500000
library/command-r	command-r:35b-08-2024-q3_K_M	Q3_K_M	16231742624	1500000
library/command-r	command-r:35b-08-2024-q3_K_L	Q3_K_L	17563434144	1500000
library/command-r	command-r:35b-v0.1-q3_K_M	Q3_K_M	17618474816	1500000
library/command-r	command-r:35b	Q4_0	18719489184	1500000
library/command-r	command-r:35b-08-2024-q4_K_S	Q4_K_S	18849512608	1500000
library/command-r	command-r:35b-v0.1-q3_K_L	Q3_K_L	19149395776	1500000
library/command-r	command-r:35b-08-2024-q4_K_M	Q4_K_M	19800833184	1500000
library/command-r	command-r:v0.1	Q4_0	20229429056	1500000
library/command-r	command-r:35b-v0.1-q4_K_S	Q4_K_S	20378326848	1500000
library/command-r	command-r:35b-08-2024-q4_1	Q4_1	20606925984	1500000
library/command-r	command-r:35b-v0.1-q4_K_M	Q4_K_M	21527041856	1500000
library/command-r	command-r:35b-v0.1-q4_1	Q4_1	22284638016	1500000
library/command-r	command-r:35b-08-2024-q5_0	Q5_0	22494362784	1500000
library/command-r	command-r:35b-08-2024-q5_K_S	Q5_K_S	22494362784	1500000
library/command-r	command-r:35b-08-2024-q5_K_M	Q5_K_M	23051418784	1500000
library/command-r	command-r:35b-v0.1-q5_K_S	Q5_K_S	24339846976	1500000
library/command-r	command-r:35b-08-2024-q5_1	Q5_1	24381799584	1500000
library/command-r	command-r:35b-v0.1-q5_K_M	Q5_K_M	25008314176	1500000
library/command-r	command-r:35b-v0.1-q5_1	Q5_1	26395055936	1500000
library/command-r	command-r:35b-08-2024-q6_K	Q6_K	26505165984	1500000
library/command-r	command-r:35b-v0.1-q6_K	Q6_K	28707166016	1500000
library/command-r	command-r:35b-08-2024-q8_0	Q8_0	34326887584	1500000
library/command-r	command-r:35b-v0.1-q8_0	Q8_0	37179004736	1500000
library/command-r	command-r:35b-08-2024-fp16	F16	64604519584	1500000
library/command-r	command-r:35b-v0.1-fp16	F16	69973219104	1500000
library/command-r-plus	command-r-plus:104b-q2_K	Q2_K	39497377024	796800
library/command-r-plus	command-r-plus:104b-08-2024-q2_K	Q2_K	39497386528	796800
library/command-r-plus	command-r-plus:104b-08-2024-q3_K_S	Q3_K_S	45851757088	796800
library/command-r-plus	command-r-plus:104b-08-2024-q3_K_M	Q3_K_M	50982439456	796800
library/command-r-plus	command-r-plus:104b-08-2024-q3_K_L	Q3_K_L	55402187296	796800
library/command-r-plus	command-r-plus:104b-q4_0	Q4_0	59221091584	796800
library/command-r-plus	command-r-plus:104b	Q4_0	59221101088	796800
library/command-r-plus	command-r-plus:104b-08-2024-q4_K_S	Q4_K_S	59642628640	796800
library/command-r-plus	command-r-plus:104b-08-2024-q4_K_M	Q4_K_M	62750607904	796800
library/command-r-plus	command-r-plus:104b-08-2024-q4_1	Q4_1	65512557088	796800
library/command-r-plus	command-r-plus:104b-08-2024-q5_0	Q5_0	71804013088	796800
library/command-r-plus	command-r-plus:104b-08-2024-q5_K_S	Q5_K_S	71804013088	796800
library/command-r-plus	command-r-plus:104b-08-2024-q5_K_M	Q5_K_M	73622243872	796800
library/command-r-plus	command-r-plus:104b-08-2024-q5_1	Q5_1	78095469088	796800
library/command-r-plus	command-r-plus:104b-08-2024-q6_K	Q6_K	85173357088	796800
library/command-r-plus	command-r-plus:104b-q8_0	Q8_0	110314595584	796800
library/command-r-plus	command-r-plus:104b-08-2024-q8_0	Q8_0	110314605088	796800
library/command-r-plus	command-r-plus:104b-fp16	F16	207635555552	796800
library/command-r-plus	command-r-plus:104b-08-2024-fp16	F16	207635565088	796800
library/deepcoder	deepcoder:1.5b	Q4_K_M	1117321728	948000
library/deepcoder	deepcoder:1.5b-preview-q8_0	Q8_0	1894533120	948000
library/deepcoder	deepcoder:1.5b-preview-fp16	F16	3560417280	948000
library/deepcoder	deepcoder:14b	Q4_K_M	8988111168	948000
library/deepcoder	deepcoder:14b-preview-q8_0	Q8_0	15701598528	948000
library/deepcoder	deepcoder:14b-preview-fp16	F16	29547716928	948000
library/deepscaler	deepscaler:1.5b-preview-q4_K_M	Q4_K_M	1117321824	1300000
library/deepscaler	deepscaler:1.5b-preview-q8_0	Q8_0	1894533216	1300000
library/deepscaler	deepscaler:1.5b	F16	3560417376	1300000
library/deepseek-coder	deepseek-coder:1.3b-base-q2_K	Q2_K	631705728	4600000
library/deepseek-coder	deepseek-coder:1.3b-instruct-q2_K	Q2_K	631706816	4600000
library/deepseek-coder	deepseek-coder:1.3b-base-q3_K_S	Q3_K_S	658862208	4600000
library/deepseek-coder	deepseek-coder:1.3b-instruct-q3_K_S	Q3_K_S	658863296	4600000
library/deepseek-coder	deepseek-coder:1.3b-base-q3_K_M	Q3_K_M	704966784	4600000
library/deepseek-coder	deepseek-coder:1.3b-instruct-q3_K_M	Q3_K_M	704967872	4600000
library/deepseek-coder	deepseek-coder:1.3b-base-q3_K_L	Q3_K_L	744583296	4600000
library/deepseek-coder	deepseek-coder:1.3b-instruct-q3_K_L	Q3_K_L	744584384	4600000
library/deepseek-coder	deepseek-coder:base	Q4_0	776065152	4600000
library/deepseek-coder	deepseek-coder:1.3b	Q4_0	776066240	4600000
library/deepseek-coder	deepseek-coder:1.3b-base-q4_K_S	Q4_K_S	814796928	4600000
library/deepseek-coder	deepseek-coder:1.3b-instruct-q4_K_S	Q4_K_S	814798016	4600000
library/deepseek-coder	deepseek-coder:1.3b-base-q4_1	Q4_1	856084608	4600000
library/deepseek-coder	deepseek-coder:1.3b-instruct-q4_1	Q4_1	856085696	4600000
library/deepseek-coder	deepseek-coder:1.3b-base-q4_K_M	Q4_K_M	873582720	4600000
library/deepseek-coder	deepseek-coder:1.3b-instruct-q4_K_M	Q4_K_M	873583808	4600000
library/deepseek-coder	deepseek-coder:1.3b-base-q5_0	Q5_0	936104064	4600000
library/deepseek-coder	deepseek-coder:1.3b-instruct-q5_0	Q5_0	936105152	4600000
library/deepseek-coder	deepseek-coder:1.3b-base-q5_K_S	Q5_K_S	953012352	4600000
library/deepseek-coder	deepseek-coder:1.3b-instruct-q5_K_S	Q5_K_S	953013440	4600000
library/deepseek-coder	deepseek-coder:1.3b-base-q5_K_M	Q5_K_M	1001967744	4600000
library/deepseek-coder	deepseek-coder:1.3b-instruct-q5_K_M	Q5_K_M	1001968832	4600000
library/deepseek-coder	deepseek-coder:1.3b-base-q5_1	Q5_1	1016123520	4600000
library/deepseek-coder	deepseek-coder:1.3b-instruct-q5_1	Q5_1	1016124608	4600000
library/deepseek-coder	deepseek-coder:1.3b-base-q6_K	Q6_K	1171665024	4600000
library/deepseek-coder	deepseek-coder:1.3b-instruct-q6_K	Q6_K	1171666112	4600000
library/deepseek-coder	deepseek-coder:1.3b-base-q8_0	Q8_0	1432219776	4600000
library/deepseek-coder	deepseek-coder:1.3b-instruct-q8_0	Q8_0	1432220864	4600000
library/deepseek-coder	deepseek-coder:1.3b-base-fp16	F16	2694443104	4600000
library/deepseek-coder	deepseek-coder:1.3b-instruct-fp16	F16	2694444160	4600000
library/deepseek-coder	deepseek-coder:6.7b-base-q2_K	Q2_K	2827706688	4600000
library/deepseek-coder	deepseek-coder:6.7b-instruct-q2_K	Q2_K	2827707776	4600000
library/deepseek-coder	deepseek-coder:6.7b-base-q3_K_S	Q3_K_S	2950177088	4600000
library/deepseek-coder	deepseek-coder:6.7b-instruct-q3_K_S	Q3_K_S	2950178176	4600000
library/deepseek-coder	deepseek-coder:6.7b-base-q3_K_M	Q3_K_M	3299877184	4600000
library/deepseek-coder	deepseek-coder:6.7b-instruct-q3_K_M	Q3_K_M	3299878272	4600000
library/deepseek-coder	deepseek-coder:6.7b-base-q3_K_L	Q3_K_L	3598983488	4600000
library/deepseek-coder	deepseek-coder:6.7b-instruct-q3_K_L	Q3_K_L	3598984576	4600000
library/deepseek-coder	deepseek-coder:6.7b-base	Q4_0	3827818816	4600000
library/deepseek-coder	deepseek-coder:6.7b	Q4_0	3827819904	4600000
library/deepseek-coder	deepseek-coder:6.7b-base-q4_K_S	Q4_K_S	3858751808	4600000
library/deepseek-coder	deepseek-coder:6.7b-instruct-q4_K_S	Q4_K_S	3858752896	4600000
library/deepseek-coder	deepseek-coder:6.7b-base-q4_K_M	Q4_K_M	4083016000	4600000
library/deepseek-coder	deepseek-coder:6.7b-instruct-q4_K_M	Q4_K_M	4083017088	4600000
library/deepseek-coder	deepseek-coder:6.7b-base-q4_1	Q4_1	4240826688	4600000
library/deepseek-coder	deepseek-coder:6.7b-instruct-q4_1	Q4_1	4240827776	4600000
library/deepseek-coder	deepseek-coder:6.7b-base-q5_0	Q5_0	4653834560	4600000
library/deepseek-coder	deepseek-coder:6.7b-base-q5_K_S	Q5_K_S	4653834560	4600000
library/deepseek-coder	deepseek-coder:6.7b-instruct-q5_0	Q5_0	4653835648	4600000
library/deepseek-coder	deepseek-coder:6.7b-instruct-q5_K_S	Q5_K_S	4653835648	4600000
library/deepseek-coder	deepseek-coder:6.7b-base-q5_K_M	Q5_K_M	4785299776	4600000
library/deepseek-coder	deepseek-coder:6.7b-instruct-q5_K_M	Q5_K_M	4785300864	4600000
library/deepseek-coder	deepseek-coder:6.7b-base-q5_1	Q5_1	5066842432	4600000
library/deepseek-coder	deepseek-coder:6.7b-instruct-q5_1	Q5_1	5066843520	4600000
library/deepseek-coder	deepseek-coder:6.7b-base-q6_K	Q6_K	5531476288	4600000
library/deepseek-coder	deepseek-coder:6.7b-instruct-q6_K	Q6_K	5531477376	4600000
library/deepseek-coder	deepseek-coder:6.7b-base-q8_0	Q8_0	7163879744	4600000
library/deepseek-coder	deepseek-coder:6.7b-instruct-q8_0	Q8_0	7163880832	4600000
library/deepseek-coder	deepseek-coder:6.7b-base-fp16	F16	13482860832	4600000
library/deepseek-coder	deepseek-coder:6.7b-instruct-fp16	F16	13482861920	4600000
library/deepseek-coder	deepseek-coder:33b-base-q2_K	Q2_K	14028664928	4600000
library/deepseek-coder	deepseek-coder:33b-instruct-q2_K	Q2_K	14028666016	4600000
library/deepseek-coder	deepseek-coder:33b-base-q3_K_S	Q3_K_S	14421901408	4600000
library/deepseek-coder	deepseek-coder:33b-instruct-q3_K_S	Q3_K_S	14421902496	4600000
library/deepseek-coder	deepseek-coder:33b-base-q3_K_M	Q3_K_M	16074928224	4600000
library/deepseek-coder	deepseek-coder:33b-instruct-q3_K_M	Q3_K_M	16074929312	4600000
library/deepseek-coder	deepseek-coder:33b-base-q3_K_L	Q3_K_L	17560367200	4600000
library/deepseek-coder	deepseek-coder:33b-instruct-q3_K_L	Q3_K_L	17560368288	4600000
library/deepseek-coder	deepseek-coder:33b-base	Q4_0	18819440736	4600000
library/deepseek-coder	deepseek-coder:33b	Q4_0	18819441824	4600000
library/deepseek-coder	deepseek-coder:33b-base-q4_K_S	Q4_K_S	18891923552	4600000
library/deepseek-coder	deepseek-coder:33b-instruct-q4_K_S	Q4_K_S	18891924640	4600000
library/deepseek-coder	deepseek-coder:33b-base-q4_K_M	Q4_K_M	19940659296	4600000
library/deepseek-coder	deepseek-coder:33b-instruct-q4_K_M	Q4_K_M	19940660384	4600000
library/deepseek-coder	deepseek-coder:33b-base-q4_1	Q4_1	20888871008	4600000
library/deepseek-coder	deepseek-coder:33b-instruct-q4_1	Q4_1	20888872096	4600000
library/deepseek-coder	deepseek-coder:33b-base-q5_0	Q5_0	22958301280	4600000
library/deepseek-coder	deepseek-coder:33b-base-q5_K_S	Q5_K_S	22958301280	4600000
library/deepseek-coder	deepseek-coder:33b-instruct-q5_0	Q5_0	22958302368	4600000
library/deepseek-coder	deepseek-coder:33b-instruct-q5_K_S	Q5_K_S	22958302368	4600000
library/deepseek-coder	deepseek-coder:33b-base-q5_K_M	Q5_K_M	23535898720	4600000
library/deepseek-coder	deepseek-coder:33b-instruct-q5_K_M	Q5_K_M	23535899808	4600000
library/deepseek-coder	deepseek-coder:33b-base-q5_1	Q5_1	25027731552	4600000
library/deepseek-coder	deepseek-coder:33b-instruct-q5_1	Q5_1	25027732640	4600000
library/deepseek-coder	deepseek-coder:33b-base-q6_K	Q6_K	27355840608	4600000
library/deepseek-coder	deepseek-coder:33b-instruct-q6_K	Q6_K	27355841696	4600000
library/deepseek-coder	deepseek-coder:33b-base-q8_0	Q8_0	35430879328	4600000
library/deepseek-coder	deepseek-coder:33b-instruct-q8_0	Q8_0	35430880416	4600000
library/deepseek-coder	deepseek-coder:33b-base-fp16	F16	66689093664	4600000
library/deepseek-coder	deepseek-coder:33b-instruct-fp16	F16	66689094752	4600000
library/deepseek-coder-v2	deepseek-coder-v2:16b-lite-base-q2_K	Q2_K	6430464480	3000000
library/deepseek-coder-v2	deepseek-coder-v2:16b-lite-instruct-q2_K	Q2_K	6430464480	3000000
library/deepseek-coder-v2	deepseek-coder-v2:16b-lite-base-q3_K_S	Q3_K_S	7487663584	3000000
library/deepseek-coder-v2	deepseek-coder-v2:16b-lite-instruct-q3_K_S	Q3_K_S	7487663584	3000000
library/deepseek-coder-v2	deepseek-coder-v2:16b-lite-base-q3_K_M	Q3_K_M	8126606816	3000000
library/deepseek-coder-v2	deepseek-coder-v2:16b-lite-instruct-q3_K_M	Q3_K_M	8126606816	3000000
library/deepseek-coder-v2	deepseek-coder-v2:16b-lite-base-q3_K_L	Q3_K_L	8459398624	3000000
library/deepseek-coder-v2	deepseek-coder-v2:16b-lite-instruct-q3_K_L	Q3_K_L	8459398624	3000000
library/deepseek-coder-v2	deepseek-coder-v2:16b	Q4_0	8905109984	3000000
library/deepseek-coder-v2	deepseek-coder-v2:16b-lite-base-q4_0	Q4_0	8905109984	3000000
library/deepseek-coder-v2	deepseek-coder-v2:16b-lite-base-q4_K_S	Q4_K_S	9533608416	3000000
library/deepseek-coder-v2	deepseek-coder-v2:16b-lite-instruct-q4_K_S	Q4_K_S	9533608416	3000000
library/deepseek-coder-v2	deepseek-coder-v2:16b-lite-base-q4_1	Q4_1	9873437152	3000000
library/deepseek-coder-v2	deepseek-coder-v2:16b-lite-instruct-q4_1	Q4_1	9873437152	3000000
library/deepseek-coder-v2	deepseek-coder-v2:16b-lite-base-q4_K_M	Q4_K_M	10364416480	3000000
library/deepseek-coder-v2	deepseek-coder-v2:16b-lite-instruct-q4_K_M	Q4_K_M	10364416480	3000000
library/deepseek-coder-v2	deepseek-coder-v2:16b-lite-base-q5_0	Q5_0	10841764320	3000000
library/deepseek-coder-v2	deepseek-coder-v2:16b-lite-instruct-q5_0	Q5_0	10841764320	3000000
library/deepseek-coder-v2	deepseek-coder-v2:16b-lite-base-q5_K_S	Q5_K_S	11143057888	3000000
library/deepseek-coder-v2	deepseek-coder-v2:16b-lite-instruct-q5_K_S	Q5_K_S	11143057888	3000000
library/deepseek-coder-v2	deepseek-coder-v2:16b-lite-base-q5_1	Q5_1	11810091488	3000000
library/deepseek-coder-v2	deepseek-coder-v2:16b-lite-instruct-q5_1	Q5_1	11810091488	3000000
library/deepseek-coder-v2	deepseek-coder-v2:16b-lite-base-q5_K_M	Q5_K_M	11851313632	3000000
library/deepseek-coder-v2	deepseek-coder-v2:16b-lite-instruct-q5_K_M	Q5_K_M	11851313632	3000000
library/deepseek-coder-v2	deepseek-coder-v2:16b-lite-base-q6_K	Q6_K	14066972128	3000000
library/deepseek-coder-v2	deepseek-coder-v2:16b-lite-instruct-q6_K	Q6_K	14066972128	3000000
library/deepseek-coder-v2	deepseek-coder-v2:16b-lite-base-q8_0	Q8_0	16702517728	3000000
library/deepseek-coder-v2	deepseek-coder-v2:16b-lite-instruct-q8_0	Q8_0	16702517728	3000000
library/deepseek-coder-v2	deepseek-coder-v2:16b-lite-base-fp16	F16	31424033248	3000000
library/deepseek-coder-v2	deepseek-coder-v2:16b-lite-instruct-fp16	F16	31424033248	3000000
library/deepseek-coder-v2	deepseek-coder-v2:236b-instruct-q2_K	Q2_K	85946674368	3000000
library/deepseek-coder-v2	deepseek-coder-v2:236b-base-q2_K	Q2_K	85946674592	3000000
library/deepseek-coder-v2	deepseek-coder-v2:236b-instruct-q3_K_S	Q3_K_S	101679195328	3000000
library/deepseek-coder-v2	deepseek-coder-v2:236b-base-q3_K_S	Q3_K_S	101679195552	3000000
library/deepseek-coder-v2	deepseek-coder-v2:236b-instruct-q3_K_M	Q3_K_M	112665527488	3000000
library/deepseek-coder-v2	deepseek-coder-v2:236b-base-q3_K_M	Q3_K_M	112665527712	3000000
library/deepseek-coder-v2	deepseek-coder-v2:236b-instruct-q3_K_L	Q3_K_L	122372064448	3000000
library/deepseek-coder-v2	deepseek-coder-v2:236b-base-q3_K_L	Q3_K_L	122372064672	3000000
library/deepseek-coder-v2	deepseek-coder-v2:236b	Q4_0	132912454848	3000000
library/deepseek-coder-v2	deepseek-coder-v2:236b-base-q4_0	Q4_0	132912455072	3000000
library/deepseek-coder-v2	deepseek-coder-v2:236b-instruct-q4_K_S	Q4_K_S	133875834048	3000000
library/deepseek-coder-v2	deepseek-coder-v2:236b-base-q4_K_S	Q4_K_S	133875834272	3000000
library/deepseek-coder-v2	deepseek-coder-v2:236b-instruct-q4_K_M	Q4_K_M	142453963968	3000000
library/deepseek-coder-v2	deepseek-coder-v2:236b-base-q4_K_M	Q4_K_M	142453964192	3000000
library/deepseek-coder-v2	deepseek-coder-v2:236b-instruct-q4_1	Q4_1	147610459328	3000000
library/deepseek-coder-v2	deepseek-coder-v2:236b-base-q4_1	Q4_1	147610459552	3000000
library/deepseek-coder-v2	deepseek-coder-v2:236b-instruct-q5_0	Q5_0	162308463808	3000000
library/deepseek-coder-v2	deepseek-coder-v2:236b-instruct-q5_K_S	Q5_K_S	162308463808	3000000
library/deepseek-coder-v2	deepseek-coder-v2:236b-base-q5_0	Q5_0	162308464032	3000000
library/deepseek-coder-v2	deepseek-coder-v2:236b-base-q5_K_S	Q5_K_S	162308464032	3000000
library/deepseek-coder-v2	deepseek-coder-v2:236b-instruct-q5_K_M	Q5_K_M	167223786688	3000000
library/deepseek-coder-v2	deepseek-coder-v2:236b-base-q5_K_M	Q5_K_M	167223786912	3000000
library/deepseek-coder-v2	deepseek-coder-v2:236b-instruct-q5_1	Q5_1	177006468288	3000000
library/deepseek-coder-v2	deepseek-coder-v2:236b-base-q5_1	Q5_1	177006468512	3000000
library/deepseek-coder-v2	deepseek-coder-v2:236b-instruct-q6_K	Q6_K	193541723328	3000000
library/deepseek-coder-v2	deepseek-coder-v2:236b-base-q6_K	Q6_K	193541723552	3000000
library/deepseek-coder-v2	deepseek-coder-v2:236b-instruct-q8_0	Q8_0	250623466688	3000000
library/deepseek-coder-v2	deepseek-coder-v2:236b-base-q8_0	Q8_0	250623466912	3000000
library/deepseek-coder-v2	deepseek-coder-v2:236b-instruct-fp16	F16	471585053888	3000000
library/deepseek-coder-v2	deepseek-coder-v2:236b-base-fp16	F16	471585054112	3000000
library/deepseek-llm	deepseek-llm:7b-base-q2_K	Q2_K	2993593632	1200000
library/deepseek-llm	deepseek-llm:7b-chat-q2_K	Q2_K	2993594144	1200000
library/deepseek-llm	deepseek-llm:7b-base-q3_K_S	Q3_K_S	3138428192	1200000
library/deepseek-llm	deepseek-llm:7b-chat-q3_K_S	Q3_K_S	3138428704	1200000
library/deepseek-llm	deepseek-llm:7b-base-q3_K_M	Q3_K_M	3467238688	1200000
library/deepseek-llm	deepseek-llm:7b-chat-q3_K_M	Q3_K_M	3467239200	1200000
library/deepseek-llm	deepseek-llm:7b-base-q3_K_L	Q3_K_L	3746684192	1200000
library/deepseek-llm	deepseek-llm:7b-chat-q3_K_L	Q3_K_L	3746684704	1200000
library/deepseek-llm	deepseek-llm:7b-base	Q4_0	4000472352	1200000
library/deepseek-llm	deepseek-llm:7b	Q4_0	4000472864	1200000
library/deepseek-llm	deepseek-llm:7b-base-q4_K_S	Q4_K_S	4031405344	1200000
library/deepseek-llm	deepseek-llm:7b-chat-q4_K_S	Q4_K_S	4031405856	1200000
library/deepseek-llm	deepseek-llm:7b-base-q4_K_M	Q4_K_M	4223769888	1200000
library/deepseek-llm	deepseek-llm:7b-chat-q4_K_M	Q4_K_M	4223770400	1200000
library/deepseek-llm	deepseek-llm:7b-base-q4_1	Q4_1	4406140192	1200000
library/deepseek-llm	deepseek-llm:7b-chat-q4_1	Q4_1	4406140704	1200000
library/deepseek-llm	deepseek-llm:7b-base-q5_0	Q5_0	4811808032	1200000
library/deepseek-llm	deepseek-llm:7b-base-q5_K_S	Q5_K_S	4811808032	1200000
library/deepseek-llm	deepseek-llm:7b-chat-q5_0	Q5_0	4811808544	1200000
library/deepseek-llm	deepseek-llm:7b-chat-q5_K_S	Q5_K_S	4811808544	1200000
library/deepseek-llm	deepseek-llm:7b-base-q5_K_M	Q5_K_M	4926840096	1200000
library/deepseek-llm	deepseek-llm:7b-chat-q5_K_M	Q5_K_M	4926840608	1200000
library/deepseek-llm	deepseek-llm:7b-base-q5_1	Q5_1	5217475872	1200000
library/deepseek-llm	deepseek-llm:7b-chat-q5_1	Q5_1	5217476384	1200000
library/deepseek-llm	deepseek-llm:7b-base-q6_K	Q6_K	5673852192	1200000
library/deepseek-llm	deepseek-llm:7b-chat-q6_K	Q6_K	5673852704	1200000
library/deepseek-llm	deepseek-llm:7b-base-q8_0	Q8_0	7347395872	1200000
library/deepseek-llm	deepseek-llm:7b-chat-q8_0	Q8_0	7347396384	1200000
library/deepseek-llm	deepseek-llm:7b-base-fp16	F16	13825629440	1200000
library/deepseek-llm	deepseek-llm:7b-chat-fp16	F16	13825629952	1200000
library/deepseek-llm	deepseek-llm:67b-base-q2_K	Q2_K	28495750592	1200000
library/deepseek-llm	deepseek-llm:67b-chat-q2_K	Q2_K	28495750592	1200000
library/deepseek-llm	deepseek-llm:67b-base-q3_K_S	Q3_K_S	29309380032	1200000
library/deepseek-llm	deepseek-llm:67b-chat-q3_K_S	Q3_K_S	29309380032	1200000
library/deepseek-llm	deepseek-llm:67b-base-q3_K_M	Q3_K_M	32584705472	1200000
library/deepseek-llm	deepseek-llm:67b-chat-q3_K_M	Q3_K_M	32584705472	1200000
library/deepseek-llm	deepseek-llm:67b-base-q3_K_L	Q3_K_L	35575768512	1200000
library/deepseek-llm	deepseek-llm:67b-chat-q3_K_L	Q3_K_L	35575768512	1200000
library/deepseek-llm	deepseek-llm:67b-base	Q4_0	38152644032	1200000
library/deepseek-llm	deepseek-llm:67b-base-q4_0	Q4_0	38152644032	1200000
library/deepseek-llm	deepseek-llm:67b	Q4_0	38152644544	1200000
library/deepseek-llm	deepseek-llm:67b-base-q4_K_S	Q4_K_S	38247015872	1200000
library/deepseek-llm	deepseek-llm:67b-chat-q4_K_S	Q4_K_S	38247015872	1200000
library/deepseek-llm	deepseek-llm:67b-base-q4_K_M	Q4_K_M	40439686592	1200000
library/deepseek-llm	deepseek-llm:67b-chat-q4_K_M	Q4_K_M	40439686592	1200000
library/deepseek-llm	deepseek-llm:67b-base-q4_1	Q4_1	42314180032	1200000
library/deepseek-llm	deepseek-llm:67b-chat-q4_1	Q4_1	42314180544	1200000
library/deepseek-llm	deepseek-llm:67b-base-q5_0	Q5_0	46475716032	1200000
library/deepseek-llm	deepseek-llm:67b-base-q5_K_S	Q5_K_S	46475716032	1200000
library/deepseek-llm	deepseek-llm:67b-chat-q5_K_S	Q5_K_S	46475716032	1200000
library/deepseek-llm	deepseek-llm:67b-chat-q5_0	Q5_0	46475716544	1200000
library/deepseek-llm	deepseek-llm:67b-base-q5_K_M	Q5_K_M	47653889472	1200000
library/deepseek-llm	deepseek-llm:67b-base-q5_1	Q5_1	50637252032	1200000
library/deepseek-llm	deepseek-llm:67b-chat-q5_1	Q5_1	50637252544	1200000
library/deepseek-llm	deepseek-llm:67b-base-q6_K	Q6_K	55318980032	1200000
library/deepseek-llm	deepseek-llm:67b-base-q8_0	Q8_0	71648093632	1200000
library/deepseek-llm	deepseek-llm:67b-base-fp16	F16	134857565600	1200000
library/deepseek-llm	deepseek-llm:67b-chat-fp16	F16	134857565600	1200000
library/deepseek-r1	deepseek-r1:1.5b	Q4_K_M	1117320512	92300000
library/deepseek-r1	deepseek-r1:1.5b-qwen-distill-q8_0	Q8_0	1894531904	92300000
library/deepseek-r1	deepseek-r1:1.5b-qwen-distill-fp16	F16	3560416064	92300000
library/deepseek-r1	deepseek-r1:7b	Q4_K_M	4683073184	92300000
library/deepseek-r1	deepseek-r1:8b-llama-distill-q4_K_M	Q4_K_M	4920736320	92300000
library/deepseek-r1	deepseek-r1:8b	Q4_K_M	5225373760	92300000
library/deepseek-r1	deepseek-r1:7b-qwen-distill-q8_0	Q8_0	8098524832	92300000
library/deepseek-r1	deepseek-r1:8b-llama-distill-q8_0	Q8_0	8540772928	92300000
library/deepseek-r1	deepseek-r1:8b-0528-qwen3-q8_0	Q8_0	8851075136	92300000
library/deepseek-r1	deepseek-r1:14b	Q4_K_M	8988109952	92300000
library/deepseek-r1	deepseek-r1:7b-qwen-distill-fp16	F16	15237852832	92300000
library/deepseek-r1	deepseek-r1:14b-qwen-distill-q8_0	Q8_0	15701597312	92300000
library/deepseek-r1	deepseek-r1:8b-llama-distill-fp16	F16	16068893248	92300000
library/deepseek-r1	deepseek-r1:8b-0528-qwen3-fp16	F16	16388042816	92300000
library/deepseek-r1	deepseek-r1:32b	Q4_K_M	19851335552	92300000
library/deepseek-r1	deepseek-r1:14b-qwen-distill-fp16	F16	29547715712	92300000
library/deepseek-r1	deepseek-r1:32b-qwen-distill-q8_0	Q8_0	34820884352	92300000
library/deepseek-r1	deepseek-r1:70b	Q4_K_M	42520395616	92300000
library/deepseek-r1	deepseek-r1:32b-qwen-distill-fp16	F16	65535969152	92300000
library/deepseek-r1	deepseek-r1:70b-llama-distill-q8_0	Q8_0	74975051616	92300000
library/deepseek-r1	deepseek-r1:70b-llama-distill-fp16	F16	141117914976	92300000
library/deepseek-r1	deepseek-r1:671b-q4_K_M	Q4_K_M	404430186432	92300000
library/deepseek-r1	deepseek-r1:671b	Q4_K_M	404430186848	92300000
library/deepseek-r1	deepseek-r1:671b-q8_0	Q8_0	713286512576	92300000
library/deepseek-r1	deepseek-r1:671b-0528-q8_0	Q8_0	713286512992	92300000
library/deepseek-r1	deepseek-r1:671b-fp16	F16	1342273044416	92300000
library/deepseek-r1	deepseek-r1:671b-0528-fp16	F16	1342273044832	92300000
library/deepseek-v2	deepseek-v2:16b-lite-chat-q2_K	Q2_K	6430464320	1200000
library/deepseek-v2	deepseek-v2:16b-lite-chat-q3_K_S	Q3_K_S	7487663424	1200000
library/deepseek-v2	deepseek-v2:16b-lite-chat-q3_K_M	Q3_K_M	8126606656	1200000
library/deepseek-v2	deepseek-v2:16b-lite-chat-q3_K_L	Q3_K_L	8459398464	1200000
library/deepseek-v2	deepseek-v2:16b	Q4_0	8905109824	1200000
library/deepseek-v2	deepseek-v2:16b-lite-chat-q4_K_S	Q4_K_S	9533608256	1200000
library/deepseek-v2	deepseek-v2:16b-lite-chat-q4_1	Q4_1	9873436992	1200000
library/deepseek-v2	deepseek-v2:16b-lite-chat-q4_K_M	Q4_K_M	10364416320	1200000
library/deepseek-v2	deepseek-v2:16b-lite-chat-q5_0	Q5_0	10841764160	1200000
library/deepseek-v2	deepseek-v2:16b-lite-chat-q5_K_S	Q5_K_S	11143057728	1200000
library/deepseek-v2	deepseek-v2:16b-lite-chat-q5_1	Q5_1	11810091328	1200000
library/deepseek-v2	deepseek-v2:16b-lite-chat-q5_K_M	Q5_K_M	11851313472	1200000
library/deepseek-v2	deepseek-v2:16b-lite-chat-q6_K	Q6_K	14066971968	1200000
library/deepseek-v2	deepseek-v2:16b-lite-chat-q8_0	Q8_0	16702517568	1200000
library/deepseek-v2	deepseek-v2:16b-lite-chat-fp16	F16	31424033088	1200000
library/deepseek-v2	deepseek-v2:236b-chat-q2_K	Q2_K	85946674176	1200000
library/deepseek-v2	deepseek-v2:236b-chat-q3_K_S	Q3_K_S	101679195136	1200000
library/deepseek-v2	deepseek-v2:236b-chat-q3_K_M	Q3_K_M	112665527296	1200000
library/deepseek-v2	deepseek-v2:236b-chat-q3_K_L	Q3_K_L	122372064256	1200000
library/deepseek-v2	deepseek-v2:236b	Q4_0	132912454656	1200000
library/deepseek-v2	deepseek-v2:236b-chat-q4_K_S	Q4_K_S	133875833856	1200000
library/deepseek-v2	deepseek-v2:236b-chat-q4_K_M	Q4_K_M	142453963776	1200000
library/deepseek-v2	deepseek-v2:236b-chat-q4_1	Q4_1	147610459136	1200000
library/deepseek-v2	deepseek-v2:236b-chat-q5_0	Q5_0	162308463616	1200000
library/deepseek-v2	deepseek-v2:236b-chat-q5_K_S	Q5_K_S	162308463616	1200000
library/deepseek-v2	deepseek-v2:236b-chat-q5_K_M	Q5_K_M	167223786496	1200000
library/deepseek-v2	deepseek-v2:236b-chat-q5_1	Q5_1	177006468096	1200000
library/deepseek-v2	deepseek-v2:236b-chat-q6_K	Q6_K	193541723136	1200000
library/deepseek-v2	deepseek-v2:236b-chat-q8_0	Q8_0	250623466496	1200000
library/deepseek-v2	deepseek-v2:236b-chat-fp16	F16	471585053696	1200000
library/deepseek-v3	deepseek-v3:671b	Q4_K_M	404430186016	3800000
library/deepseek-v3	deepseek-v3:671b-q8_0	Q8_0	713286512160	3800000
library/deepseek-v3	deepseek-v3:671b-fp16	F16	1342273044000	3800000
library/deepseek-v3.1	deepseek-v3.1:671b	Q4_K_M	404494154496	725100
library/deepseek-v3.1	deepseek-v3.1:671b-terminus-q8_0	Q8_0	713286517504	725100
library/deepseek-v3.1	deepseek-v3.1:671b-q8_0	Q8_0	713286517536	725100
library/deepseek-v3.1	deepseek-v3.1:671b-terminus-fp16	F16	1342273049344	725100
library/deepseek-v3.1	deepseek-v3.1:671b-fp16	F16	1342273049376	725100
library/devstral	devstral:24b	Q4_K_M	14333909728	1000000
library/devstral	devstral:24b-small-2505-q8_0	Q8_0	25054780128	1000000
library/devstral	devstral:24b-small-2505-fp16	F16	47153519296	1000000
library/devstral-small-2	devstral-small-2:24b	Q4_K_M	15177370240	991600
library/devstral-small-2	devstral-small-2:24b-instruct-2512-q8_0	Q8_0	25909742208	991600
library/devstral-small-2	devstral-small-2:24b-instruct-2512-fp16	F16	48032074336	991600
library/dolphin-llama3	dolphin-llama3:8b-256k-v2.9-q2_K	Q2_K	3179140512	2100000
library/dolphin-llama3	dolphin-llama3:8b-v2.9-q2_K	Q2_K	3179140576	2100000
library/dolphin-llama3	dolphin-llama3:8b-256k-v2.9-q3_K_S	Q3_K_S	3664509152	2100000
library/dolphin-llama3	dolphin-llama3:8b-v2.9-q3_K_S	Q3_K_S	3664509216	2100000
library/dolphin-llama3	dolphin-llama3:8b-256k-v2.9-q3_K_M	Q3_K_M	4018927840	2100000
library/dolphin-llama3	dolphin-llama3:8b-v2.9-q3_K_M	Q3_K_M	4018927904	2100000
library/dolphin-llama3	dolphin-llama3:8b-256k-v2.9-q3_K_L	Q3_K_L	4321966304	2100000
library/dolphin-llama3	dolphin-llama3:8b-v2.9-q3_K_L	Q3_K_L	4321966368	2100000
library/dolphin-llama3	dolphin-llama3:8b-256k	Q4_0	4661222688	2100000
library/dolphin-llama3	dolphin-llama3:8b	Q4_0	4661222752	2100000
library/dolphin-llama3	dolphin-llama3:8b-256k-v2.9-q4_K_S	Q4_K_S	4692679968	2100000
library/dolphin-llama3	dolphin-llama3:8b-v2.9-q4_K_S	Q4_K_S	4692680032	2100000
library/dolphin-llama3	dolphin-llama3:8b-256k-v2.9-q4_K_M	Q4_K_M	4920745248	2100000
library/dolphin-llama3	dolphin-llama3:8b-v2.9-q4_K_M	Q4_K_M	4920745312	2100000
library/dolphin-llama3	dolphin-llama3:8b-256k-v2.9-q4_1	Q4_1	5130264352	2100000
library/dolphin-llama3	dolphin-llama3:8b-v2.9-q4_1	Q4_1	5130264416	2100000
library/dolphin-llama3	dolphin-llama3:8b-256k-v2.9-q5_0	Q5_0	5599306016	2100000
library/dolphin-llama3	dolphin-llama3:8b-256k-v2.9-q5_K_S	Q5_K_S	5599306016	2100000
library/dolphin-llama3	dolphin-llama3:8b-v2.9-q5_0	Q5_0	5599306080	2100000
library/dolphin-llama3	dolphin-llama3:8b-v2.9-q5_K_S	Q5_K_S	5599306080	2100000
library/dolphin-llama3	dolphin-llama3:8b-256k-v2.9-q5_K_M	Q5_K_M	5732999456	2100000
library/dolphin-llama3	dolphin-llama3:8b-v2.9-q5_K_M	Q5_K_M	5732999520	2100000
library/dolphin-llama3	dolphin-llama3:8b-256k-v2.9-q5_1	Q5_1	6068347680	2100000
library/dolphin-llama3	dolphin-llama3:8b-v2.9-q5_1	Q5_1	6068347744	2100000
library/dolphin-llama3	dolphin-llama3:8b-256k-v2.9-q6_K	Q6_K	6596019552	2100000
library/dolphin-llama3	dolphin-llama3:8b-v2.9-q6_K	Q6_K	6596019616	2100000
library/dolphin-llama3	dolphin-llama3:8b-256k-v2.9-q8_0	Q8_0	8540787936	2100000
library/dolphin-llama3	dolphin-llama3:8b-v2.9-q8_0	Q8_0	8540788000	2100000
library/dolphin-llama3	dolphin-llama3:8b-256k-v2.9-fp16	F16	16068923584	2100000
library/dolphin-llama3	dolphin-llama3:8b-v2.9-fp16	F16	16068923648	2100000
library/dolphin-llama3	dolphin-llama3:70b-v2.9-q2_K	Q2_K	26375126848	2100000
library/dolphin-llama3	dolphin-llama3:70b-v2.9-q3_K_S	Q3_K_S	30912071104	2100000
library/dolphin-llama3	dolphin-llama3:70b-v2.9-q3_K_M	Q3_K_M	34267514304	2100000
library/dolphin-llama3	dolphin-llama3:70b-v2.9-q3_K_L	Q3_K_L	37140612544	2100000
library/dolphin-llama3	dolphin-llama3:70b	Q4_0	39969754688	2100000
library/dolphin-llama3	dolphin-llama3:70b-v2.9-q4_K_S	Q4_K_S	40347242048	2100000
library/dolphin-llama3	dolphin-llama3:70b-v2.9-q4_K_M	Q4_K_M	42520415808	2100000
library/dolphin-llama3	dolphin-llama3:70b-v2.9-q4_1	Q4_1	44313612864	2100000
library/dolphin-llama3	dolphin-llama3:70b-v2.9-q5_0	Q5_0	48657471040	2100000
library/dolphin-llama3	dolphin-llama3:70b-v2.9-q5_K_S	Q5_K_S	48657471040	2100000
library/dolphin-llama3	dolphin-llama3:70b-v2.9-q5_K_M	Q5_K_M	49949840960	2100000
library/dolphin-llama3	dolphin-llama3:70b-v2.9-q5_1	Q5_1	53001329216	2100000
library/dolphin-llama3	dolphin-llama3:70b-v2.9-q6_K	Q6_K	57888169664	2100000
library/dolphin-llama3	dolphin-llama3:70b-v2.9-q8_0	Q8_0	74975083968	2100000
library/dolphin-llama3	dolphin-llama3:70b-v2.9-fp16	F16	141117978016	2100000
library/dolphin-mistral	dolphin-mistral:7b-v2.8-q2_K	Q2_K	2719251712	1700000
library/dolphin-mistral	dolphin-mistral:7b-v2-q2_K	Q2_K	3083098304	1700000
library/dolphin-mistral	dolphin-mistral:7b-v2.1-q2_K	Q2_K	3083107552	1700000
library/dolphin-mistral	dolphin-mistral:7b-v2.2-q2_K	Q2_K	3083107552	1700000
library/dolphin-mistral	dolphin-mistral:7b-v2.2.1-q2_K	Q2_K	3083107552	1700000
library/dolphin-mistral	dolphin-mistral:7b-v2.6-dpo-laser-q2_K	Q2_K	3084038912	1700000
library/dolphin-mistral	dolphin-mistral:7b-v2.6-q2_K	Q2_K	3084038912	1700000
library/dolphin-mistral	dolphin-mistral:7b-v2-q3_K_S	Q3_K_S	3164567744	1700000
library/dolphin-mistral	dolphin-mistral:7b-v2.1-q3_K_S	Q3_K_S	3164577824	1700000
library/dolphin-mistral	dolphin-mistral:7b-v2.2-q3_K_S	Q3_K_S	3164577824	1700000
library/dolphin-mistral	dolphin-mistral:7b-v2.2.1-q3_K_S	Q3_K_S	3164577824	1700000
library/dolphin-mistral	dolphin-mistral:7b-v2.8-q3_K_S	Q3_K_S	3164577856	1700000
library/dolphin-mistral	dolphin-mistral:7b-v2.6-dpo-laser-q3_K_S	Q3_K_S	3165508768	1700000
library/dolphin-mistral	dolphin-mistral:7b-v2.6-q3_K_S	Q3_K_S	3165508768	1700000
library/dolphin-mistral	dolphin-mistral:7b-v2-q3_K_M	Q3_K_M	3518986432	1700000
library/dolphin-mistral	dolphin-mistral:7b-v2.1-q3_K_M	Q3_K_M	3518996512	1700000
library/dolphin-mistral	dolphin-mistral:7b-v2.2-q3_K_M	Q3_K_M	3518996512	1700000
library/dolphin-mistral	dolphin-mistral:7b-v2.2.1-q3_K_M	Q3_K_M	3518996512	1700000
library/dolphin-mistral	dolphin-mistral:7b-v2.8-q3_K_M	Q3_K_M	3518996544	1700000
library/dolphin-mistral	dolphin-mistral:7b-v2.6-dpo-laser-q3_K_M	Q3_K_M	3519927456	1700000
library/dolphin-mistral	dolphin-mistral:7b-v2.6-q3_K_M	Q3_K_M	3519927456	1700000
library/dolphin-mistral	dolphin-mistral:7b-v2-q3_K_L	Q3_K_L	3822024896	1700000
library/dolphin-mistral	dolphin-mistral:7b-v2.1-q3_K_L	Q3_K_L	3822034976	1700000
library/dolphin-mistral	dolphin-mistral:7b-v2.2-q3_K_L	Q3_K_L	3822034976	1700000
library/dolphin-mistral	dolphin-mistral:7b-v2.2.1-q3_K_L	Q3_K_L	3822034976	1700000
library/dolphin-mistral	dolphin-mistral:7b-v2.8-q3_K_L	Q3_K_L	3822035008	1700000
library/dolphin-mistral	dolphin-mistral:7b-v2.6-dpo-laser-q3_K_L	Q3_K_L	3822965920	1700000
library/dolphin-mistral	dolphin-mistral:7b-v2.6-q3_K_L	Q3_K_L	3822965920	1700000
library/dolphin-mistral	dolphin-mistral:v2	Q4_0	4108916928	1700000
library/dolphin-mistral	dolphin-mistral:v2.1	Q4_0	4108928096	1700000
library/dolphin-mistral	dolphin-mistral:v2.2	Q4_0	4108928096	1700000
library/dolphin-mistral	dolphin-mistral:v2.2.1	Q4_0	4108928096	1700000
library/dolphin-mistral	dolphin-mistral:7b	Q4_0	4108928128	1700000
library/dolphin-mistral	dolphin-mistral:7b-v2.6	Q4_0	4109858496	1700000
library/dolphin-mistral	dolphin-mistral:v2.6	Q4_0	4109858496	1700000
library/dolphin-mistral	dolphin-mistral:7b-v2-q4_K_S	Q4_K_S	4140374208	1700000
library/dolphin-mistral	dolphin-mistral:7b-v2.1-q4_K_S	Q4_K_S	4140385376	1700000
library/dolphin-mistral	dolphin-mistral:7b-v2.2-q4_K_S	Q4_K_S	4140385376	1700000
library/dolphin-mistral	dolphin-mistral:7b-v2.2.1-q4_K_S	Q4_K_S	4140385376	1700000
library/dolphin-mistral	dolphin-mistral:7b-v2.8-q4_K_S	Q4_K_S	4140385408	1700000
library/dolphin-mistral	dolphin-mistral:7b-v2.6-dpo-laser-q4_K_S	Q4_K_S	4141315776	1700000
library/dolphin-mistral	dolphin-mistral:7b-v2.6-q4_K_S	Q4_K_S	4141315776	1700000
library/dolphin-mistral	dolphin-mistral:7b-v2-q4_K_M	Q4_K_M	4368439488	1700000
library/dolphin-mistral	dolphin-mistral:7b-v2.1-q4_K_M	Q4_K_M	4368450656	1700000
library/dolphin-mistral	dolphin-mistral:7b-v2.2-q4_K_M	Q4_K_M	4368450656	1700000
library/dolphin-mistral	dolphin-mistral:7b-v2.2.1-q4_K_M	Q4_K_M	4368450656	1700000
library/dolphin-mistral	dolphin-mistral:7b-v2.8-q4_K_M	Q4_K_M	4368450688	1700000
library/dolphin-mistral	dolphin-mistral:7b-v2.6-dpo-laser-q4_K_M	Q4_K_M	4369381056	1700000
library/dolphin-mistral	dolphin-mistral:7b-v2.6-q4_K_M	Q4_K_M	4369381056	1700000
library/dolphin-mistral	dolphin-mistral:7b-v2-q4_1	Q4_1	4553316544	1700000
library/dolphin-mistral	dolphin-mistral:7b-v2.1-q4_1	Q4_1	4553328224	1700000
library/dolphin-mistral	dolphin-mistral:7b-v2.2-q4_1	Q4_1	4553328224	1700000
library/dolphin-mistral	dolphin-mistral:7b-v2.2.1-q4_1	Q4_1	4553328224	1700000
library/dolphin-mistral	dolphin-mistral:7b-v2.8-q4_1	Q4_1	4553328256	1700000
library/dolphin-mistral	dolphin-mistral:7b-v2.6-dpo-laser-q4_1	Q4_1	4554258368	1700000
library/dolphin-mistral	dolphin-mistral:7b-v2.6-q4_1	Q4_1	4554258368	1700000
library/dolphin-mistral	dolphin-mistral:7b-v2-q5_0	Q5_0	4997716160	1700000
library/dolphin-mistral	dolphin-mistral:7b-v2-q5_K_S	Q5_K_S	4997716160	1700000
library/dolphin-mistral	dolphin-mistral:7b-v2.1-q5_0	Q5_0	4997728352	1700000
library/dolphin-mistral	dolphin-mistral:7b-v2.1-q5_K_S	Q5_K_S	4997728352	1700000
library/dolphin-mistral	dolphin-mistral:7b-v2.2-q5_0	Q5_0	4997728352	1700000
library/dolphin-mistral	dolphin-mistral:7b-v2.2-q5_K_S	Q5_K_S	4997728352	1700000
library/dolphin-mistral	dolphin-mistral:7b-v2.2.1-q5_0	Q5_0	4997728352	1700000
library/dolphin-mistral	dolphin-mistral:7b-v2.2.1-q5_K_S	Q5_K_S	4997728352	1700000
library/dolphin-mistral	dolphin-mistral:7b-v2.8-q5_0	Q5_0	4997728384	1700000
library/dolphin-mistral	dolphin-mistral:7b-v2.8-q5_K_S	Q5_K_S	4997728384	1700000
library/dolphin-mistral	dolphin-mistral:7b-v2.6-dpo-laser-q5_0	Q5_0	4998658240	1700000
library/dolphin-mistral	dolphin-mistral:7b-v2.6-dpo-laser-q5_K_S	Q5_K_S	4998658240	1700000
library/dolphin-mistral	dolphin-mistral:7b-v2.6-q5_0	Q5_0	4998658240	1700000
library/dolphin-mistral	dolphin-mistral:7b-v2.6-q5_K_S	Q5_K_S	4998658240	1700000
library/dolphin-mistral	dolphin-mistral:7b-v2-q5_K_M	Q5_K_M	5131409600	1700000
library/dolphin-mistral	dolphin-mistral:7b-v2.1-q5_K_M	Q5_K_M	5131421792	1700000
library/dolphin-mistral	dolphin-mistral:7b-v2.2-q5_K_M	Q5_K_M	5131421792	1700000
library/dolphin-mistral	dolphin-mistral:7b-v2.2.1-q5_K_M	Q5_K_M	5131421792	1700000
library/dolphin-mistral	dolphin-mistral:7b-v2.8-q5_K_M	Q5_K_M	5131421824	1700000
library/dolphin-mistral	dolphin-mistral:7b-v2.6-dpo-laser-q5_K_M	Q5_K_M	5132351680	1700000
library/dolphin-mistral	dolphin-mistral:7b-v2.6-q5_K_M	Q5_K_M	5132351680	1700000
library/dolphin-mistral	dolphin-mistral:7b-v2-q5_1	Q5_1	5442115776	1700000
library/dolphin-mistral	dolphin-mistral:7b-v2.1-q5_1	Q5_1	5442128480	1700000
library/dolphin-mistral	dolphin-mistral:7b-v2.2-q5_1	Q5_1	5442128480	1700000
library/dolphin-mistral	dolphin-mistral:7b-v2.2.1-q5_1	Q5_1	5442128480	1700000
library/dolphin-mistral	dolphin-mistral:7b-v2.8-q5_1	Q5_1	5442128512	1700000
library/dolphin-mistral	dolphin-mistral:7b-v2.6-dpo-laser-q5_1	Q5_1	5443058112	1700000
library/dolphin-mistral	dolphin-mistral:7b-v2.6-q5_1	Q5_1	5443058112	1700000
library/dolphin-mistral	dolphin-mistral:7b-v2-q6_K	Q6_K	5942065344	1700000
library/dolphin-mistral	dolphin-mistral:7b-v2.1-q6_K	Q6_K	5942078624	1700000
library/dolphin-mistral	dolphin-mistral:7b-v2.2-q6_K	Q6_K	5942078624	1700000
library/dolphin-mistral	dolphin-mistral:7b-v2.2.1-q6_K	Q6_K	5942078624	1700000
library/dolphin-mistral	dolphin-mistral:7b-v2.8-q6_K	Q6_K	5942078656	1700000
library/dolphin-mistral	dolphin-mistral:7b-v2.6-dpo-laser-q6_K	Q6_K	5943007968	1700000
library/dolphin-mistral	dolphin-mistral:7b-v2.6-q6_K	Q6_K	5943007968	1700000
library/dolphin-mistral	dolphin-mistral:7b-v2-q8_0	Q8_0	7695857856	1700000
library/dolphin-mistral	dolphin-mistral:7b-v2.1-q8_0	Q8_0	7695875104	1700000
library/dolphin-mistral	dolphin-mistral:7b-v2.2-q8_0	Q8_0	7695875104	1700000
library/dolphin-mistral	dolphin-mistral:7b-v2.2.1-q8_0	Q8_0	7695875104	1700000
library/dolphin-mistral	dolphin-mistral:7b-v2.8-q8_0	Q8_0	7695875136	1700000
library/dolphin-mistral	dolphin-mistral:7b-v2.6-dpo-laser-q8_0	Q8_0	7696802464	1700000
library/dolphin-mistral	dolphin-mistral:7b-v2.6-q8_0	Q8_0	7696802464	1700000
library/dolphin-mistral	dolphin-mistral:7b-v2-fp16	F16	14484732032	1700000
library/dolphin-mistral	dolphin-mistral:7b-v2.1-fp16	F16	14484764672	1700000
library/dolphin-mistral	dolphin-mistral:7b-v2.2-fp16	F16	14484764672	1700000
library/dolphin-mistral	dolphin-mistral:7b-v2.2.1-fp16	F16	14484764672	1700000
library/dolphin-mistral	dolphin-mistral:7b-v2.8-fp16	F16	14484764704	1700000
library/dolphin-mistral	dolphin-mistral:7b-v2.6-dpo-laser-fp16	F16	14485684352	1700000
library/dolphin-mistral	dolphin-mistral:7b-v2.6-fp16	F16	14485684352	1700000
library/dolphin-mixtral	dolphin-mixtral:8x7b-v2.6-q2_K	Q2_K	17311240576	1900000
library/dolphin-mixtral	dolphin-mixtral:8x7b-v2.7-q2_K	Q2_K	17311240608	1900000
library/dolphin-mixtral	dolphin-mixtral:8x7b-v2.5-q2_K	Q2_K	17311240832	1900000
library/dolphin-mixtral	dolphin-mixtral:8x7b-v2.6-q3_K_S	Q3_K_S	20432532672	1900000
library/dolphin-mixtral	dolphin-mixtral:8x7b-v2.7-q3_K_S	Q3_K_S	20432532704	1900000
library/dolphin-mixtral	dolphin-mixtral:8x7b-v2.5-q3_K_S	Q3_K_S	20432532928	1900000
library/dolphin-mixtral	dolphin-mixtral:8x7b-v2.6-q3_K_M	Q3_K_M	22546461888	1900000
library/dolphin-mixtral	dolphin-mixtral:8x7b-v2.7-q3_K_M	Q3_K_M	22546461920	1900000
library/dolphin-mixtral	dolphin-mixtral:8x7b-v2.5-q3_K_M	Q3_K_M	22546462144	1900000
library/dolphin-mixtral	dolphin-mixtral:8x7b-v2.6-q3_K_L	Q3_K_L	24169657536	1900000
library/dolphin-mixtral	dolphin-mixtral:8x7b-v2.7-q3_K_L	Q3_K_L	24169657568	1900000
library/dolphin-mixtral	dolphin-mixtral:8x7b-v2.5-q3_K_L	Q3_K_L	24169657792	1900000
library/dolphin-mixtral	dolphin-mixtral:v2.6	Q4_0	26443602176	1900000
library/dolphin-mixtral	dolphin-mixtral:8x7b	Q4_0	26443602208	1900000
library/dolphin-mixtral	dolphin-mixtral:v2.5	Q4_0	26443602432	1900000
library/dolphin-mixtral	dolphin-mixtral:8x7b-v2.6-q4_K_S	Q4_K_S	26745592064	1900000
library/dolphin-mixtral	dolphin-mixtral:8x7b-v2.7-q4_K_S	Q4_K_S	26745592096	1900000
library/dolphin-mixtral	dolphin-mixtral:8x7b-v2.5-q4_K_S	Q4_K_S	26745592320	1900000
library/dolphin-mixtral	dolphin-mixtral:8x7b-v2.6-q4_K_M	Q4_K_M	28448479488	1900000
library/dolphin-mixtral	dolphin-mixtral:8x7b-v2.7-q4_K_M	Q4_K_M	28448479520	1900000
library/dolphin-mixtral	dolphin-mixtral:8x7b-v2.5-q4_K_M	Q4_K_M	28448479744	1900000
library/dolphin-mixtral	dolphin-mixtral:8x7b-v2.6-q4_1	Q4_1	29337475840	1900000
library/dolphin-mixtral	dolphin-mixtral:8x7b-v2.7-q4_1	Q4_1	29337475872	1900000
library/dolphin-mixtral	dolphin-mixtral:8x7b-v2.5-q4_1	Q4_1	29337476096	1900000
library/dolphin-mixtral	dolphin-mixtral:8x7b-v2.6-q5_0	Q5_0	32231349504	1900000
library/dolphin-mixtral	dolphin-mixtral:8x7b-v2.6-q5_K_S	Q5_K_S	32231349504	1900000
library/dolphin-mixtral	dolphin-mixtral:8x7b-v2.7-q5_0	Q5_0	32231349536	1900000
library/dolphin-mixtral	dolphin-mixtral:8x7b-v2.7-q5_K_S	Q5_K_S	32231349536	1900000
library/dolphin-mixtral	dolphin-mixtral:8x7b-v2.5-q5_0	Q5_0	32231349760	1900000
library/dolphin-mixtral	dolphin-mixtral:8x7b-v2.5-q5_K_S	Q5_K_S	32231349760	1900000
library/dolphin-mixtral	dolphin-mixtral:8x7b-v2.6-q5_K_M	Q5_K_M	33229593856	1900000
library/dolphin-mixtral	dolphin-mixtral:8x7b-v2.7-q5_K_M	Q5_K_M	33229593888	1900000
library/dolphin-mixtral	dolphin-mixtral:8x7b-v2.5-q5_K_M	Q5_K_M	33229594112	1900000
library/dolphin-mixtral	dolphin-mixtral:8x7b-v2.6-q5_1	Q5_1	35125223168	1900000
library/dolphin-mixtral	dolphin-mixtral:8x7b-v2.7-q5_1	Q5_1	35125223200	1900000
library/dolphin-mixtral	dolphin-mixtral:8x7b-v2.5-q5_1	Q5_1	35125223424	1900000
library/dolphin-mixtral	dolphin-mixtral:8x7b-v2.6-q6_K	Q6_K	38380831040	1900000
library/dolphin-mixtral	dolphin-mixtral:8x7b-v2.7-q6_K	Q6_K	38380831072	1900000
library/dolphin-mixtral	dolphin-mixtral:8x7b-v2.5-q6_K	Q6_K	38380831296	1900000
library/dolphin-mixtral	dolphin-mixtral:8x7b-v2.6-q8_0	Q8_0	49626337472	1900000
library/dolphin-mixtral	dolphin-mixtral:8x7b-v2.7-q8_0	Q8_0	49626337504	1900000
library/dolphin-mixtral	dolphin-mixtral:8x7b-v2.5-q8_0	Q8_0	49626337728	1900000
library/dolphin-mixtral	dolphin-mixtral:8x22b-v2.9-q2_K	Q2_K	52103178528	1900000
library/dolphin-mixtral	dolphin-mixtral:8x22b-v2.9-q3_K_S	Q3_K_S	61498203648	1900000
library/dolphin-mixtral	dolphin-mixtral:8x22b-v2.9-q3_K_M	Q3_K_M	67789659648	1900000
library/dolphin-mixtral	dolphin-mixtral:8x22b-v2.9-q3_K_L	Q3_K_L	72579816960	1900000
library/dolphin-mixtral	dolphin-mixtral:8x22b	Q4_0	79509230688	1900000
library/dolphin-mixtral	dolphin-mixtral:8x22b-v2.9-q4_K_S	Q4_K_S	80478114912	1900000
library/dolphin-mixtral	dolphin-mixtral:8x22b-v2.9-q4_K_M	Q4_K_M	85586777184	1900000
library/dolphin-mixtral	dolphin-mixtral:8x22b-v2.9-q4_1	Q4_1	88241477472	1900000
library/dolphin-mixtral	dolphin-mixtral:8x7b-v2.6-fp16	F16	93408988352	1900000
library/dolphin-mixtral	dolphin-mixtral:8x7b-v2.7-fp16	F16	93408988384	1900000
library/dolphin-mixtral	dolphin-mixtral:8x7b-v2.5-fp16	F16	93408988608	1900000
library/dolphin-mixtral	dolphin-mixtral:8x22b-v2.9-q5_0	Q5_0	96973724256	1900000
library/dolphin-mixtral	dolphin-mixtral:8x22b-v2.9-q5_K_S	Q5_K_S	96973724256	1900000
library/dolphin-mixtral	dolphin-mixtral:8x22b-v2.9-q5_K_M	Q5_K_M	99968457312	1900000
library/dolphin-mixtral	dolphin-mixtral:8x22b-v2.9-q5_1	Q5_1	105705971040	1900000
library/dolphin-mixtral	dolphin-mixtral:8x22b-v2.9-q6_K	Q6_K	115529748672	1900000
library/dolphin-mixtral	dolphin-mixtral:8x22b-v2.9-q8_0	Q8_0	149414823936	1900000
library/dolphin-mixtral	dolphin-mixtral:8x22b-v2.9-fp16	F16	281243460032	1900000
library/dolphin-phi	dolphin-phi:2.7b-v2.6-q2_K	Q2_K	1173611808	1600000
library/dolphin-phi	dolphin-phi:2.7b-v2.6-q3_K_S	Q3_K_S	1250821408	1600000
library/dolphin-phi	dolphin-phi:2.7b-v2.6-q3_K_M	Q3_K_M	1480197408	1600000
library/dolphin-phi	dolphin-phi:2.7b	Q4_0	1602463008	1600000
library/dolphin-phi	dolphin-phi:2.7b-v2.6-q3_K_L	Q3_K_L	1604715808	1600000
library/dolphin-phi	dolphin-phi:2.7b-v2.6-q4_K_S	Q4_K_S	1615570208	1600000
library/dolphin-phi	dolphin-phi:2.7b-v2.6-q4_K_M	Q4_K_M	1789240608	1600000
library/dolphin-phi	dolphin-phi:2.7b-v2.6-q5_0	Q5_0	1933419808	1600000
library/dolphin-phi	dolphin-phi:2.7b-v2.6-q5_K_S	Q5_K_S	1933419808	1600000
library/dolphin-phi	dolphin-phi:2.7b-v2.6-q5_K_M	Q5_K_M	2072683808	1600000
library/dolphin-phi	dolphin-phi:2.7b-v2.6-q6_K	Q6_K	2285061408	1600000
library/dolphin-phi	dolphin-phi:2.7b-v2.6-q8_0	Q8_0	2958034208	1600000
library/dolphin3	dolphin3:8b	Q4_K_M	4920749184	4099999
library/dolphin3	dolphin3:8b-llama3.1-q8_0	Q8_0	8540791872	4099999
library/dolphin3	dolphin3:8b-llama3.1-fp16	F16	16068927552	4099999
library/dolphincoder	dolphincoder:7b-starcoder2-q2_K	Q2_K	2910349312	1000000
library/dolphincoder	dolphincoder:7b-starcoder2-q3_K_S	Q3_K_S	3276041120	1000000
library/dolphincoder	dolphincoder:7b-starcoder2-q3_K_M	Q3_K_M	3759106976	1000000
library/dolphincoder	dolphincoder:7b-starcoder2-q3_K_L	Q3_K_L	4171393952	1000000
library/dolphincoder	dolphincoder:7b	Q4_0	4228608096	1000000
library/dolphincoder	dolphincoder:7b-starcoder2-q4_K_S	Q4_K_S	4272255072	1000000
library/dolphincoder	dolphincoder:7b-starcoder2-q4_K_M	Q4_K_M	4588695648	1000000
library/dolphincoder	dolphincoder:7b-starcoder2-q4_1	Q4_1	4676874912	1000000
library/dolphincoder	dolphincoder:7b-starcoder2-q5_0	Q5_0	5125141728	1000000
library/dolphincoder	dolphincoder:7b-starcoder2-q5_K_S	Q5_K_S	5125141728	1000000
library/dolphincoder	dolphincoder:7b-starcoder2-q5_K_M	Q5_K_M	5310641376	1000000
library/dolphincoder	dolphincoder:7b-starcoder2-q5_1	Q5_1	5573408544	1000000
library/dolphincoder	dolphincoder:7b-starcoder2-q6_K	Q6_K	6077708736	1000000
library/dolphincoder	dolphincoder:15b-starcoder2-q2_K	Q2_K	6192972192	1000000
library/dolphincoder	dolphincoder:15b-starcoder2-q3_K_S	Q3_K_S	6986483328	1000000
library/dolphincoder	dolphincoder:7b-starcoder2-q8_0	Q8_0	7869598464	1000000
library/dolphincoder	dolphincoder:15b-starcoder2-q3_K_M	Q3_K_M	8101054080	1000000
library/dolphincoder	dolphincoder:15b-starcoder2-q3_K_L	Q3_K_L	8965342848	1000000
library/dolphincoder	dolphincoder:15b	Q4_0	9065417952	1000000
library/dolphincoder	dolphincoder:15b-starcoder2-q4_K_S	Q4_K_S	9255734496	1000000
library/dolphincoder	dolphincoder:15b-starcoder2-q4_K_M	Q4_K_M	9860205792	1000000
library/dolphincoder	dolphincoder:15b-starcoder2-q4_1	Q4_1	10043740128	1000000
library/dolphincoder	dolphincoder:15b-starcoder2-q5_0	Q5_0	11022062304	1000000
library/dolphincoder	dolphincoder:15b-starcoder2-q5_K_S	Q5_K_S	11022062304	1000000
library/dolphincoder	dolphincoder:15b-starcoder2-q5_K_M	Q5_K_M	11431498464	1000000
library/dolphincoder	dolphincoder:15b-starcoder2-q5_1	Q5_1	12000384480	1000000
library/dolphincoder	dolphincoder:15b-starcoder2-q6_K	Q6_K	13100996928	1000000
library/dolphincoder	dolphincoder:7b-starcoder2-fp16	F16	14805945952	1000000
library/dolphincoder	dolphincoder:15b-starcoder2-q8_0	Q8_0	16965136512	1000000
library/dolphincoder	dolphincoder:15b-starcoder2-fp16	F16	31923096128	1000000
library/embeddinggemma	embeddinggemma:300m-qat-q4_0	Q4_0	238530688	1900000
library/embeddinggemma	embeddinggemma:300m-qat-q8_0	Q8_0	338014336	1900000
library/embeddinggemma	embeddinggemma:300m	BF16	621867104	1900000
library/exaone-deep	exaone-deep:2.4b	Q4_K_M	1644918944	763900
library/exaone-deep	exaone-deep:2.4b-q8_0	Q8_0	2838846624	763900
library/exaone-deep	exaone-deep:7.8b	Q4_K_M	4770650432	763900
library/exaone-deep	exaone-deep:2.4b-fp16	F16	5339454624	763900
library/exaone-deep	exaone-deep:7.8b-q8_0	Q8_0	8312084800	763900
library/exaone-deep	exaone-deep:7.8b-fp16	F16	15641631040	763900
library/exaone-deep	exaone-deep:32b	Q4_K_M	19343748224	763900
library/exaone-deep	exaone-deep:32b-q8_0	Q8_0	34009558144	763900
library/exaone-deep	exaone-deep:32b-fp16	F16	64011938944	763900
library/falcon	falcon:7b	Q4_0	4210994112	1200000
library/falcon	falcon:text	Q4_0	4210994112	1200000
library/falcon	falcon:7b-instruct-q4_1	Q4_1	4643582912	1200000
library/falcon	falcon:7b-text-q4_1	Q4_1	4643582912	1200000
library/falcon	falcon:7b-instruct-q5_0	Q5_0	5076171712	1200000
library/falcon	falcon:7b-text-q5_0	Q5_0	5076171712	1200000
library/falcon	falcon:7b-instruct-q5_1	Q5_1	5508760512	1200000
library/falcon	falcon:7b-text-q5_1	Q5_1	5508760512	1200000
library/falcon	falcon:7b-instruct-q8_0	Q8_0	7671704512	1200000
library/falcon	falcon:7b-text-q8_0	Q8_0	7671704512	1200000
library/falcon	falcon:7b-instruct-fp16	F16	14437538688	1200000
library/falcon	falcon:7b-text-fp16	F16	14437538688	1200000
library/falcon	falcon:40b	Q4_0	23808462560	1200000
library/falcon	falcon:40b-text	Q4_0	23808462560	1200000
library/falcon	falcon:40b-instruct-q4_1	Q4_1	26389794528	1200000
library/falcon	falcon:40b-text-q4_1	Q4_1	26389794528	1200000
library/falcon	falcon:40b-instruct-q5_0	Q5_0	28971126496	1200000
library/falcon	falcon:40b-text-q5_0	Q5_0	28971126496	1200000
library/falcon	falcon:40b-instruct-q5_1	Q5_1	31552458464	1200000
library/falcon	falcon:40b-text-q5_1	Q5_1	31552458464	1200000
library/falcon	falcon:40b-text-q8_0	Q8_0	44459063552	1200000
library/falcon	falcon:40b-instruct-q8_0	Q8_0	44459118304	1200000
library/falcon	falcon:40b-instruct-fp16	F16	83678427328	1200000
library/falcon	falcon:40b-text-fp16	F16	83678482112	1200000
library/falcon	falcon:180b	Q4_0	101483201440	1200000
library/falcon	falcon:180b-text	Q4_0	101483201440	1200000
library/falcon3	falcon3:1b-instruct-q4_K_M	Q4_K_M	1057043008	2600000
library/falcon3	falcon3:1b	Q8_0	1778709056	2600000
library/falcon3	falcon3:3b	Q4_K_M	2005682848	2600000
library/falcon3	falcon3:1b-instruct-fp16	F16	3343708736	2600000
library/falcon3	falcon3:3b-instruct-q8_0	Q8_0	3434531488	2600000
library/falcon3	falcon3:7b	Q4_K_M	4569724768	2600000
library/falcon3	falcon3:10b	Q4_K_M	6287519808	2600000
library/falcon3	falcon3:3b-instruct-fp16	F16	6460328608	2600000
library/falcon3	falcon3:7b-instruct-q8_0	Q8_0	7926781792	2600000
library/falcon3	falcon3:10b-instruct-q8_0	Q8_0	10955239488	2600000
library/falcon3	falcon3:7b-instruct-fp16	F16	14916196192	2600000
library/falcon3	falcon3:10b-instruct-fp16	F16	20616556608	2600000
library/gemma	gemma:2b-instruct-v1.1-q2_K	Q2_K	1157924576	8199999
library/gemma	gemma:2b-instruct-q2_K	Q2_K	1285182368	8199999
library/gemma	gemma:2b-text-q2_K	Q2_K	1285182368	8199999
library/gemma	gemma:2b-instruct-v1.1-q3_K_S	Q3_K_S	1287980768	8199999
library/gemma	gemma:2b-instruct-v1.1-q3_K_M	Q3_K_M	1383802592	8199999
library/gemma	gemma:2b-instruct-q3_K_S	Q3_K_S	1415238560	8199999
library/gemma	gemma:2b-text-q3_K_S	Q3_K_S	1415238560	8199999
library/gemma	gemma:2b-instruct-v1.1-q3_K_L	Q3_K_L	1465591520	8199999
library/gemma	gemma:2b-instruct-q3_K_M	Q3_K_M	1511060384	8199999
library/gemma	gemma:2b-text-q3_K_M	Q3_K_M	1511060384	8199999
library/gemma	gemma:2b-v1.1	Q4_0	1551189728	8199999
library/gemma	gemma:2b-instruct-v1.1-q4_K_S	Q4_K_S	1559840480	8199999
library/gemma	gemma:2b-instruct-q3_K_L	Q3_K_L	1592849312	8199999
library/gemma	gemma:2b-text-q3_K_L	Q3_K_L	1592849312	8199999
library/gemma	gemma:2b-instruct-v1.1-q4_K_M	Q4_K_M	1630263008	8199999
library/gemma	gemma:2b-instruct-v1.1-q4_1	Q4_1	1675052768	8199999
library/gemma	gemma:2b	Q4_0	1678447520	8199999
library/gemma	gemma:2b-text	Q4_0	1678447520	8199999
library/gemma	gemma:2b-instruct-q4_K_S	Q4_K_S	1687098272	8199999
library/gemma	gemma:2b-text-q4_K_S	Q4_K_S	1687098272	8199999
library/gemma	gemma:2b-instruct-q4_K_M	Q4_K_M	1757520800	8199999
library/gemma	gemma:2b-text-q4_K_M	Q4_K_M	1757520800	8199999
library/gemma	gemma:2b-instruct-v1.1-q5_0	Q5_0	1798915808	8199999
library/gemma	gemma:2b-instruct-v1.1-q5_K_S	Q5_K_S	1798915808	8199999
library/gemma	gemma:2b-instruct-q4_1	Q4_1	1802310560	8199999
library/gemma	gemma:2b-text-q4_1	Q4_1	1802310560	8199999
library/gemma	gemma:2b-instruct-v1.1-q5_K_M	Q5_K_M	1839650528	8199999
library/gemma	gemma:2b-instruct-v1.1-q5_1	Q5_1	1922778848	8199999
library/gemma	gemma:2b-instruct-q5_0	Q5_0	1926173600	8199999
library/gemma	gemma:2b-instruct-q5_K_S	Q5_K_S	1926173600	8199999
library/gemma	gemma:2b-text-q5_0	Q5_0	1926173600	8199999
library/gemma	gemma:2b-text-q5_K_S	Q5_K_S	1926173600	8199999
library/gemma	gemma:2b-instruct-q5_K_M	Q5_K_M	1966908320	8199999
library/gemma	gemma:2b-text-q5_K_M	Q5_K_M	1966908320	8199999
library/gemma	gemma:2b-instruct-q5_1	Q5_1	2050036640	8199999
library/gemma	gemma:2b-text-q5_1	Q5_1	2050036640	8199999
library/gemma	gemma:2b-instruct-v1.1-q6_K	Q6_K	2062124768	8199999
library/gemma	gemma:2b-instruct-q6_K	Q6_K	2189382560	8199999
library/gemma	gemma:2b-text-q6_K	Q6_K	2189382560	8199999
library/gemma	gemma:2b-instruct-v1.1-q8_0	Q8_0	2669070048	8199999
library/gemma	gemma:2b-instruct-q8_0	Q8_0	2669351840	8199999
library/gemma	gemma:2b-text-q8_0	Q8_0	2669351840	8199999
library/gemma	gemma:7b-instruct-v1.1-q2_K	Q2_K	3481447392	8199999
library/gemma	gemma:7b-instruct-q2_K	Q2_K	3671911392	8199999
library/gemma	gemma:7b-text-q2_K	Q2_K	3672332448	8199999
library/gemma	gemma:7b-instruct-v1.1-q3_K_S	Q3_K_S	3982404576	8199999
library/gemma	gemma:7b-instruct-q3_K_S	Q3_K_S	4172868576	8199999
library/gemma	gemma:7b-text-q3_K_S	Q3_K_S	4173289632	8199999
library/gemma	gemma:7b-instruct-v1.1-q3_K_M	Q3_K_M	4369329120	8199999
library/gemma	gemma:2b-instruct-fp16	F16	4527297440	8199999
library/gemma	gemma:2b-text-fp16	F16	4527297440	8199999
library/gemma	gemma:7b-instruct-q3_K_M	Q3_K_M	4559793120	8199999
library/gemma	gemma:7b-text-q3_K_M	Q3_K_M	4560214176	8199999
library/gemma	gemma:7b-instruct-v1.1-q3_K_L	Q3_K_L	4709067744	8199999
library/gemma	gemma:7b-instruct-q3_K_L	Q3_K_L	4899531744	8199999
library/gemma	gemma:7b-text-q3_K_L	Q3_K_L	4899952800	8199999
library/gemma	gemma:7b	Q4_0	5011844064	8199999
library/gemma	gemma:2b-instruct-v1.1-fp16	F16	5018535616	8199999
library/gemma	gemma:7b-instruct-v1.1-q4_K_S	Q4_K_S	5046447072	8199999
library/gemma	gemma:7b-instruct-q4_0	Q4_0	5202308064	8199999
library/gemma	gemma:text	Q4_0	5202729120	8199999
library/gemma	gemma:7b-instruct-q4_K_S	Q4_K_S	5236911072	8199999
library/gemma	gemma:7b-text-q4_K_S	Q4_K_S	5237332128	8199999
library/gemma	gemma:7b-instruct-v1.1-q4_K_M	Q4_K_M	5329759200	8199999
library/gemma	gemma:7b-instruct-v1.1-q4_1	Q4_1	5496286176	8199999
library/gemma	gemma:7b-instruct-q4_K_M	Q4_K_M	5520223200	8199999
library/gemma	gemma:7b-text-q4_K_M	Q4_K_M	5520644256	8199999
library/gemma	gemma:7b-instruct-q4_1	Q4_1	5686750176	8199999
library/gemma	gemma:7b-text-q4_1	Q4_1	5687171232	8199999
library/gemma	gemma:7b-instruct-v1.1-q5_0	Q5_0	5980728288	8199999
library/gemma	gemma:7b-instruct-v1.1-q5_K_S	Q5_K_S	5980728288	8199999
library/gemma	gemma:7b-instruct-v1.1-q5_K_M	Q5_K_M	6144502752	8199999
library/gemma	gemma:7b-instruct-q5_0	Q5_0	6171192288	8199999
library/gemma	gemma:7b-instruct-q5_K_S	Q5_K_S	6171192288	8199999
library/gemma	gemma:7b-text-q5_0	Q5_0	6171613344	8199999
library/gemma	gemma:7b-text-q5_K_S	Q5_K_S	6171613344	8199999
library/gemma	gemma:7b-instruct-q5_K_M	Q5_K_M	6334966752	8199999
library/gemma	gemma:7b-text-q5_K_M	Q5_K_M	6335387808	8199999
library/gemma	gemma:7b-instruct-v1.1-q5_1	Q5_1	6465170400	8199999
library/gemma	gemma:7b-instruct-q5_1	Q5_1	6655634400	8199999
library/gemma	gemma:7b-text-q5_1	Q5_1	6656055456	8199999
library/gemma	gemma:7b-instruct-v1.1-q6_K	Q6_K	7010167776	8199999
library/gemma	gemma:7b-instruct-q6_K	Q6_K	7200631776	8199999
library/gemma	gemma:7b-text-q6_K	Q6_K	7201052832	8199999
library/gemma	gemma:7b-instruct-q8_0	Q8_0	9077844960	8199999
library/gemma	gemma:7b-instruct-v1.1-q8_0	Q8_0	9077844960	8199999
library/gemma	gemma:7b-text-q8_0	Q8_0	9078266016	8199999
library/gemma	gemma:7b-text-fp16	F16	16344897696	8199999
library/gemma	gemma:7b-instruct-fp16	F16	17081756544	8199999
library/gemma	gemma:7b-instruct-v1.1-fp16	F16	17081756608	8199999
library/gemma2	gemma2:2b-text-q2_K	Q2_K	1229829024	31600000
library/gemma2	gemma2:2b-instruct-q2_K	Q2_K	1229829664	31600000
library/gemma2	gemma2:2b-text-q3_K_S	Q3_K_S	1360659360	31600000
library/gemma2	gemma2:2b-instruct-q3_K_S	Q3_K_S	1360660000	31600000
library/gemma2	gemma2:2b-text-q3_K_M	Q3_K_M	1461666720	31600000
library/gemma2	gemma2:2b-instruct-q3_K_M	Q3_K_M	1461667360	31600000
library/gemma2	gemma2:2b-text-q3_K_L	Q3_K_L	1550435232	31600000
library/gemma2	gemma2:2b-instruct-q3_K_L	Q3_K_L	1550435872	31600000
library/gemma2	gemma2:2b-text-q4_0	Q4_0	1629508512	31600000
library/gemma2	gemma2:2b	Q4_0	1629509152	31600000
library/gemma2	gemma2:2b-text-q4_K_S	Q4_K_S	1638650784	31600000
library/gemma2	gemma2:2b-instruct-q4_K_S	Q4_K_S	1638651424	31600000
library/gemma2	gemma2:2b-text-q4_K_M	Q4_K_M	1708581792	31600000
library/gemma2	gemma2:2b-instruct-q4_K_M	Q4_K_M	1708582432	31600000
library/gemma2	gemma2:2b-text-q4_1	Q4_1	1756025760	31600000
library/gemma2	gemma2:2b-instruct-q4_1	Q4_1	1756026400	31600000
library/gemma2	gemma2:2b-text-q5_0	Q5_0	1882543008	31600000
library/gemma2	gemma2:2b-text-q5_K_S	Q5_K_S	1882543008	31600000
library/gemma2	gemma2:2b-instruct-q5_0	Q5_0	1882543648	31600000
library/gemma2	gemma2:2b-instruct-q5_K_S	Q5_K_S	1882543648	31600000
library/gemma2	gemma2:2b-text-q5_K_M	Q5_K_M	1923277728	31600000
library/gemma2	gemma2:2b-instruct-q5_K_M	Q5_K_M	1923278368	31600000
library/gemma2	gemma2:2b-text-q5_1	Q5_1	2009060256	31600000
library/gemma2	gemma2:2b-instruct-q5_1	Q5_1	2009060896	31600000
library/gemma2	gemma2:2b-text-q6_K	Q6_K	2151392160	31600000
library/gemma2	gemma2:2b-instruct-q6_K	Q6_K	2151392800	31600000
library/gemma2	gemma2:2b-text-q8_0	Q8_0	2784494496	31600000
library/gemma2	gemma2:2b-instruct-q8_0	Q8_0	2784495136	31600000
library/gemma2	gemma2:9b-text-q2_K	Q2_K	3805398016	31600000
library/gemma2	gemma2:9b-instruct-q2_K	Q2_K	3805398656	31600000
library/gemma2	gemma2:9b-text-q3_K_S	Q3_K_S	4337665024	31600000
library/gemma2	gemma2:9b-instruct-q3_K_S	Q3_K_S	4337665664	31600000
library/gemma2	gemma2:9b-text-q3_K_M	Q3_K_M	4761781248	31600000
library/gemma2	gemma2:9b-instruct-q3_K_M	Q3_K_M	4761781888	31600000
library/gemma2	gemma2:9b-text-q3_K_L	Q3_K_L	5132452864	31600000
library/gemma2	gemma2:9b-instruct-q3_K_L	Q3_K_L	5132453504	31600000
library/gemma2	gemma2:2b-text-fp16	F16	5235213216	31600000
library/gemma2	gemma2:2b-instruct-fp16	F16	5235213856	31600000
library/gemma2	gemma2:9b-text-q4_0	Q4_0	5443142656	31600000
library/gemma2	gemma2:9b	Q4_0	5443143296	31600000
library/gemma2	gemma2:9b-text-q4_K_S	Q4_K_S	5478925312	31600000
library/gemma2	gemma2:9b-instruct-q4_K_S	Q4_K_S	5478925952	31600000
library/gemma2	gemma2:9b-text-q4_K_M	Q4_K_M	5761057792	31600000
library/gemma2	gemma2:9b-instruct-q4_K_M	Q4_K_M	5761058432	31600000
library/gemma2	gemma2:9b-text-q4_1	Q4_1	5963367424	31600000
library/gemma2	gemma2:9b-instruct-q4_1	Q4_1	5963368064	31600000
library/gemma2	gemma2:9b-text-q5_0	Q5_0	6483592192	31600000
library/gemma2	gemma2:9b-text-q5_K_S	Q5_K_S	6483592192	31600000
library/gemma2	gemma2:9b-instruct-q5_0	Q5_0	6483592832	31600000
library/gemma2	gemma2:9b-instruct-q5_K_S	Q5_K_S	6483592832	31600000
library/gemma2	gemma2:9b-text-q5_K_M	Q5_K_M	6647366656	31600000
library/gemma2	gemma2:9b-instruct-q5_K_M	Q5_K_M	6647367296	31600000
library/gemma2	gemma2:9b-text-q5_1	Q5_1	7003816960	31600000
library/gemma2	gemma2:9b-instruct-q5_1	Q5_1	7003817600	31600000
library/gemma2	gemma2:9b-text-q6_K	Q6_K	7589069824	31600000
library/gemma2	gemma2:9b-instruct-q6_K	Q6_K	7589070464	31600000
library/gemma2	gemma2:9b-text-q8_0	Q8_0	9827148800	31600000
library/gemma2	gemma2:9b-instruct-q8_0	Q8_0	9827149440	31600000
library/gemma2	gemma2:27b-text-q2_K	Q2_K	10449575520	31600000
library/gemma2	gemma2:27b-instruct-q2_K	Q2_K	10449576160	31600000
library/gemma2	gemma2:27b-text-q3_K_S	Q3_K_S	12169059936	31600000
library/gemma2	gemma2:27b-instruct-q3_K_S	Q3_K_S	12169060576	31600000
library/gemma2	gemma2:27b-text-q3_K_M	Q3_K_M	13424647776	31600000
library/gemma2	gemma2:27b-instruct-q3_K_M	Q3_K_M	13424648416	31600000
library/gemma2	gemma2:27b-text-q3_K_L	Q3_K_L	14519361120	31600000
library/gemma2	gemma2:27b-instruct-q3_K_L	Q3_K_L	14519361760	31600000
library/gemma2	gemma2:27b-text-q4_0	Q4_0	15628377696	31600000
library/gemma2	gemma2:27b	Q4_0	15628378336	31600000
library/gemma2	gemma2:27b-text-q4_K_S	Q4_K_S	15739264608	31600000
library/gemma2	gemma2:27b-instruct-q4_K_S	Q4_K_S	15739265248	31600000
library/gemma2	gemma2:27b-text-q4_K_M	Q4_K_M	16645381728	31600000
library/gemma2	gemma2:27b-instruct-q4_K_M	Q4_K_M	16645382368	31600000
library/gemma2	gemma2:27b-text-q4_1	Q4_1	17256291936	31600000
library/gemma2	gemma2:27b-instruct-q4_1	Q4_1	17256292576	31600000
library/gemma2	gemma2:9b-text-fp16	F16	18490680320	31600000
library/gemma2	gemma2:9b-instruct-fp16	F16	18490680960	31600000
library/gemma2	gemma2:27b-text-q5_0	Q5_0	18884206176	31600000
library/gemma2	gemma2:27b-text-q5_K_S	Q5_K_S	18884206176	31600000
library/gemma2	gemma2:27b-instruct-q5_0	Q5_0	18884206816	31600000
library/gemma2	gemma2:27b-instruct-q5_K_S	Q5_K_S	18884206816	31600000
library/gemma2	gemma2:27b-text-q5_K_M	Q5_K_M	19408117344	31600000
library/gemma2	gemma2:27b-instruct-q5_K_M	Q5_K_M	19408117984	31600000
library/gemma2	gemma2:27b-text-q5_1	Q5_1	20512120416	31600000
library/gemma2	gemma2:27b-instruct-q5_1	Q5_1	20512121056	31600000
library/gemma2	gemma2:27b-text-q6_K	Q6_K	22343523936	31600000
library/gemma2	gemma2:27b-instruct-q6_K	Q6_K	22343524576	31600000
library/gemma2	gemma2:27b-text-q8_0	Q8_0	28937387616	31600000
library/gemma2	gemma2:27b-instruct-q8_0	Q8_0	28937388256	31600000
library/gemma2	gemma2:27b-text-fp16	F16	54462021216	31600000
library/gemma2	gemma2:27b-instruct-fp16	F16	54462021856	31600000
library/gemma3	gemma3:270m-it-qat	Q4_0	241410464	40000000
library/gemma3	gemma3:270m	Q8_0	291545472	40000000
library/gemma3	gemma3:270m-it-bf16	BF16	542835072	40000000
library/gemma3	gemma3:270m-it-fp16	F16	542835072	40000000
library/gemma3	gemma3:1b	Q4_K_M	815310432	40000000
library/gemma3	gemma3:1b-it-qat	Q4_0	1003539136	40000000
library/gemma3	gemma3:1b-it-q8_0	Q8_0	1078558560	40000000
library/gemma3	gemma3:1b-it-fp16	F16	2015825760	40000000
library/gemma3	gemma3:4b	Q4_K_M	3338792448	40000000
library/gemma3	gemma3:4b-it-qat	Q4_0	4006630016	40000000
library/gemma3	gemma3:4b-it-q8_0	Q8_0	4979936768	40000000
library/gemma3	gemma3:12b	Q4_K_M	8149180896	40000000
library/gemma3	gemma3:4b-it-fp16	F16	8617184768	40000000
library/gemma3	gemma3:12b-it-qat	Q4_0	8928674496	40000000
library/gemma3	gemma3:12b-it-q8_0	Q8_0	13362610656	40000000
library/gemma3	gemma3:27b	Q4_K_M	17396927584	40000000
library/gemma3	gemma3:27b-it-qat	Q4_0	18087370048	40000000
library/gemma3	gemma3:12b-it-fp16	F16	24392319456	40000000
library/gemma3	gemma3:27b-it-q8_0	Q8_0	29563804768	40000000
library/gemma3	gemma3:27b-it-fp16	F16	54883474528	40000000
library/gemma3n	gemma3n:e2b	Q4_K_M	5621607424	2100000
library/gemma3n	gemma3n:e2b-it-q8_0	Q8_0	6639418368	2100000
library/gemma3n	gemma3n:e4b	Q4_K_M	7547579904	2100000
library/gemma3n	gemma3n:e2b-it-fp16	F16	8929148896	2100000
library/gemma3n	gemma3n:e4b-it-q8_0	Q8_0	9515445760	2100000
library/gemma3n	gemma3n:e4b-it-fp16	F16	13750405088	2100000
library/gemma4	gemma4:e2b-it-qat	Q4_0	3349514112	24000000
library/gemma4	gemma4:e4b-it-qat	Q4_0	5154939136	24000000
library/gemma4	gemma4:12b-it-qat	Q4_0	6975877728	24000000
library/gemma4	gemma4:e2b	Q4_K_M	7162394016	24000000
library/gemma4	gemma4:12b	Q4_K_M	7381382048	24000000
library/gemma4	gemma4:e2b-it-q8_0	Q8_0	8140140960	24000000
library/gemma4	gemma4:e4b	Q4_K_M	9608338848	24000000
library/gemma4	gemma4:e2b-it-bf16	BF16	10294841696	24000000
library/gemma4	gemma4:e4b-it-q8_0	Q8_0	11636104608	24000000
library/gemma4	gemma4:12b-it-q8_0	Q8_0	12669645728	24000000
library/gemma4	gemma4:26b-a4b-it-qat	Q4_0	14439361440	24000000
library/gemma4	gemma4:e4b-it-bf16	BF16	16041352576	24000000
library/gemma4	gemma4:26b	Q4_K_M	16947541728	24000000
library/gemma4	gemma4:31b-it-qat	Q4_0	17650999456	24000000
library/gemma4	gemma4:26b-a4b-it-q4_K_M	Q4_K_M	17987569344	24000000
library/gemma4	gemma4:31b	Q4_K_M	19868969920	24000000
library/gemma4	gemma4:12b-it-bf16	BF16	23832064928	24000000
library/gemma4	gemma4:26b-a4b-it-q8_0	Q8_0	28052899520	24000000
library/gemma4	gemma4:31b-it-q8_0	Q8_0	33834613696	24000000
library/gemma4	gemma4:26b-a4b-it-bf16	BF16	51698175424	24000000
library/gemma4	gemma4:31b-it-bf16	BF16	62612126592	24000000
library/glm-4.7-flash	glm-4.7-flash:q4_K_M	Q4_K_M	19019269280	1600000
library/glm-4.7-flash	glm-4.7-flash:q8_0	Q8_0	31843415200	1600000
library/glm-4.7-flash	glm-4.7-flash:bf16	F16	59909452960	1600000
library/glm-ocr	glm-ocr:q8_0	Q8_0	1588187104	7100000
library/glm-ocr	glm-ocr:bf16	F16	2219298752	7100000
library/glm4	glm4:9b-text-q2_K	Q2_K	3991897216	1200000
library/glm4	glm4:9b-chat-q2_K	Q2_K	3991900160	1200000
library/glm4	glm4:9b-text-q3_K_S	Q3_K_S	4587422848	1200000
library/glm4	glm4:9b-chat-q3_K_S	Q3_K_S	4587425792	1200000
library/glm4	glm4:9b-text-q3_K_M	Q3_K_M	5064328320	1200000
library/glm4	glm4:9b-chat-q3_K_M	Q3_K_M	5064331264	1200000
library/glm4	glm4:9b-text-q3_K_L	Q3_K_L	5281449088	1200000
library/glm4	glm4:9b-chat-q3_K_L	Q3_K_L	5281452032	1200000
library/glm4	glm4:9b-text-q4_0	Q4_0	5455316096	1200000
library/glm4	glm4:9b	Q4_0	5455319040	1200000
library/glm4	glm4:9b-text-q4_K_S	Q4_K_S	5753341056	1200000
library/glm4	glm4:9b-chat-q4_K_S	Q4_K_S	5753344000	1200000
library/glm4	glm4:9b-text-q4_1	Q4_1	6003983488	1200000
library/glm4	glm4:9b-chat-q4_1	Q4_1	6003986432	1200000
library/glm4	glm4:9b-text-q4_K_M	Q4_K_M	6250923136	1200000
library/glm4	glm4:9b-chat-q4_K_M	Q4_K_M	6250926080	1200000
library/glm4	glm4:9b-text-q5_0	Q5_0	6552650880	1200000
library/glm4	glm4:9b-chat-q5_0	Q5_0	6552653824	1200000
library/glm4	glm4:9b-text-q5_K_S	Q5_K_S	6692897920	1200000
library/glm4	glm4:9b-chat-q5_K_S	Q5_K_S	6692900864	1200000
library/glm4	glm4:9b-text-q5_1	Q5_1	7101318272	1200000
library/glm4	glm4:9b-chat-q5_1	Q5_1	7101321216	1200000
library/glm4	glm4:9b-text-q5_K_M	Q5_K_M	7143785600	1200000
library/glm4	glm4:9b-chat-q5_K_M	Q5_K_M	7143788544	1200000
library/glm4	glm4:9b-text-q6_K	Q6_K	8262026368	1200000
library/glm4	glm4:9b-chat-q6_K	Q6_K	8262029312	1200000
library/glm4	glm4:9b-text-q8_0	Q8_0	9994994816	1200000
library/glm4	glm4:9b-chat-q8_0	Q8_0	9994997760	1200000
library/glm4	glm4:9b-text-fp16	F16	18806965376	1200000
library/glm4	glm4:9b-chat-fp16	F16	18806968320	1200000
library/gpt-oss	gpt-oss:20b	MXFP4	13793422144	12500000
library/gpt-oss	gpt-oss:120b	MXFP4	65369799840	12500000
library/granite-code	granite-code:3b-base-q2_K	Q2_K	1338692896	1500000
library/granite-code	granite-code:3b-instruct-q2_K	Q2_K	1338693312	1500000
library/granite-code	granite-code:3b-instruct-128k-q2_K	Q2_K	1338693984	1500000
library/granite-code	granite-code:3b-base-q3_K_S	Q3_K_S	1551684896	1500000
library/granite-code	granite-code:3b-instruct-q3_K_S	Q3_K_S	1551685312	1500000
library/granite-code	granite-code:3b-instruct-128k-q3_K_S	Q3_K_S	1551685984	1500000
library/granite-code	granite-code:3b-base-q3_K_M	Q3_K_M	1726993696	1500000
library/granite-code	granite-code:3b-instruct-q3_K_M	Q3_K_M	1726994112	1500000
library/granite-code	granite-code:3b-instruct-128k-q3_K_M	Q3_K_M	1726994784	1500000
library/granite-code	granite-code:3b-base-q3_K_L	Q3_K_L	1876088096	1500000
library/granite-code	granite-code:3b-instruct-q3_K_L	Q3_K_L	1876088512	1500000
library/granite-code	granite-code:3b-instruct-128k-q3_K_L	Q3_K_L	1876089184	1500000
library/granite-code	granite-code:3b-base	Q4_0	1997329696	1500000
library/granite-code	granite-code:3b-instruct-q4_0	Q4_0	1997330112	1500000
library/granite-code	granite-code:3b	Q4_0	1997330784	1500000
library/granite-code	granite-code:3b-base-q4_K_S	Q4_K_S	2013713696	1500000
library/granite-code	granite-code:3b-instruct-q4_K_S	Q4_K_S	2013714112	1500000
library/granite-code	granite-code:3b-instruct-128k-q4_K_S	Q4_K_S	2013714784	1500000
library/granite-code	granite-code:3b-base-q4_K_M	Q4_K_M	2132497696	1500000
library/granite-code	granite-code:3b-instruct-q4_K_M	Q4_K_M	2132498112	1500000
library/granite-code	granite-code:3b-instruct-128k-q4_K_M	Q4_K_M	2132498784	1500000
library/granite-code	granite-code:3b-base-q4_1	Q4_1	2207044896	1500000
library/granite-code	granite-code:3b-instruct-q4_1	Q4_1	2207045312	1500000
library/granite-code	granite-code:3b-instruct-128k-q4_1	Q4_1	2207045984	1500000
library/granite-code	granite-code:3b-base-q5_0	Q5_0	2416760096	1500000
library/granite-code	granite-code:3b-base-q5_K_S	Q5_K_S	2416760096	1500000
library/granite-code	granite-code:3b-instruct-q5_0	Q5_0	2416760512	1500000
library/granite-code	granite-code:3b-instruct-q5_K_S	Q5_K_S	2416760512	1500000
library/granite-code	granite-code:3b-instruct-128k-q5_0	Q5_0	2416761184	1500000
library/granite-code	granite-code:3b-instruct-128k-q5_K_S	Q5_K_S	2416761184	1500000
library/granite-code	granite-code:3b-base-q5_K_M	Q5_K_M	2486392096	1500000
library/granite-code	granite-code:3b-instruct-q5_K_M	Q5_K_M	2486392512	1500000
library/granite-code	granite-code:3b-instruct-128k-q5_K_M	Q5_K_M	2486393184	1500000
library/granite-code	granite-code:3b-base-q5_1	Q5_1	2626475296	1500000
library/granite-code	granite-code:3b-instruct-q5_1	Q5_1	2626475712	1500000
library/granite-code	granite-code:3b-instruct-128k-q5_1	Q5_1	2626476384	1500000
library/granite-code	granite-code:3b-base-q6_K	Q6_K	2862404896	1500000
library/granite-code	granite-code:3b-instruct-q6_K	Q6_K	2862405312	1500000
library/granite-code	granite-code:3b-instruct-128k-q6_K	Q6_K	2862405984	1500000
library/granite-code	granite-code:8b-base-q2_K	Q2_K	3062070048	1500000
library/granite-code	granite-code:8b-instruct-q2_K	Q2_K	3062070464	1500000
library/granite-code	granite-code:8b-base-q3_K_S	Q3_K_S	3548085024	1500000
library/granite-code	granite-code:8b-instruct-q3_K_S	Q3_K_S	3548085440	1500000
library/granite-code	granite-code:3b-base-q8_0	Q8_0	3705525536	1500000
library/granite-code	granite-code:3b-instruct-q8_0	Q8_0	3705525952	1500000
library/granite-code	granite-code:3b-instruct-128k-q8_0	Q8_0	3705526624	1500000
library/granite-code	granite-code:8b-base-q3_K_M	Q3_K_M	3944839968	1500000
library/granite-code	granite-code:8b-instruct-q3_K_M	Q3_K_M	3944840384	1500000
library/granite-code	granite-code:8b-base-q3_K_L	Q3_K_L	4287724320	1500000
library/granite-code	granite-code:8b-instruct-q3_K_L	Q3_K_L	4287724736	1500000
library/granite-code	granite-code:8b-base	Q4_0	4590893856	1500000
library/granite-code	granite-code:8b-instruct-q4_0	Q4_0	4590894272	1500000
library/granite-code	granite-code:8b	Q4_0	4590894944	1500000
library/granite-code	granite-code:8b-base-q4_K_S	Q4_K_S	4622351136	1500000
library/granite-code	granite-code:8b-instruct-q4_K_S	Q4_K_S	4622351552	1500000
library/granite-code	granite-code:8b-base-q4_K_M	Q4_K_M	4882856736	1500000
library/granite-code	granite-code:8b-instruct-q4_K_M	Q4_K_M	4882857152	1500000
library/granite-code	granite-code:8b-base-q4_1	Q4_1	5081627424	1500000
library/granite-code	granite-code:8b-instruct-q4_1	Q4_1	5081627840	1500000
library/granite-code	granite-code:8b-instruct-128k-q4_1	Q4_1	5081628512	1500000
library/granite-code	granite-code:8b-base-q5_0	Q5_0	5572360992	1500000
library/granite-code	granite-code:8b-base-q5_K_S	Q5_K_S	5572360992	1500000
library/granite-code	granite-code:8b-instruct-q5_0	Q5_0	5572361408	1500000
library/granite-code	granite-code:8b-instruct-q5_K_S	Q5_K_S	5572361408	1500000
library/granite-code	granite-code:8b-base-q5_K_M	Q5_K_M	5722766112	1500000
library/granite-code	granite-code:8b-instruct-q5_K_M	Q5_K_M	5722766528	1500000
library/granite-code	granite-code:8b-base-q5_1	Q5_1	6063094560	1500000
library/granite-code	granite-code:8b-instruct-q5_1	Q5_1	6063094976	1500000
library/granite-code	granite-code:8b-base-q6_K	Q6_K	6615169824	1500000
library/granite-code	granite-code:8b-instruct-q6_K	Q6_K	6615170240	1500000
library/granite-code	granite-code:3b-base-fp16	F16	6969218336	1500000
library/granite-code	granite-code:3b-instruct-fp16	F16	6969218752	1500000
library/granite-code	granite-code:3b-instruct-128k-fp16	F16	6969219424	1500000
library/granite-code	granite-code:20b-base-q2_K	Q2_K	7929484640	1500000
library/granite-code	granite-code:20b-instruct-q2_K	Q2_K	7929485056	1500000
library/granite-code	granite-code:20b-instruct-8k-q2_K	Q2_K	7929485984	1500000
library/granite-code	granite-code:8b-base-q8_0	Q8_0	8565521184	1500000
library/granite-code	granite-code:8b-instruct-q8_0	Q8_0	8565521600	1500000
library/granite-code	granite-code:20b-base-q3_K_S	Q3_K_S	8934593888	1500000
library/granite-code	granite-code:20b-instruct-q3_K_S	Q3_K_S	8934594304	1500000
library/granite-code	granite-code:20b-instruct-8k-q3_K_S	Q3_K_S	8934595232	1500000
library/granite-code	granite-code:20b-base-q3_K_M	Q3_K_M	10566292832	1500000
library/granite-code	granite-code:20b-instruct-q3_K_M	Q3_K_M	10566293248	1500000
library/granite-code	granite-code:20b-instruct-8k-q3_K_M	Q3_K_M	10566294176	1500000
library/granite-code	granite-code:20b-base	Q4_0	11552478560	1500000
library/granite-code	granite-code:20b-instruct-q4_0	Q4_0	11552478976	1500000
library/granite-code	granite-code:20b	Q4_0	11552479904	1500000
library/granite-code	granite-code:20b-base-q4_K_S	Q4_K_S	11665724768	1500000
library/granite-code	granite-code:20b-instruct-q4_K_S	Q4_K_S	11665725184	1500000
library/granite-code	granite-code:20b-instruct-8k-q4_K_S	Q4_K_S	11665726112	1500000
library/granite-code	granite-code:20b-base-q3_K_L	Q3_K_L	11736503648	1500000
library/granite-code	granite-code:20b-instruct-q3_K_L	Q3_K_L	11736504064	1500000
library/granite-code	granite-code:20b-instruct-8k-q3_K_L	Q3_K_L	11736504992	1500000
library/granite-code	granite-code:20b-base-q4_1	Q4_1	12784424288	1500000
library/granite-code	granite-code:20b-instruct-q4_1	Q4_1	12784424704	1500000
library/granite-code	granite-code:20b-instruct-8k-q4_1	Q4_1	12784425632	1500000
library/granite-code	granite-code:20b-base-q4_K_M	Q4_K_M	12820206944	1500000
library/granite-code	granite-code:20b-instruct-q4_K_M	Q4_K_M	12820207360	1500000
library/granite-code	granite-code:20b-instruct-8k-q4_K_M	Q4_K_M	12820208288	1500000
library/granite-code	granite-code:34b-base-q2_K	Q2_K	13107020768	1500000
library/granite-code	granite-code:34b-instruct-q2_K	Q2_K	13107021184	1500000
library/granite-code	granite-code:20b-base-q5_0	Q5_0	14016370016	1500000
library/granite-code	granite-code:20b-base-q5_K_S	Q5_K_S	14016370016	1500000
library/granite-code	granite-code:20b-instruct-q5_0	Q5_0	14016370432	1500000
library/granite-code	granite-code:20b-instruct-q5_K_S	Q5_K_S	14016370432	1500000
library/granite-code	granite-code:20b-instruct-8k-q5_0	Q5_0	14016371360	1500000
library/granite-code	granite-code:20b-instruct-8k-q5_K_S	Q5_K_S	14016371360	1500000
library/granite-code	granite-code:34b-base-q3_K_S	Q3_K_S	14807974880	1500000
library/granite-code	granite-code:34b-instruct-q3_K_S	Q3_K_S	14807975296	1500000
library/granite-code	granite-code:20b-base-q5_K_M	Q5_K_M	14809339232	1500000
library/granite-code	granite-code:20b-instruct-q5_K_M	Q5_K_M	14809339648	1500000
library/granite-code	granite-code:20b-instruct-8k-q5_K_M	Q5_K_M	14809340576	1500000
library/granite-code	granite-code:20b-base-q5_1	Q5_1	15248315744	1500000
library/granite-code	granite-code:20b-instruct-q5_1	Q5_1	15248316160	1500000
library/granite-code	granite-code:20b-instruct-8k-q5_1	Q5_1	15248317088	1500000
library/granite-code	granite-code:8b-base-fp16	F16	16115268384	1500000
library/granite-code	granite-code:8b-instruct-fp16	F16	16115268800	1500000
library/granite-code	granite-code:20b-base-q6_K	Q6_K	16634254688	1500000
library/granite-code	granite-code:20b-instruct-q6_K	Q6_K	16634255104	1500000
library/granite-code	granite-code:20b-instruct-8k-q6_K	Q6_K	16634256032	1500000
library/granite-code	granite-code:34b-base-q3_K_M	Q3_K_M	17567859680	1500000
library/granite-code	granite-code:34b-instruct-q3_K_M	Q3_K_M	17567860096	1500000
library/granite-code	granite-code:34b-base	Q4_0	19238241248	1500000
library/granite-code	granite-code:34b	Q4_0	19238241664	1500000
library/granite-code	granite-code:34b-base-q4_K_S	Q4_K_S	19445859296	1500000
library/granite-code	granite-code:34b-instruct-q4_K_S	Q4_K_S	19445859712	1500000
library/granite-code	granite-code:34b-base-q3_K_L	Q3_K_L	19549668320	1500000
library/granite-code	granite-code:34b-instruct-q3_K_L	Q3_K_L	19549668736	1500000
library/granite-code	granite-code:34b-base-q4_1	Q4_1	21323072480	1500000
library/granite-code	granite-code:34b-instruct-q4_1	Q4_1	21323072896	1500000
library/granite-code	granite-code:34b-base-q4_K_M	Q4_K_M	21383627744	1500000
library/granite-code	granite-code:34b-instruct-q4_K_M	Q4_K_M	21383628160	1500000
library/granite-code	granite-code:20b-base-q8_0	Q8_0	21481182560	1500000
library/granite-code	granite-code:20b-instruct-q8_0	Q8_0	21481182976	1500000
library/granite-code	granite-code:20b-instruct-8k-q8_0	Q8_0	21481183904	1500000
library/granite-code	granite-code:34b-base-q5_0	Q5_0	23407903712	1500000
library/granite-code	granite-code:34b-base-q5_K_S	Q5_K_S	23407903712	1500000
library/granite-code	granite-code:34b-instruct-q5_0	Q5_0	23407904128	1500000
library/granite-code	granite-code:34b-instruct-q5_K_S	Q5_K_S	23407904128	1500000
library/granite-code	granite-code:34b-base-q5_K_M	Q5_K_M	24749851616	1500000
library/granite-code	granite-code:34b-instruct-q5_K_M	Q5_K_M	24749852032	1500000
library/granite-code	granite-code:34b-base-q5_1	Q5_1	25492734944	1500000
library/granite-code	granite-code:34b-instruct-q5_1	Q5_1	25492735360	1500000
library/granite-code	granite-code:34b-base-q6_K	Q6_K	27838170080	1500000
library/granite-code	granite-code:34b-instruct-q6_K	Q6_K	27838170496	1500000
library/granite-code	granite-code:34b-base-q8_0	Q8_0	35990029280	1500000
library/granite-code	granite-code:34b-instruct-q8_0	Q8_0	35990029696	1500000
library/granite-code	granite-code:20b-base-fp16	F16	40243484000	1500000
library/granite-code	granite-code:20b-instruct-8k-fp16	F16	40243485344	1500000
library/granite3-dense	granite3-dense:2b-instruct-q2_K	Q2_K	1011274752	1000000
library/granite3-dense	granite3-dense:2b-instruct-q3_K_S	Q3_K_S	1173542528	1000000
library/granite3-dense	granite3-dense:2b-instruct-q3_K_M	Q3_K_M	1294980736	1000000
library/granite3-dense	granite3-dense:2b-instruct-q3_K_L	Q3_K_L	1400624768	1000000
library/granite3-dense	granite3-dense:2b-instruct-q4_0	Q4_0	1510005152	1000000
library/granite3-dense	granite3-dense:2b-instruct-q4_K_S	Q4_K_S	1521015200	1000000
library/granite3-dense	granite3-dense:2b	Q4_K_M	1601919392	1000000
library/granite3-dense	granite3-dense:2b-instruct-q4_1	Q4_1	1668340512	1000000
library/granite3-dense	granite3-dense:2b-instruct-q5_0	Q5_0	1826675872	1000000
library/granite3-dense	granite3-dense:2b-instruct-q5_K_S	Q5_K_S	1826675872	1000000
library/granite3-dense	granite3-dense:2b-instruct-q5_K_M	Q5_K_M	1874025632	1000000
library/granite3-dense	granite3-dense:2b-instruct-q5_1	Q5_1	1985011232	1000000
library/granite3-dense	granite3-dense:2b-instruct-q6_K	Q6_K	2163138528	1000000
library/granite3-dense	granite3-dense:2b-instruct-q8_0	Q8_0	2801068896	1000000
library/granite3-dense	granite3-dense:8b-instruct-q2_K	Q2_K	3103588224	1000000
library/granite3-dense	granite3-dense:8b-instruct-q3_K_S	Q3_K_S	3592486784	1000000
library/granite3-dense	granite3-dense:8b-instruct-q3_K_M	Q3_K_M	3996581760	1000000
library/granite3-dense	granite3-dense:8b-instruct-q3_K_L	Q3_K_L	4349427584	1000000
library/granite3-dense	granite3-dense:8b-instruct-q4_0	Q4_0	4650893184	1000000
library/granite3-dense	granite3-dense:8b-instruct-q4_K_S	Q4_K_S	4685758336	1000000
library/granite3-dense	granite3-dense:8b	Q4_K_M	4942856064	1000000
library/granite3-dense	granite3-dense:8b-instruct-q4_1	Q4_1	5148966784	1000000
library/granite3-dense	granite3-dense:2b-instruct-fp16	F16	5270476896	1000000
library/granite3-dense	granite3-dense:8b-instruct-q5_0	Q5_0	5647040384	1000000
library/granite3-dense	granite3-dense:8b-instruct-q5_K_S	Q5_K_S	5647040384	1000000
library/granite3-dense	granite3-dense:8b-instruct-q5_K_M	Q5_K_M	5797445504	1000000
library/granite3-dense	granite3-dense:8b-instruct-q5_1	Q5_1	6145113984	1000000
library/granite3-dense	granite3-dense:8b-instruct-q6_K	Q6_K	6705446784	1000000
library/granite3-dense	granite3-dense:8b-instruct-q8_0	Q8_0	8684243744	1000000
library/granite3-dense	granite3-dense:8b-instruct-fp16	F16	16344102944	1000000
library/granite3-moe	granite3-moe:1b-instruct-q2_K	Q2_K	512236224	950100
library/granite3-moe	granite3-moe:1b-instruct-q3_K_S	Q3_K_S	597859008	950100
library/granite3-moe	granite3-moe:1b-instruct-q3_K_M	Q3_K_M	658578112	950100
library/granite3-moe	granite3-moe:1b-instruct-q3_K_L	Q3_K_L	711400128	950100
library/granite3-moe	granite3-moe:1b-instruct-q4_0	Q4_0	768318144	950100
library/granite3-moe	granite3-moe:1b-instruct-q4_K_S	Q4_K_S	774871744	950100
library/granite3-moe	granite3-moe:1b	Q4_K_M	821844672	950100
library/granite3-moe	granite3-moe:1b-instruct-q4_1	Q4_1	848534208	950100
library/granite3-moe	granite3-moe:1b-instruct-q5_0	Q5_0	928750272	950100
library/granite3-moe	granite3-moe:1b-instruct-q5_K_S	Q5_K_S	928750272	950100
library/granite3-moe	granite3-moe:1b-instruct-q5_K_M	Q5_K_M	956324544	950100
library/granite3-moe	granite3-moe:1b-instruct-q5_1	Q5_1	1008966336	950100
library/granite3-moe	granite3-moe:1b-instruct-q6_K	Q6_K	1099209408	950100
library/granite3-moe	granite3-moe:3b-instruct-q2_K	Q2_K	1266139680	950100
library/granite3-moe	granite3-moe:1b-instruct-q8_0	Q8_0	1422237088	950100
library/granite3-moe	granite3-moe:3b-instruct-q3_K_S	Q3_K_S	1488503776	950100
library/granite3-moe	granite3-moe:3b-instruct-q3_K_M	Q3_K_M	1643627488	950100
library/granite3-moe	granite3-moe:3b-instruct-q3_K_L	Q3_K_L	1773978592	950100
library/granite3-moe	granite3-moe:3b-instruct-q4_0	Q4_0	1926350400	950100
library/granite3-moe	granite3-moe:3b-instruct-q4_K_S	Q4_K_S	1942472256	950100
library/granite3-moe	granite3-moe:3b	Q4_K_M	2059355712	950100
library/granite3-moe	granite3-moe:3b-instruct-q4_1	Q4_1	2132395872	950100
library/granite3-moe	granite3-moe:3b-instruct-q5_0	Q5_0	2338441344	950100
library/granite3-moe	granite3-moe:3b-instruct-q5_K_S	Q5_K_S	2338441344	950100
library/granite3-moe	granite3-moe:3b-instruct-q5_K_M	Q5_K_M	2406959232	950100
library/granite3-moe	granite3-moe:3b-instruct-q5_1	Q5_1	2544486816	950100
library/granite3-moe	granite3-moe:1b-instruct-fp16	F16	2672666848	950100
library/granite3-moe	granite3-moe:3b-instruct-q6_K	Q6_K	2776288000	950100
library/granite3-moe	granite3-moe:3b-instruct-q8_0	Q8_0	3592999808	950100
library/granite3-moe	granite3-moe:3b-instruct-fp16	F16	6754465088	950100
library/granite3.1-dense	granite3.1-dense:2b-instruct-q2_K	Q2_K	1002626080	1000000
library/granite3.1-dense	granite3.1-dense:2b-instruct-q3_K_S	Q3_K_S	1154669600	1000000
library/granite3.1-dense	granite3.1-dense:2b-instruct-q3_K_M	Q3_K_M	1276107808	1000000
library/granite3.1-dense	granite3.1-dense:2b-instruct-q3_K_L	Q3_K_L	1381751840	1000000
library/granite3.1-dense	granite3.1-dense:2b-instruct-q4_0	Q4_0	1477762080	1000000
library/granite3.1-dense	granite3.1-dense:2b-instruct-q4_K_S	Q4_K_S	1488772128	1000000
library/granite3.1-dense	granite3.1-dense:2b	Q4_K_M	1569676320	1000000
library/granite3.1-dense	granite3.1-dense:2b-instruct-q4_1	Q4_1	1629805600	1000000
library/granite3.1-dense	granite3.1-dense:2b-instruct-q5_0	Q5_0	1781849120	1000000
library/granite3.1-dense	granite3.1-dense:2b-instruct-q5_K_S	Q5_K_S	1781849120	1000000
library/granite3.1-dense	granite3.1-dense:2b-instruct-q5_K_M	Q5_K_M	1829198880	1000000
library/granite3.1-dense	granite3.1-dense:2b-instruct-q5_1	Q5_1	1933892640	1000000
library/granite3.1-dense	granite3.1-dense:2b-instruct-q6_K	Q6_K	2104941600	1000000
library/granite3.1-dense	granite3.1-dense:2b-instruct-q8_0	Q8_0	2694110240	1000000
library/granite3.1-dense	granite3.1-dense:8b-instruct-q2_K	Q2_K	3152352672	1000000
library/granite3.1-dense	granite3.1-dense:8b-instruct-q3_K_S	Q3_K_S	3641251232	1000000
library/granite3.1-dense	granite3.1-dense:8b-instruct-q3_K_M	Q3_K_M	4045346208	1000000
library/granite3.1-dense	granite3.1-dense:8b-instruct-q3_K_L	Q3_K_L	4398192032	1000000
library/granite3.1-dense	granite3.1-dense:8b-instruct-q4_0	Q4_0	4699657632	1000000
library/granite3.1-dense	granite3.1-dense:8b-instruct-q4_K_S	Q4_K_S	4734522784	1000000
library/granite3.1-dense	granite3.1-dense:8b	Q4_K_M	4991620512	1000000
library/granite3.1-dense	granite3.1-dense:2b-instruct-fp16	F16	5069140640	1000000
library/granite3.1-dense	granite3.1-dense:8b-instruct-q4_1	Q4_1	5197731232	1000000
library/granite3.1-dense	granite3.1-dense:8b-instruct-q5_0	Q5_0	5695804832	1000000
library/granite3.1-dense	granite3.1-dense:8b-instruct-q5_K_S	Q5_K_S	5695804832	1000000
library/granite3.1-dense	granite3.1-dense:8b-instruct-q5_K_M	Q5_K_M	5846209952	1000000
library/granite3.1-dense	granite3.1-dense:8b-instruct-q5_1	Q5_1	6193878432	1000000
library/granite3.1-dense	granite3.1-dense:8b-instruct-q6_K	Q6_K	6754211232	1000000
library/granite3.1-dense	granite3.1-dense:8b-instruct-q8_0	Q8_0	8684246432	1000000
library/granite3.1-dense	granite3.1-dense:8b-instruct-fp16	F16	16344105632	1000000
library/granite3.1-moe	granite3.1-moe:1b-instruct-q2_K	Q2_K	524429344	3000000
library/granite3.1-moe	granite3.1-moe:1b-instruct-q3_K_S	Q3_K_S	610052128	3000000
library/granite3.1-moe	granite3.1-moe:1b-instruct-q3_K_M	Q3_K_M	670771232	3000000
library/granite3.1-moe	granite3.1-moe:1b-instruct-q3_K_L	Q3_K_L	723593248	3000000
library/granite3.1-moe	granite3.1-moe:1b-instruct-q4_0	Q4_0	780511264	3000000
library/granite3.1-moe	granite3.1-moe:1b-instruct-q4_K_S	Q4_K_S	787064864	3000000
library/granite3.1-moe	granite3.1-moe:1b-instruct-q4_K_M	Q4_K_M	834037792	3000000
library/granite3.1-moe	granite3.1-moe:1b-instruct-q4_1	Q4_1	860727328	3000000
library/granite3.1-moe	granite3.1-moe:1b-instruct-q5_0	Q5_0	940943392	3000000
library/granite3.1-moe	granite3.1-moe:1b-instruct-q5_K_S	Q5_K_S	940943392	3000000
library/granite3.1-moe	granite3.1-moe:1b-instruct-q5_K_M	Q5_K_M	968517664	3000000
library/granite3.1-moe	granite3.1-moe:1b-instruct-q5_1	Q5_1	1021159456	3000000
library/granite3.1-moe	granite3.1-moe:1b-instruct-q6_K	Q6_K	1111402528	3000000
library/granite3.1-moe	granite3.1-moe:3b-instruct-q2_K	Q2_K	1259653792	3000000
library/granite3.1-moe	granite3.1-moe:1b	Q8_0	1422239776	3000000
library/granite3.1-moe	granite3.1-moe:3b-instruct-q3_K_S	Q3_K_S	1474349728	3000000
library/granite3.1-moe	granite3.1-moe:3b-instruct-q3_K_M	Q3_K_M	1629473440	3000000
library/granite3.1-moe	granite3.1-moe:3b-instruct-q3_K_L	Q3_K_L	1759824544	3000000
library/granite3.1-moe	granite3.1-moe:3b-instruct-q4_0	Q4_0	1902168736	3000000
library/granite3.1-moe	granite3.1-moe:3b-instruct-q4_K_S	Q4_K_S	1918290592	3000000
library/granite3.1-moe	granite3.1-moe:3b	Q4_K_M	2035174048	3000000
library/granite3.1-moe	granite3.1-moe:3b-instruct-q4_1	Q4_1	2103495328	3000000
library/granite3.1-moe	granite3.1-moe:3b-instruct-q5_0	Q5_0	2304821920	3000000
library/granite3.1-moe	granite3.1-moe:3b-instruct-q5_K_S	Q5_K_S	2304821920	3000000
library/granite3.1-moe	granite3.1-moe:3b-instruct-q5_K_M	Q5_K_M	2373339808	3000000
library/granite3.1-moe	granite3.1-moe:3b-instruct-q5_1	Q5_1	2506148512	3000000
library/granite3.1-moe	granite3.1-moe:1b-instruct-fp16	F16	2672669536	3000000
library/granite3.1-moe	granite3.1-moe:3b-instruct-q6_K	Q6_K	2732640928	3000000
library/granite3.1-moe	granite3.1-moe:3b-instruct-q8_0	Q8_0	3512781472	3000000
library/granite3.1-moe	granite3.1-moe:3b-instruct-fp16	F16	6603463552	3000000
library/granite3.2-vision	granite3.2-vision:2b	Q4_K_M	1545294400	990500
library/granite3.2-vision	granite3.2-vision:2b-q8_0	Q8_0	2694109696	990500
library/granite3.2-vision	granite3.2-vision:2b-fp16	F16	5069142016	990500
library/granite3.3	granite3.3:2b	Q4_K_M	1545303328	1100000
library/granite3.3	granite3.3:8b	Q4_K_M	4942873344	1100000
library/granite4	granite4:350m-h	Q8_0	366195616	1500000
library/granite4	granite4:350m	BF16	708439456	1500000
library/granite4	granite4:1b-h	Q8_0	1558926560	1500000
library/granite4	granite4:3b-h	Q4_K_M	1942564512	1500000
library/granite4	granite4:3b	Q4_K_M	2099502528	1500000
library/granite4	granite4:1b	BF16	3267401472	1500000
library/granite4	granite4:tiny-h	Q4_K_M	4230976352	1500000
library/granite4	granite4:small-h	Q4_K_M	19476621984	1500000
library/hermes3	hermes3:3b-llama3.2-q2_K	Q2_K	1363931968	1600000
library/hermes3	hermes3:3b-llama3.2-q3_K_S	Q3_K_S	1542845248	1600000
library/hermes3	hermes3:3b-llama3.2-q3_K_M	Q3_K_M	1687155520	1600000
library/hermes3	hermes3:3b-llama3.2-q3_K_L	Q3_K_L	1815343936	1600000
library/hermes3	hermes3:3b-llama3.2-q4_0	Q4_0	1917186880	1600000
library/hermes3	hermes3:3b-llama3.2-q4_K_S	Q4_K_S	1928196928	1600000
library/hermes3	hermes3:3b	Q4_K_M	2019373888	1600000
library/hermes3	hermes3:3b-llama3.2-q4_1	Q4_1	2093347648	1600000
library/hermes3	hermes3:3b-llama3.2-q5_0	Q5_0	2269508416	1600000
library/hermes3	hermes3:3b-llama3.2-q5_K_S	Q5_K_S	2269508416	1600000
library/hermes3	hermes3:3b-llama3.2-q5_K_M	Q5_K_M	2322150208	1600000
library/hermes3	hermes3:3b-llama3.2-q5_1	Q5_1	2445669184	1600000
library/hermes3	hermes3:3b-llama3.2-q6_K	Q6_K	2643850048	1600000
library/hermes3	hermes3:8b-llama3.1-q2_K	Q2_K	3179136768	1600000
library/hermes3	hermes3:3b-llama3.2-q8_0	Q8_0	3421895488	1600000
library/hermes3	hermes3:8b-llama3.1-q3_K_S	Q3_K_S	3664504576	1600000
library/hermes3	hermes3:8b-llama3.1-q3_K_M	Q3_K_M	4018923264	1600000
library/hermes3	hermes3:8b-llama3.1-q3_K_L	Q3_K_L	4321961728	1600000
library/hermes3	hermes3:8b	Q4_0	4661217024	1600000
library/hermes3	hermes3:8b-llama3.1-q4_K_S	Q4_K_S	4692674304	1600000
library/hermes3	hermes3:8b-llama3.1-q4_K_M	Q4_K_M	4920739584	1600000
library/hermes3	hermes3:8b-llama3.1-q4_1	Q4_1	5130258176	1600000
library/hermes3	hermes3:8b-llama3.1-q5_0	Q5_0	5599299328	1600000
library/hermes3	hermes3:8b-llama3.1-q5_K_S	Q5_K_S	5599299328	1600000
library/hermes3	hermes3:8b-llama3.1-q5_K_M	Q5_K_M	5732992768	1600000
library/hermes3	hermes3:8b-llama3.1-q5_1	Q5_1	6068340480	1600000
library/hermes3	hermes3:3b-llama3.2-fp16	F16	6433684288	1600000
library/hermes3	hermes3:8b-llama3.1-q6_K	Q6_K	6596011776	1600000
library/hermes3	hermes3:8b-llama3.1-q8_0	Q8_0	8540776192	1600000
library/hermes3	hermes3:8b-llama3.1-fp16	F16	16068896512	1600000
library/hermes3	hermes3:70b-llama3.1-q2_K	Q2_K	26375113632	1600000
library/hermes3	hermes3:70b-llama3.1-q3_K_S	Q3_K_S	30912056224	1600000
library/hermes3	hermes3:70b-llama3.1-q3_K_M	Q3_K_M	34267499424	1600000
library/hermes3	hermes3:70b-llama3.1-q3_K_L	Q3_K_L	37140597664	1600000
library/hermes3	hermes3:70b	Q4_0	39969737632	1600000
library/hermes3	hermes3:70b-llama3.1-q4_K_S	Q4_K_S	40347224992	1600000
library/hermes3	hermes3:70b-llama3.1-q4_K_M	Q4_K_M	42520398752	1600000
library/hermes3	hermes3:70b-llama3.1-q4_1	Q4_1	44313594784	1600000
library/hermes3	hermes3:70b-llama3.1-q5_0	Q5_0	48657451936	1600000
library/hermes3	hermes3:70b-llama3.1-q5_K_S	Q5_K_S	48657451936	1600000
library/hermes3	hermes3:70b-llama3.1-q5_K_M	Q5_K_M	49949821856	1600000
library/hermes3	hermes3:70b-llama3.1-q5_1	Q5_1	53001309088	1600000
library/hermes3	hermes3:70b-llama3.1-q6_K	Q6_K	57888148384	1600000
library/hermes3	hermes3:70b-llama3.1-q8_0	Q8_0	74975054752	1600000
library/hermes3	hermes3:70b-llama3.1-fp16	F16	141117918112	1600000
library/hermes3	hermes3:405b-llama3.1-q2_K	Q2_K	149322788224	1600000
library/hermes3	hermes3:405b-llama3.1-q3_K_S	Q3_K_S	175233658240	1600000
library/hermes3	hermes3:405b-llama3.1-q3_K_M	Q3_K_M	195373395328	1600000
library/hermes3	hermes3:405b-llama3.1-q3_K_L	Q3_K_L	212838477184	1600000
library/hermes3	hermes3:405b	Q4_0	228856425856	1600000
library/hermes3	hermes3:405b-llama3.1-q4_K_S	Q4_K_S	230500593024	1600000
library/hermes3	hermes3:405b-llama3.1-q4_K_M	Q4_K_M	243069611392	1600000
library/hermes3	hermes3:405b-llama3.1-q4_1	Q4_1	254090669440	1600000
library/hermes3	hermes3:405b-llama3.1-q5_0	Q5_0	279324913024	1600000
library/hermes3	hermes3:405b-llama3.1-q5_K_S	Q5_K_S	279324913024	1600000
library/hermes3	hermes3:405b-llama3.1-q5_K_M	Q5_K_M	286646857088	1600000
library/hermes3	hermes3:405b-llama3.1-q5_1	Q5_1	304559156608	1600000
library/hermes3	hermes3:405b-llama3.1-q6_K	Q6_K	332947680640	1600000
library/hermes3	hermes3:405b-llama3.1-q8_0	Q8_0	431239294336	1600000
library/hermes3	hermes3:405b-llama3.1-fp16	F16	811722960256	1600000
library/internlm2	internlm2:1.8b-chat-v2.5-q2_K	Q2_K	771885952	1000000
library/internlm2	internlm2:1.8b-chat-v2.5-q3_K_S	Q3_K_S	888259456	1000000
library/internlm2	internlm2:1.8b-chat-v2.5-q3_K_M	Q3_K_M	964412288	1000000
library/internlm2	internlm2:1.8b-chat-v2.5-q3_K_L	Q3_K_L	1030996864	1000000
library/internlm2	internlm2:1.8b	Q4_0	1113971584	1000000
library/internlm2	internlm2:1.8b-chat-v2.5-q4_K_S	Q4_K_S	1121311616	1000000
library/internlm2	internlm2:1.8b-chat-v2.5-q4_K_M	Q4_K_M	1172364160	1000000
library/internlm2	internlm2:1.8b-chat-v2.5-q4_1	Q4_1	1220189056	1000000
library/internlm2	internlm2:1.8b-chat-v2.5-q5_0	Q5_0	1326406528	1000000
library/internlm2	internlm2:1.8b-chat-v2.5-q5_K_S	Q5_K_S	1326406528	1000000
library/internlm2	internlm2:1.8b-chat-v2.5-q5_K_M	Q5_K_M	1356487552	1000000
library/internlm2	internlm2:1.8b-chat-v2.5-q5_1	Q5_1	1432624000	1000000
library/internlm2	internlm2:1.8b-chat-v2.5-q6_K	Q6_K	1552118656	1000000
library/internlm2	internlm2:1.8b-chat-v2.5-q8_0	Q8_0	2009613184	1000000
library/internlm2	internlm2:7b-chat-v2.5-q2_K	Q2_K	3005449056	1000000
library/internlm2	internlm2:7b-chat-1m-v2.5-q2_K	Q2_K	3005449312	1000000
library/internlm2	internlm2:7b-chat-v2.5-q3_K_S	Q3_K_S	3475960672	1000000
library/internlm2	internlm2:7b-chat-1m-v2.5-q3_K_S	Q3_K_S	3475960928	1000000
library/internlm2	internlm2:1.8b-chat-v2.5-fp16	F16	3780559744	1000000
library/internlm2	internlm2:7b-chat-v2.5-q3_K_M	Q3_K_M	3830379360	1000000
library/internlm2	internlm2:7b-chat-1m-v2.5-q3_K_M	Q3_K_M	3830379616	1000000
library/internlm2	internlm2:7b-chat-v2.5-q3_K_L	Q3_K_L	4133417824	1000000
library/internlm2	internlm2:7b-chat-1m-v2.5-q3_K_L	Q3_K_L	4133418080	1000000
library/internlm2	internlm2:7b	Q4_0	4453245792	1000000
library/internlm2	internlm2:1m	Q4_0	4453246048	1000000
library/internlm2	internlm2:7b-chat-v2.5-q4_K_S	Q4_K_S	4484703072	1000000
library/internlm2	internlm2:7b-chat-1m-v2.5-q4_K_S	Q4_K_S	4484703328	1000000
library/internlm2	internlm2:7b-chat-v2.5-q4_K_M	Q4_K_M	4712768352	1000000
library/internlm2	internlm2:7b-chat-1m-v2.5-q4_K_M	Q4_K_M	4712768608	1000000
library/internlm2	internlm2:7b-chat-v2.5-q4_1	Q4_1	4913144672	1000000
library/internlm2	internlm2:7b-chat-1m-v2.5-q4_1	Q4_1	4913144928	1000000
library/internlm2	internlm2:7b-chat-v2.5-q5_0	Q5_0	5373043552	1000000
library/internlm2	internlm2:7b-chat-v2.5-q5_K_S	Q5_K_S	5373043552	1000000
library/internlm2	internlm2:7b-chat-1m-v2.5-q5_0	Q5_0	5373043808	1000000
library/internlm2	internlm2:7b-chat-1m-v2.5-q5_K_S	Q5_K_S	5373043808	1000000
library/internlm2	internlm2:7b-chat-v2.5-q5_K_M	Q5_K_M	5506736992	1000000
library/internlm2	internlm2:7b-chat-1m-v2.5-q5_K_M	Q5_K_M	5506737248	1000000
library/internlm2	internlm2:7b-chat-v2.5-q5_1	Q5_1	5832942432	1000000
library/internlm2	internlm2:7b-chat-1m-v2.5-q5_1	Q5_1	5832942688	1000000
library/internlm2	internlm2:7b-chat-v2.5-q6_K	Q6_K	6350328672	1000000
library/internlm2	internlm2:7b-chat-1m-v2.5-q6_K	Q6_K	6350328928	1000000
library/internlm2	internlm2:20b-chat-v2.5-q2_K	Q2_K	7546670592	1000000
library/internlm2	internlm2:7b-chat-v2.5-q8_0	Q8_0	8224240480	1000000
library/internlm2	internlm2:7b-chat-1m-v2.5-q8_0	Q8_0	8224240736	1000000
library/internlm2	internlm2:20b-chat-v2.5-q3_K_S	Q3_K_S	8760473088	1000000
library/internlm2	internlm2:20b-chat-v2.5-q3_K_M	Q3_K_M	9722279424	1000000
library/internlm2	internlm2:20b-chat-v2.5-q3_K_L	Q3_K_L	10551178752	1000000
library/internlm2	internlm2:20b	Q4_0	11322686976	1000000
library/internlm2	internlm2:20b-chat-v2.5-q4_K_S	Q4_K_S	11401330176	1000000
library/internlm2	internlm2:20b-chat-v2.5-q4_K_M	Q4_K_M	11984469504	1000000
library/internlm2	internlm2:20b-chat-v2.5-q4_1	Q4_1	12528434688	1000000
library/internlm2	internlm2:20b-chat-v2.5-q5_0	Q5_0	13734182400	1000000
library/internlm2	internlm2:20b-chat-v2.5-q5_K_S	Q5_K_S	13734182400	1000000
library/internlm2	internlm2:20b-chat-v2.5-q5_K_M	Q5_K_M	14075100672	1000000
library/internlm2	internlm2:20b-chat-v2.5-q5_1	Q5_1	14939930112	1000000
library/internlm2	internlm2:7b-chat-v2.5-fp16	F16	15478092640	1000000
library/internlm2	internlm2:7b-chat-1m-v2.5-fp16	F16	15478092896	1000000
library/internlm2	internlm2:20b-chat-v2.5-q6_K	Q6_K	16296396288	1000000
library/internlm2	internlm2:20b-chat-v2.5-q8_0	Q8_0	21106374144	1000000
library/internlm2	internlm2:20b-chat-v2.5-fp16	F16	39725643264	1000000
library/lfm2	lfm2:24b	Q4_K_M	14415731328	1100000
library/lfm2	lfm2:24b-q8_0	Q8_0	25352223360	1100000
library/lfm2	lfm2:24b-bf16	BF16	47700654656	1100000
library/lfm2.5-thinking	lfm2.5-thinking:1.2b	Q4_K_M	731152832	1300000
library/lfm2.5-thinking	lfm2.5-thinking:1.2b-q8_0	Q8_0	1246511552	1300000
library/lfm2.5-thinking	lfm2.5-thinking:1.2b-bf16	BF16	2343584160	1300000
library/llama-guard3	llama-guard3:1b-q2_K	Q2_K	667060800	1000000
library/llama-guard3	llama-guard3:1b-q3_K_S	Q3_K_S	754555456	1000000
library/llama-guard3	llama-guard3:1b-q3_K_M	Q3_K_M	803707456	1000000
library/llama-guard3	llama-guard3:1b-q3_K_L	Q3_K_L	845388352	1000000
library/llama-guard3	llama-guard3:1b-q4_0	Q4_0	918678080	1000000
library/llama-guard3	llama-guard3:1b-q4_K_S	Q4_K_S	923396672	1000000
library/llama-guard3	llama-guard3:1b-q4_K_M	Q4_K_M	955443776	1000000
library/llama-guard3	llama-guard3:1b-q4_1	Q4_1	995912256	1000000
library/llama-guard3	llama-guard3:1b-q5_0	Q5_0	1073146432	1000000
library/llama-guard3	llama-guard3:1b-q5_K_S	Q5_K_S	1073146432	1000000
library/llama-guard3	llama-guard3:1b-q5_K_M	Q5_K_M	1092086336	1000000
library/llama-guard3	llama-guard3:1b-q5_1	Q5_1	1150380608	1000000
library/llama-guard3	llama-guard3:1b-q6_K	Q6_K	1237269056	1000000
library/llama-guard3	llama-guard3:1b	Q8_0	1600166464	1000000
library/llama-guard3	llama-guard3:1b-fp16	F16	3004930624	1000000
library/llama-guard3	llama-guard3:8b-q2_K	Q2_K	3179133056	1000000
library/llama-guard3	llama-guard3:8b-q3_K_S	Q3_K_S	3664500864	1000000
library/llama-guard3	llama-guard3:8b-q3_K_M	Q3_K_M	4018919552	1000000
library/llama-guard3	llama-guard3:8b-q3_K_L	Q3_K_L	4321958016	1000000
library/llama-guard3	llama-guard3:8b-q4_0	Q4_0	4661213312	1000000
library/llama-guard3	llama-guard3:8b-q4_K_S	Q4_K_S	4692670592	1000000
library/llama-guard3	llama-guard3:8b	Q4_K_M	4920735872	1000000
library/llama-guard3	llama-guard3:8b-q4_1	Q4_1	5130254464	1000000
library/llama-guard3	llama-guard3:8b-q5_0	Q5_0	5599295616	1000000
library/llama-guard3	llama-guard3:8b-q5_K_S	Q5_K_S	5599295616	1000000
library/llama-guard3	llama-guard3:8b-q5_K_M	Q5_K_M	5732989056	1000000
library/llama-guard3	llama-guard3:8b-q5_1	Q5_1	6068336768	1000000
library/llama-guard3	llama-guard3:8b-q6_K	Q6_K	6596008064	1000000
library/llama-guard3	llama-guard3:8b-q8_0	Q8_0	8540772480	1000000
library/llama-guard3	llama-guard3:8b-fp16	F16	16068892800	1000000
library/llama-pro	llama-pro:8b-text-q2_K	Q2_K	3494608864	908100
library/llama-pro	llama-pro:8b-instruct-q2_K	Q2_K	3494609216	908100
library/llama-pro	llama-pro:8b-text-q3_K_S	Q3_K_S	3644235744	908100
library/llama-pro	llama-pro:8b-instruct-q3_K_S	Q3_K_S	3644236096	908100
library/llama-pro	llama-pro:8b-text-q3_K_M	Q3_K_M	4077494240	908100
library/llama-pro	llama-pro:8b-instruct-q3_K_M	Q3_K_M	4077494592	908100
library/llama-pro	llama-pro:8b-text-q3_K_L	Q3_K_L	4455243744	908100
library/llama-pro	llama-pro:8b-instruct-q3_K_L	Q3_K_L	4455244096	908100
library/llama-pro	llama-pro:text	Q4_0	4736761824	908100
library/llama-pro	llama-pro:instruct	Q4_0	4736762176	908100
library/llama-pro	llama-pro:8b-text-q4_K_S	Q4_K_S	4767694816	908100
library/llama-pro	llama-pro:8b-instruct-q4_K_S	Q4_K_S	4767695168	908100
library/llama-pro	llama-pro:8b-text-q4_K_M	Q4_K_M	5055758304	908100
library/llama-pro	llama-pro:8b-instruct-q4_K_M	Q4_K_M	5055758656	908100
library/llama-pro	llama-pro:8b-text-q4_1	Q4_1	5250891744	908100
library/llama-pro	llama-pro:8b-instruct-q4_1	Q4_1	5250892096	908100
library/llama-pro	llama-pro:8b-text-q5_0	Q5_0	5765021664	908100
library/llama-pro	llama-pro:8b-text-q5_K_S	Q5_K_S	5765021664	908100
library/llama-pro	llama-pro:8b-instruct-q5_0	Q5_0	5765022016	908100
library/llama-pro	llama-pro:8b-instruct-q5_K_S	Q5_K_S	5765022016	908100
library/llama-pro	llama-pro:8b-text-q5_K_M	Q5_K_M	5929353184	908100
library/llama-pro	llama-pro:8b-instruct-q5_K_M	Q5_K_M	5929353536	908100
library/llama-pro	llama-pro:8b-text-q5_1	Q5_1	6279151584	908100
library/llama-pro	llama-pro:8b-instruct-q5_1	Q5_1	6279151936	908100
library/llama-pro	llama-pro:8b-text-q6_K	Q6_K	6857547744	908100
library/llama-pro	llama-pro:8b-instruct-q6_K	Q6_K	6857548096	908100
library/llama-pro	llama-pro:8b-text-q8_0	Q8_0	8881545184	908100
library/llama-pro	llama-pro:8b-instruct-q8_0	Q8_0	8881545536	908100
library/llama-pro	llama-pro:8b-text-fp16	F16	16716373920	908100
library/llama-pro	llama-pro:8b-instruct-fp16	F16	16716374272	908100
library/llama2	llama2:7b-text-q2_K	Q2_K	2826913952	7400000
library/llama2	llama2:7b-chat-q2_K	Q2_K	2826914816	7400000
library/llama2	llama2:7b-text-q3_K_S	Q3_K_S	2949277856	7400000
library/llama2	llama2:7b-chat-q3_K_S	Q3_K_S	2949278720	7400000
library/llama2	llama2:7b-text-q3_K_M	Q3_K_M	3298977952	7400000
library/llama2	llama2:7b-chat-q3_K_M	Q3_K_M	3298978816	7400000
library/llama2	llama2:7b-text-q3_K_L	Q3_K_L	3598084256	7400000
library/llama2	llama2:7b-chat-q3_K_L	Q3_K_L	3598085120	7400000
library/llama2	llama2:text	Q4_0	3826780320	7400000
library/llama2	llama2:7b	Q4_0	3826781184	7400000
library/llama2	llama2:7b-text-q4_K_S	Q4_K_S	3857713312	7400000
library/llama2	llama2:7b-chat-q4_K_S	Q4_K_S	3857714176	7400000
library/llama2	llama2:7b-text-q4_K_M	Q4_K_M	4081977504	7400000
library/llama2	llama2:7b-chat-q4_K_M	Q4_K_M	4081978368	7400000
library/llama2	llama2:7b-text-q4_1	Q4_1	4239722656	7400000
library/llama2	llama2:7b-chat-q4_1	Q4_1	4239723520	7400000
library/llama2	llama2:7b-text-q5_0	Q5_0	4652664992	7400000
library/llama2	llama2:7b-text-q5_K_S	Q5_K_S	4652664992	7400000
library/llama2	llama2:7b-chat-q5_0	Q5_0	4652665856	7400000
library/llama2	llama2:7b-chat-q5_K_S	Q5_K_S	4652665856	7400000
library/llama2	llama2:7b-text-q5_K_M	Q5_K_M	4784130208	7400000
library/llama2	llama2:7b-chat-q5_K_M	Q5_K_M	4784131072	7400000
library/llama2	llama2:7b-text-q5_1	Q5_1	5065607328	7400000
library/llama2	llama2:7b-chat-q5_1	Q5_1	5065608192	7400000
library/llama2	llama2:13b-text-q2_K	Q2_K	5430321536	7400000
library/llama2	llama2:13b-chat-q2_K	Q2_K	5430322400	7400000
library/llama2	llama2:7b-text-q6_K	Q6_K	5530167456	7400000
library/llama2	llama2:7b-chat-q6_K	Q6_K	5530168320	7400000
library/llama2	llama2:13b-text-q3_K_S	Q3_K_S	5659953536	7400000
library/llama2	llama2:13b-chat-q3_K_S	Q3_K_S	5659954400	7400000
library/llama2	llama2:13b-text-q3_K_M	Q3_K_M	6338742656	7400000
library/llama2	llama2:13b-chat-q3_K_M	Q3_K_M	6338743520	7400000
library/llama2	llama2:13b-text-q3_K_L	Q3_K_L	6930532736	7400000
library/llama2	llama2:13b-chat-q3_K_L	Q3_K_L	6930533600	7400000
library/llama2	llama2:7b-text-q8_0	Q8_0	7162063008	7400000
library/llama2	llama2:7b-chat-q8_0	Q8_0	7162063872	7400000
library/llama2	llama2:13b-text	Q4_0	7366807936	7400000
library/llama2	llama2:13b	Q4_0	7366808800	7400000
library/llama2	llama2:13b-text-q4_K_S	Q4_K_S	7415304576	7400000
library/llama2	llama2:13b-chat-q4_K_S	Q4_K_S	7415305440	7400000
library/llama2	llama2:13b-text-q4_K_M	Q4_K_M	7866929536	7400000
library/llama2	llama2:13b-chat-q4_K_M	Q4_K_M	7866930400	7400000
library/llama2	llama2:13b-text-q4_1	Q4_1	8170033536	7400000
library/llama2	llama2:13b-chat-q4_1	Q4_1	8170034400	7400000
library/llama2	llama2:13b-text-q5_0	Q5_0	8973259136	7400000
library/llama2	llama2:13b-text-q5_K_S	Q5_K_S	8973259136	7400000
library/llama2	llama2:13b-chat-q5_0	Q5_0	8973260000	7400000
library/llama2	llama2:13b-chat-q5_K_S	Q5_K_S	8973260000	7400000
library/llama2	llama2:13b-text-q5_K_M	Q5_K_M	9230897536	7400000
library/llama2	llama2:13b-chat-q5_K_M	Q5_K_M	9230898400	7400000
library/llama2	llama2:13b-text-q5_1	Q5_1	9776484736	7400000
library/llama2	llama2:13b-chat-q5_1	Q5_1	9776485600	7400000
library/llama2	llama2:13b-text-q6_K	Q6_K	10680113536	7400000
library/llama2	llama2:13b-chat-q6_K	Q6_K	10680114400	7400000
library/llama2	llama2:7b-text-fp16	F16	13479078016	7400000
library/llama2	llama2:7b-chat-fp16	F16	13479078880	7400000
library/llama2	llama2:13b-text-q8_0	Q8_0	13832292736	7400000
library/llama2	llama2:13b-chat-q8_0	Q8_0	13832293600	7400000
library/llama2	llama2:13b-text-fp16	F16	26034276704	7400000
library/llama2	llama2:13b-chat-fp16	F16	26034277536	7400000
library/llama2	llama2:70b-text-q2_K	Q2_K	29280226688	7400000
library/llama2	llama2:70b-chat-q2_K	Q2_K	29280227552	7400000
library/llama2	llama2:70b-text-q3_K_S	Q3_K_S	29920267648	7400000
library/llama2	llama2:70b-chat-q3_K_S	Q3_K_S	29920268512	7400000
library/llama2	llama2:70b-text-q3_K_M	Q3_K_M	33187630464	7400000
library/llama2	llama2:70b-chat-q3_K_M	Q3_K_M	33187631328	7400000
library/llama2	llama2:70b-text-q3_K_L	Q3_K_L	36148809088	7400000
library/llama2	llama2:70b-chat-q3_K_L	Q3_K_L	36148809952	7400000
library/llama2	llama2:70b-text	Q4_0	38873222528	7400000
library/llama2	llama2:70b	Q4_0	38873223392	7400000
library/llama2	llama2:70b-text-q4_K_S	Q4_K_S	39074549120	7400000
library/llama2	llama2:70b-chat-q4_K_S	Q4_K_S	39074549984	7400000
library/llama2	llama2:70b-text-q4_K_M	Q4_K_M	41423883648	7400000
library/llama2	llama2:70b-chat-q4_K_M	Q4_K_M	41423884512	7400000
library/llama2	llama2:70b-text-q4_1	Q4_1	43167796608	7400000
library/llama2	llama2:70b-chat-q4_1	Q4_1	43167797472	7400000
library/llama2	llama2:70b-text-q5_0	Q5_0	47462370688	7400000
library/llama2	llama2:70b-text-q5_K_S	Q5_K_S	47462370688	7400000
library/llama2	llama2:70b-chat-q5_0	Q5_0	47462371552	7400000
library/llama2	llama2:70b-chat-q5_K_S	Q5_K_S	47462371552	7400000
library/llama2	llama2:70b-text-q5_K_M	Q5_K_M	48754740608	7400000
library/llama2	llama2:70b-chat-q5_K_M	Q5_K_M	48754741472	7400000
library/llama2	llama2:70b-text-q5_1	Q5_1	51756944768	7400000
library/llama2	llama2:70b-chat-q5_1	Q5_1	51756945632	7400000
library/llama2	llama2:70b-text-q6_K	Q6_K	56588340608	7400000
library/llama2	llama2:70b-chat-q6_K	Q6_K	56588341472	7400000
library/llama2	llama2:70b-text-q8_0	Q8_0	73293303168	7400000
library/llama2	llama2:70b-chat-q8_0	Q8_0	73293304032	7400000
library/llama2	llama2:70b-text-fp16	F16	137957674336	7400000
library/llama2	llama2:70b-chat-fp16	F16	137957675200	7400000
library/llama2-chinese	llama2-chinese:7b-chat-q2_K	Q2_K	2825940672	1100000
library/llama2-chinese	llama2-chinese:7b-chat-q3_K_S	Q3_K_S	2948304576	1100000
library/llama2-chinese	llama2-chinese:7b-chat-q3_K_M	Q3_K_M	3298004672	1100000
library/llama2-chinese	llama2-chinese:7b-chat-q3_K_L	Q3_K_L	3597110976	1100000
library/llama2-chinese	llama2-chinese:7b	Q4_0	3825807040	1100000
library/llama2-chinese	llama2-chinese:7b-chat-q4_K_S	Q4_K_S	3856740032	1100000
library/llama2-chinese	llama2-chinese:7b-chat-q4_K_M	Q4_K_M	4081004224	1100000
library/llama2-chinese	llama2-chinese:7b-chat-q4_1	Q4_1	4238749376	1100000
library/llama2-chinese	llama2-chinese:7b-chat-q5_0	Q5_0	4651691712	1100000
library/llama2-chinese	llama2-chinese:7b-chat-q5_K_S	Q5_K_S	4651691712	1100000
library/llama2-chinese	llama2-chinese:7b-chat-q5_K_M	Q5_K_M	4783156928	1100000
library/llama2-chinese	llama2-chinese:7b-chat-q5_1	Q5_1	5064634048	1100000
library/llama2-chinese	llama2-chinese:13b-chat-q2_K	Q2_K	5429348224	1100000
library/llama2-chinese	llama2-chinese:7b-chat-q6_K	Q6_K	5529194176	1100000
library/llama2-chinese	llama2-chinese:13b-chat-q3_K_S	Q3_K_S	5658980224	1100000
library/llama2-chinese	llama2-chinese:13b-chat-q3_K_M	Q3_K_M	6337769344	1100000
library/llama2-chinese	llama2-chinese:13b-chat-q3_K_L	Q3_K_L	6929559424	1100000
library/llama2-chinese	llama2-chinese:7b-chat-q8_0	Q8_0	7161089728	1100000
library/llama2-chinese	llama2-chinese:13b	Q4_0	7365834624	1100000
library/llama2-chinese	llama2-chinese:13b-chat-q4_K_S	Q4_K_S	7414331264	1100000
library/llama2-chinese	llama2-chinese:13b-chat-q4_K_M	Q4_K_M	7865956224	1100000
library/llama2-chinese	llama2-chinese:13b-chat-q4_1	Q4_1	8169060224	1100000
library/llama2-chinese	llama2-chinese:13b-chat-q5_0	Q5_0	8972285824	1100000
library/llama2-chinese	llama2-chinese:13b-chat-q5_K_S	Q5_K_S	8972285824	1100000
library/llama2-chinese	llama2-chinese:13b-chat-q5_K_M	Q5_K_M	9229924224	1100000
library/llama2-chinese	llama2-chinese:13b-chat-q5_1	Q5_1	9775511424	1100000
library/llama2-chinese	llama2-chinese:13b-chat-q6_K	Q6_K	10679140224	1100000
library/llama2-chinese	llama2-chinese:7b-chat-fp16	F16	13478104736	1100000
library/llama2-chinese	llama2-chinese:13b-chat-q8_0	Q8_0	13831319424	1100000
library/llama2-chinese	llama2-chinese:13b-chat-fp16	F16	26033303392	1100000
library/llama2-uncensored	llama2-uncensored:7b-chat-q2_K	Q2_K	2825940672	2700000
library/llama2-uncensored	llama2-uncensored:7b-chat-q3_K_S	Q3_K_S	2948304576	2700000
library/llama2-uncensored	llama2-uncensored:7b-chat-q3_K_M	Q3_K_M	3298004672	2700000
library/llama2-uncensored	llama2-uncensored:7b-chat-q3_K_L	Q3_K_L	3597110976	2700000
library/llama2-uncensored	llama2-uncensored:7b	Q4_0	3825807040	2700000
library/llama2-uncensored	llama2-uncensored:7b-chat-q4_K_S	Q4_K_S	3856740032	2700000
library/llama2-uncensored	llama2-uncensored:7b-chat-q4_K_M	Q4_K_M	4081004224	2700000
library/llama2-uncensored	llama2-uncensored:7b-chat-q4_1	Q4_1	4238749376	2700000
library/llama2-uncensored	llama2-uncensored:7b-chat-q5_0	Q5_0	4651691712	2700000
library/llama2-uncensored	llama2-uncensored:7b-chat-q5_K_S	Q5_K_S	4651691712	2700000
library/llama2-uncensored	llama2-uncensored:7b-chat-q5_K_M	Q5_K_M	4783156928	2700000
library/llama2-uncensored	llama2-uncensored:7b-chat-q5_1	Q5_1	5064634048	2700000
library/llama2-uncensored	llama2-uncensored:7b-chat-q6_K	Q6_K	5529194176	2700000
library/llama2-uncensored	llama2-uncensored:7b-chat-q8_0	Q8_0	7161089728	2700000
library/llama2-uncensored	llama2-uncensored:7b-chat-fp16	F16	13478104736	2700000
library/llama2-uncensored	llama2-uncensored:70b-chat-q2_K	Q2_K	29279253408	2700000
library/llama2-uncensored	llama2-uncensored:70b-chat-q3_K_S	Q3_K_S	29919294368	2700000
library/llama2-uncensored	llama2-uncensored:70b-chat-q3_K_M	Q3_K_M	33186657184	2700000
library/llama2-uncensored	llama2-uncensored:70b-chat-q3_K_L	Q3_K_L	36147835808	2700000
library/llama2-uncensored	llama2-uncensored:70b	Q4_0	38872249248	2700000
library/llama2-uncensored	llama2-uncensored:70b-chat-q4_K_S	Q4_K_S	39073575840	2700000
library/llama2-uncensored	llama2-uncensored:70b-chat-q4_K_M	Q4_K_M	41422910368	2700000
library/llama2-uncensored	llama2-uncensored:70b-chat-q4_1	Q4_1	43166823328	2700000
library/llama2-uncensored	llama2-uncensored:70b-chat-q5_0	Q5_0	47461397408	2700000
library/llama2-uncensored	llama2-uncensored:70b-chat-q5_K_S	Q5_K_S	47461397408	2700000
library/llama2-uncensored	llama2-uncensored:70b-chat-q5_K_M	Q5_K_M	48753767328	2700000
library/llama2-uncensored	llama2-uncensored:70b-chat-q5_1	Q5_1	51755971488	2700000
library/llama2-uncensored	llama2-uncensored:70b-chat-q6_K	Q6_K	56587367328	2700000
library/llama2-uncensored	llama2-uncensored:70b-chat-q8_0	Q8_0	73292329888	2700000
library/llama3	llama3:8b-text-q2_K	Q2_K	3179130720	25100000
library/llama3	llama3:8b-instruct-q2_K	Q2_K	3179131168	25100000
library/llama3	llama3:8b-text-q3_K_S	Q3_K_S	3664498528	25100000
library/llama3	llama3:8b-instruct-q3_K_S	Q3_K_S	3664498976	25100000
library/llama3	llama3:8b-text-q3_K_M	Q3_K_M	4018917216	25100000
library/llama3	llama3:8b-instruct-q3_K_M	Q3_K_M	4018917664	25100000
library/llama3	llama3:8b-text-q3_K_L	Q3_K_L	4321955680	25100000
library/llama3	llama3:8b-instruct-q3_K_L	Q3_K_L	4321956128	25100000
library/llama3	llama3:text	Q4_0	4661210976	25100000
library/llama3	llama3:8b	Q4_0	4661211424	25100000
library/llama3	llama3:8b-text-q4_K_S	Q4_K_S	4692668256	25100000
library/llama3	llama3:8b-instruct-q4_K_S	Q4_K_S	4692668704	25100000
library/llama3	llama3:8b-text-q4_K_M	Q4_K_M	4920733536	25100000
library/llama3	llama3:8b-instruct-q4_K_M	Q4_K_M	4920733984	25100000
library/llama3	llama3:8b-text-q4_1	Q4_1	5130252128	25100000
library/llama3	llama3:8b-instruct-q4_1	Q4_1	5130252576	25100000
library/llama3	llama3:8b-text-q5_0	Q5_0	5599293280	25100000
library/llama3	llama3:8b-text-q5_K_S	Q5_K_S	5599293280	25100000
library/llama3	llama3:8b-instruct-q5_0	Q5_0	5599293728	25100000
library/llama3	llama3:8b-instruct-q5_K_S	Q5_K_S	5599293728	25100000
library/llama3	llama3:8b-text-q5_K_M	Q5_K_M	5732986720	25100000
library/llama3	llama3:8b-instruct-q5_K_M	Q5_K_M	5732987168	25100000
library/llama3	llama3:8b-text-q5_1	Q5_1	6068334432	25100000
library/llama3	llama3:8b-instruct-q5_1	Q5_1	6068334880	25100000
library/llama3	llama3:8b-text-q6_K	Q6_K	6596005728	25100000
library/llama3	llama3:8b-instruct-q6_K	Q6_K	6596006176	25100000
library/llama3	llama3:8b-text-q8_0	Q8_0	8540770144	25100000
library/llama3	llama3:8b-instruct-q8_0	Q8_0	8540770592	25100000
library/llama3	llama3:8b-text-fp16	F16	16068890464	25100000
library/llama3	llama3:8b-instruct-fp16	F16	16068890912	25100000
library/llama3	llama3:70b-text-q2_K	Q2_K	26375107648	25100000
library/llama3	llama3:70b-instruct-q2_K	Q2_K	26375108096	25100000
library/llama3	llama3:70b-text-q3_K_S	Q3_K_S	30912050240	25100000
library/llama3	llama3:70b-instruct-q3_K_S	Q3_K_S	30912050688	25100000
library/llama3	llama3:70b-text-q3_K_M	Q3_K_M	34267493440	25100000
library/llama3	llama3:70b-instruct-q3_K_M	Q3_K_M	34267493888	25100000
library/llama3	llama3:70b-text-q3_K_L	Q3_K_L	37140591680	25100000
library/llama3	llama3:70b-instruct-q3_K_L	Q3_K_L	37140592128	25100000
library/llama3	llama3:70b-text	Q4_0	39969731648	25100000
library/llama3	llama3:70b	Q4_0	39969732096	25100000
library/llama3	llama3:70b-text-q4_K_S	Q4_K_S	40347219008	25100000
library/llama3	llama3:70b-instruct-q4_K_S	Q4_K_S	40347219456	25100000
library/llama3	llama3:70b-text-q4_K_M	Q4_K_M	42520392768	25100000
library/llama3	llama3:70b-instruct-q4_K_M	Q4_K_M	42520393216	25100000
library/llama3	llama3:70b-text-q4_1	Q4_1	44313588800	25100000
library/llama3	llama3:70b-instruct-q4_1	Q4_1	44313589248	25100000
library/llama3	llama3:70b-text-q5_0	Q5_0	48657445952	25100000
library/llama3	llama3:70b-text-q5_K_S	Q5_K_S	48657445952	25100000
library/llama3	llama3:70b-instruct-q5_0	Q5_0	48657446400	25100000
library/llama3	llama3:70b-instruct-q5_K_S	Q5_K_S	48657446400	25100000
library/llama3	llama3:70b-text-q5_K_M	Q5_K_M	49949815872	25100000
library/llama3	llama3:70b-instruct-q5_K_M	Q5_K_M	49949816320	25100000
library/llama3	llama3:70b-text-q5_1	Q5_1	53001303104	25100000
library/llama3	llama3:70b-instruct-q5_1	Q5_1	53001303552	25100000
library/llama3	llama3:70b-text-q6_K	Q6_K	57888142400	25100000
library/llama3	llama3:70b-instruct-q6_K	Q6_K	57888142848	25100000
library/llama3	llama3:70b-text-q8_0	Q8_0	74975048768	25100000
library/llama3	llama3:70b-instruct-q8_0	Q8_0	74975049216	25100000
library/llama3	llama3:70b-text-fp16	F16	141117912128	25100000
library/llama3	llama3:70b-instruct-fp16	F16	141117912576	25100000
library/llama3-chatqa	llama3-chatqa:8b-v1.5-q2_K	Q2_K	3179130720	1000000
library/llama3-chatqa	llama3-chatqa:8b-v1.5-q3_K_S	Q3_K_S	3664498528	1000000
library/llama3-chatqa	llama3-chatqa:8b-v1.5-q3_K_M	Q3_K_M	4018917216	1000000
library/llama3-chatqa	llama3-chatqa:8b-v1.5-q3_K_L	Q3_K_L	4321955680	1000000
library/llama3-chatqa	llama3-chatqa:8b	Q4_0	4661210976	1000000
library/llama3-chatqa	llama3-chatqa:8b-v1.5-q4_K_S	Q4_K_S	4692668256	1000000
library/llama3-chatqa	llama3-chatqa:8b-v1.5-q4_K_M	Q4_K_M	4920733536	1000000
library/llama3-chatqa	llama3-chatqa:8b-v1.5-q4_1	Q4_1	5130252128	1000000
library/llama3-chatqa	llama3-chatqa:8b-v1.5-q5_0	Q5_0	5599293280	1000000
library/llama3-chatqa	llama3-chatqa:8b-v1.5-q5_K_S	Q5_K_S	5599293280	1000000
library/llama3-chatqa	llama3-chatqa:8b-v1.5-q5_K_M	Q5_K_M	5732986720	1000000
library/llama3-chatqa	llama3-chatqa:8b-v1.5-q5_1	Q5_1	6068334432	1000000
library/llama3-chatqa	llama3-chatqa:8b-v1.5-q6_K	Q6_K	6596005728	1000000
library/llama3-chatqa	llama3-chatqa:8b-v1.5-q8_0	Q8_0	8540770144	1000000
library/llama3-chatqa	llama3-chatqa:8b-v1.5-fp16	F16	16068890432	1000000
library/llama3-chatqa	llama3-chatqa:70b-v1.5-q2_K	Q2_K	26375107648	1000000
library/llama3-chatqa	llama3-chatqa:70b-v1.5-q3_K_S	Q3_K_S	30912050240	1000000
library/llama3-chatqa	llama3-chatqa:70b-v1.5-q3_K_M	Q3_K_M	34267493440	1000000
library/llama3-chatqa	llama3-chatqa:70b-v1.5-q3_K_L	Q3_K_L	37140591680	1000000
library/llama3-chatqa	llama3-chatqa:70b	Q4_0	39969731648	1000000
library/llama3-chatqa	llama3-chatqa:70b-v1.5-q4_K_S	Q4_K_S	40347219008	1000000
library/llama3-chatqa	llama3-chatqa:70b-v1.5-q4_K_M	Q4_K_M	42520392768	1000000
library/llama3-chatqa	llama3-chatqa:70b-v1.5-q4_1	Q4_1	44313588800	1000000
library/llama3-chatqa	llama3-chatqa:70b-v1.5-q5_0	Q5_0	48657445952	1000000
library/llama3-chatqa	llama3-chatqa:70b-v1.5-q5_K_S	Q5_K_S	48657445952	1000000
library/llama3-chatqa	llama3-chatqa:70b-v1.5-q5_K_M	Q5_K_M	49949815872	1000000
library/llama3-chatqa	llama3-chatqa:70b-v1.5-q5_1	Q5_1	53001303104	1000000
library/llama3-chatqa	llama3-chatqa:70b-v1.5-q6_K	Q6_K	57888142400	1000000
library/llama3-chatqa	llama3-chatqa:70b-v1.5-q8_0	Q8_0	74975048768	1000000
library/llama3-chatqa	llama3-chatqa:70b-v1.5-fp16	F16	141117912096	1000000
library/llama3-gradient	llama3-gradient:8b-instruct-1048k-q2_K	Q2_K	3179131136	997300
library/llama3-gradient	llama3-gradient:8b-instruct-1048k-q3_K_S	Q3_K_S	3664498944	997300
library/llama3-gradient	llama3-gradient:8b-instruct-1048k-q3_K_M	Q3_K_M	4018917632	997300
library/llama3-gradient	llama3-gradient:8b-instruct-1048k-q3_K_L	Q3_K_L	4321956096	997300
library/llama3-gradient	llama3-gradient:8b	Q4_0	4661211392	997300
library/llama3-gradient	llama3-gradient:8b-instruct-1048k-q4_K_S	Q4_K_S	4692668672	997300
library/llama3-gradient	llama3-gradient:8b-instruct-1048k-q4_K_M	Q4_K_M	4920733952	997300
library/llama3-gradient	llama3-gradient:8b-instruct-1048k-q4_1	Q4_1	5130252544	997300
library/llama3-gradient	llama3-gradient:8b-instruct-1048k-q5_0	Q5_0	5599293696	997300
library/llama3-gradient	llama3-gradient:8b-instruct-1048k-q5_K_S	Q5_K_S	5599293696	997300
library/llama3-gradient	llama3-gradient:8b-instruct-1048k-q5_K_M	Q5_K_M	5732987136	997300
library/llama3-gradient	llama3-gradient:8b-instruct-1048k-q5_1	Q5_1	6068334848	997300
library/llama3-gradient	llama3-gradient:8b-instruct-1048k-q6_K	Q6_K	6596006144	997300
library/llama3-gradient	llama3-gradient:8b-instruct-1048k-q8_0	Q8_0	8540770560	997300
library/llama3-gradient	llama3-gradient:8b-instruct-1048k-fp16	F16	16068890816	997300
library/llama3-gradient	llama3-gradient:70b-instruct-1048k-q2_K	Q2_K	26375108096	997300
library/llama3-gradient	llama3-gradient:70b-instruct-1048k-q3_K_S	Q3_K_S	30912050688	997300
library/llama3-gradient	llama3-gradient:70b-instruct-1048k-q3_K_M	Q3_K_M	34267493888	997300
library/llama3-gradient	llama3-gradient:70b-instruct-1048k-q3_K_L	Q3_K_L	37140592128	997300
library/llama3-gradient	llama3-gradient:70b	Q4_0	39969732096	997300
library/llama3-gradient	llama3-gradient:70b-instruct-1048k-q4_K_S	Q4_K_S	40347219456	997300
library/llama3-gradient	llama3-gradient:70b-instruct-1048k-q4_K_M	Q4_K_M	42520393216	997300
library/llama3-gradient	llama3-gradient:70b-instruct-1048k-q4_1	Q4_1	44313589248	997300
library/llama3-gradient	llama3-gradient:70b-instruct-1048k-q5_0	Q5_0	48657446400	997300
library/llama3-gradient	llama3-gradient:70b-instruct-1048k-q5_K_S	Q5_K_S	48657446400	997300
library/llama3-gradient	llama3-gradient:70b-instruct-1048k-q5_K_M	Q5_K_M	49949816320	997300
library/llama3-gradient	llama3-gradient:70b-instruct-1048k-q5_1	Q5_1	53001303552	997300
library/llama3-gradient	llama3-gradient:70b-instruct-1048k-q6_K	Q6_K	57888142848	997300
library/llama3-gradient	llama3-gradient:70b-instruct-1048k-q8_0	Q8_0	74975049216	997300
library/llama3-gradient	llama3-gradient:70b-instruct-1048k-fp16	F16	141117912544	997300
library/llama3-groq-tool-use	llama3-groq-tool-use:8b-q2_K	Q2_K	3179159616	993400
library/llama3-groq-tool-use	llama3-groq-tool-use:8b-q3_K_S	Q3_K_S	3664529920	993400
library/llama3-groq-tool-use	llama3-groq-tool-use:8b-q3_K_M	Q3_K_M	4018948608	993400
library/llama3-groq-tool-use	llama3-groq-tool-use:8b-q3_K_L	Q3_K_L	4321987072	993400
library/llama3-groq-tool-use	llama3-groq-tool-use:8b	Q4_0	4661245632	993400
library/llama3-groq-tool-use	llama3-groq-tool-use:8b-q4_K_S	Q4_K_S	4692702912	993400
library/llama3-groq-tool-use	llama3-groq-tool-use:8b-q4_K_M	Q4_K_M	4920768192	993400
library/llama3-groq-tool-use	llama3-groq-tool-use:8b-q4_1	Q4_1	5130288320	993400
library/llama3-groq-tool-use	llama3-groq-tool-use:8b-q5_0	Q5_0	5599331008	993400
library/llama3-groq-tool-use	llama3-groq-tool-use:8b-q5_K_S	Q5_K_S	5599331008	993400
library/llama3-groq-tool-use	llama3-groq-tool-use:8b-q5_K_M	Q5_K_M	5733024448	993400
library/llama3-groq-tool-use	llama3-groq-tool-use:8b-q5_1	Q5_1	6068373696	993400
library/llama3-groq-tool-use	llama3-groq-tool-use:8b-q6_K	Q6_K	6596046720	993400
library/llama3-groq-tool-use	llama3-groq-tool-use:8b-q8_0	Q8_0	8540823040	993400
library/llama3-groq-tool-use	llama3-groq-tool-use:8b-fp16	F16	16068989440	993400
library/llama3-groq-tool-use	llama3-groq-tool-use:70b-q2_K	Q2_K	26375164768	993400
library/llama3-groq-tool-use	llama3-groq-tool-use:70b-q3_K_S	Q3_K_S	30912112352	993400
library/llama3-groq-tool-use	llama3-groq-tool-use:70b-q3_K_M	Q3_K_M	34267555552	993400
library/llama3-groq-tool-use	llama3-groq-tool-use:70b-q3_K_L	Q3_K_L	37140653792	993400
library/llama3-groq-tool-use	llama3-groq-tool-use:70b	Q4_0	39969800288	993400
library/llama3-groq-tool-use	llama3-groq-tool-use:70b-q4_K_S	Q4_K_S	40347287648	993400
library/llama3-groq-tool-use	llama3-groq-tool-use:70b-q4_K_M	Q4_K_M	42520461408	993400
library/llama3-groq-tool-use	llama3-groq-tool-use:70b-q4_1	Q4_1	44313660512	993400
library/llama3-groq-tool-use	llama3-groq-tool-use:70b-q5_0	Q5_0	48657520736	993400
library/llama3-groq-tool-use	llama3-groq-tool-use:70b-q5_K_S	Q5_K_S	48657520736	993400
library/llama3-groq-tool-use	llama3-groq-tool-use:70b-q5_K_M	Q5_K_M	49949890656	993400
library/llama3-groq-tool-use	llama3-groq-tool-use:70b-q5_1	Q5_1	53001380960	993400
library/llama3-groq-tool-use	llama3-groq-tool-use:70b-q6_K	Q6_K	57888223712	993400
library/llama3-groq-tool-use	llama3-groq-tool-use:70b-q8_0	Q8_0	74975153888	993400
library/llama3-groq-tool-use	llama3-groq-tool-use:70b-fp16	F16	141118109408	993400
library/llama3.1	llama3.1:8b-text-q2_K	Q2_K	3179131424	119100000
library/llama3.1	llama3.1:8b-instruct-q2_K	Q2_K	3179136128	119100000
library/llama3.1	llama3.1:8b-text-q3_K_S	Q3_K_S	3664499232	119100000
library/llama3.1	llama3.1:8b-instruct-q3_K_S	Q3_K_S	3664503936	119100000
library/llama3.1	llama3.1:8b-text-q3_K_M	Q3_K_M	4018917920	119100000
library/llama3.1	llama3.1:8b-instruct-q3_K_M	Q3_K_M	4018922624	119100000
library/llama3.1	llama3.1:8b-text-q3_K_L	Q3_K_L	4321956384	119100000
library/llama3.1	llama3.1:8b-instruct-q3_K_L	Q3_K_L	4321961088	119100000
library/llama3.1	llama3.1:8b-text-q4_0	Q4_0	4661211680	119100000
library/llama3.1	llama3.1:8b-instruct-q4_0	Q4_0	4661216384	119100000
library/llama3.1	llama3.1:8b-text-q4_K_S	Q4_K_S	4692668960	119100000
library/llama3.1	llama3.1:8b-instruct-q4_K_S	Q4_K_S	4692673664	119100000
library/llama3.1	llama3.1:8b-text-q4_K_M	Q4_K_M	4920734240	119100000
library/llama3.1	llama3.1:8b	Q4_K_M	4920738944	119100000
library/llama3.1	llama3.1:8b-text-q4_1	Q4_1	5130252832	119100000
library/llama3.1	llama3.1:8b-instruct-q4_1	Q4_1	5130257536	119100000
library/llama3.1	llama3.1:8b-text-q5_0	Q5_0	5599293984	119100000
library/llama3.1	llama3.1:8b-text-q5_K_S	Q5_K_S	5599293984	119100000
library/llama3.1	llama3.1:8b-instruct-q5_0	Q5_0	5599298688	119100000
library/llama3.1	llama3.1:8b-instruct-q5_K_S	Q5_K_S	5599298688	119100000
library/llama3.1	llama3.1:8b-text-q5_K_M	Q5_K_M	5732987424	119100000
library/llama3.1	llama3.1:8b-instruct-q5_K_M	Q5_K_M	5732992128	119100000
library/llama3.1	llama3.1:8b-text-q5_1	Q5_1	6068335136	119100000
library/llama3.1	llama3.1:8b-instruct-q5_1	Q5_1	6068339840	119100000
library/llama3.1	llama3.1:8b-text-q6_K	Q6_K	6596006432	119100000
library/llama3.1	llama3.1:8b-instruct-q6_K	Q6_K	6596011136	119100000
library/llama3.1	llama3.1:8b-text-q8_0	Q8_0	8540770848	119100000
library/llama3.1	llama3.1:8b-instruct-q8_0	Q8_0	8540775552	119100000
library/llama3.1	llama3.1:8b-text-fp16	F16	16068891168	119100000
library/llama3.1	llama3.1:8b-instruct-fp16	F16	16068895872	119100000
library/llama3.1	llama3.1:70b-text-q2_K	Q2_K	26375108352	119100000
library/llama3.1	llama3.1:70b-instruct-q2_K	Q2_K	26375113056	119100000
library/llama3.1	llama3.1:70b-text-q3_K_S	Q3_K_S	30912050944	119100000
library/llama3.1	llama3.1:70b-instruct-q3_K_S	Q3_K_S	30912055648	119100000
library/llama3.1	llama3.1:70b-text-q3_K_M	Q3_K_M	34267494144	119100000
library/llama3.1	llama3.1:70b-instruct-q3_K_M	Q3_K_M	34267498848	119100000
library/llama3.1	llama3.1:70b-text-q3_K_L	Q3_K_L	37140592384	119100000
library/llama3.1	llama3.1:70b-instruct-q3_K_L	Q3_K_L	37140597088	119100000
library/llama3.1	llama3.1:70b-text-q4_0	Q4_0	39969732352	119100000
library/llama3.1	llama3.1:70b-instruct-q4_0	Q4_0	39969737056	119100000
library/llama3.1	llama3.1:70b-text-q4_K_S	Q4_K_S	40347219712	119100000
library/llama3.1	llama3.1:70b-instruct-q4_K_S	Q4_K_S	40347224416	119100000
library/llama3.1	llama3.1:70b-text-q4_K_M	Q4_K_M	42520393472	119100000
library/llama3.1	llama3.1:70b	Q4_K_M	42520398176	119100000
library/llama3.1	llama3.1:70b-text-q4_1	Q4_1	44313589504	119100000
library/llama3.1	llama3.1:70b-text-q5_0	Q5_0	48657446656	119100000
library/llama3.1	llama3.1:70b-text-q5_K_S	Q5_K_S	48657446656	119100000
library/llama3.1	llama3.1:70b-instruct-q5_0	Q5_0	48657451360	119100000
library/llama3.1	llama3.1:70b-instruct-q5_K_S	Q5_K_S	48657451360	119100000
library/llama3.1	llama3.1:70b-text-q5_K_M	Q5_K_M	49949816576	119100000
library/llama3.1	llama3.1:70b-instruct-q5_K_M	Q5_K_M	49949821280	119100000
library/llama3.1	llama3.1:70b-text-q5_1	Q5_1	53001303808	119100000
library/llama3.1	llama3.1:70b-instruct-q5_1	Q5_1	53001308512	119100000
library/llama3.1	llama3.1:70b-text-q6_K	Q6_K	57888143104	119100000
library/llama3.1	llama3.1:70b-instruct-q6_K	Q6_K	57888147808	119100000
library/llama3.1	llama3.1:70b-text-q8_0	Q8_0	74975049472	119100000
library/llama3.1	llama3.1:70b-instruct-q8_0	Q8_0	74975054176	119100000
library/llama3.1	llama3.1:70b-text-fp16	F16	141117912832	119100000
library/llama3.1	llama3.1:70b-instruct-fp16	F16	141117917536	119100000
library/llama3.1	llama3.1:405b-text-q2_K	Q2_K	149322782848	119100000
library/llama3.1	llama3.1:405b-instruct-q2_K	Q2_K	149322787552	119100000
library/llama3.1	llama3.1:405b-text-q3_K_S	Q3_K_S	175233652864	119100000
library/llama3.1	llama3.1:405b-instruct-q3_K_S	Q3_K_S	175233657568	119100000
library/llama3.1	llama3.1:405b-text-q3_K_M	Q3_K_M	195373389952	119100000
library/llama3.1	llama3.1:405b-instruct-q3_K_M	Q3_K_M	195373394656	119100000
library/llama3.1	llama3.1:405b-text-q3_K_L	Q3_K_L	212838471808	119100000
library/llama3.1	llama3.1:405b-instruct-q3_K_L	Q3_K_L	212838476512	119100000
library/llama3.1	llama3.1:405b-text-q4_0	Q4_0	228856420480	119100000
library/llama3.1	llama3.1:405b-instruct-q4_0	Q4_0	228856425184	119100000
library/llama3.1	llama3.1:405b-text-q4_K_S	Q4_K_S	230500587648	119100000
library/llama3.1	llama3.1:405b-instruct-q4_K_S	Q4_K_S	230500592352	119100000
library/llama3.1	llama3.1:405b-text-q4_K_M	Q4_K_M	243069606016	119100000
library/llama3.1	llama3.1:405b	Q4_K_M	243069610720	119100000
library/llama3.1	llama3.1:405b-text-q4_1	Q4_1	254090664064	119100000
library/llama3.1	llama3.1:405b-instruct-q4_1	Q4_1	254090668768	119100000
library/llama3.1	llama3.1:405b-text-q5_0	Q5_0	279324907648	119100000
library/llama3.1	llama3.1:405b-text-q5_K_S	Q5_K_S	279324907648	119100000
library/llama3.1	llama3.1:405b-instruct-q5_0	Q5_0	279324912352	119100000
library/llama3.1	llama3.1:405b-instruct-q5_K_S	Q5_K_S	279324912352	119100000
library/llama3.1	llama3.1:405b-text-q5_K_M	Q5_K_M	286646851712	119100000
library/llama3.1	llama3.1:405b-instruct-q5_K_M	Q5_K_M	286646856416	119100000
library/llama3.1	llama3.1:405b-text-q5_1	Q5_1	304559151232	119100000
library/llama3.1	llama3.1:405b-instruct-q5_1	Q5_1	304559155936	119100000
library/llama3.1	llama3.1:405b-text-q6_K	Q6_K	332947675264	119100000
library/llama3.1	llama3.1:405b-instruct-q6_K	Q6_K	332947679968	119100000
library/llama3.1	llama3.1:405b-text-q8_0	Q8_0	431239288960	119100000
library/llama3.1	llama3.1:405b-instruct-q8_0	Q8_0	431239293664	119100000
library/llama3.1	llama3.1:405b-text-fp16	F16	811722954880	119100000
library/llama3.1	llama3.1:405b-instruct-fp16	F16	811722959584	119100000
library/llama3.2	llama3.2:1b-text-q2_K	Q2_K	580870144	82100000
library/llama3.2	llama3.2:1b-instruct-q2_K	Q2_K	580874048	82100000
library/llama3.2	llama3.2:1b-text-q3_K_S	Q3_K_S	641687552	82100000
library/llama3.2	llama3.2:1b-instruct-q3_K_S	Q3_K_S	641691456	82100000
library/llama3.2	llama3.2:1b-text-q3_K_M	Q3_K_M	690839552	82100000
library/llama3.2	llama3.2:1b-instruct-q3_K_M	Q3_K_M	690843456	82100000
library/llama3.2	llama3.2:1b-text-q3_K_L	Q3_K_L	732520448	82100000
library/llama3.2	llama3.2:1b-instruct-q3_K_L	Q3_K_L	732524352	82100000
library/llama3.2	llama3.2:1b-text-q4_0	Q4_0	770924544	82100000
library/llama3.2	llama3.2:1b-instruct-q4_0	Q4_0	770928448	82100000
library/llama3.2	llama3.2:1b-text-q4_K_S	Q4_K_S	775643136	82100000
library/llama3.2	llama3.2:1b-instruct-q4_K_S	Q4_K_S	775647040	82100000
library/llama3.2	llama3.2:1b-text-q4_K_M	Q4_K_M	807690240	82100000
library/llama3.2	llama3.2:1b-instruct-q4_K_M	Q4_K_M	807694144	82100000
library/llama3.2	llama3.2:1b-text-q4_1	Q4_1	831741952	82100000
library/llama3.2	llama3.2:1b-instruct-q4_1	Q4_1	831745856	82100000
library/llama3.2	llama3.2:1b-text-q5_0	Q5_0	892559360	82100000
library/llama3.2	llama3.2:1b-text-q5_K_S	Q5_K_S	892559360	82100000
library/llama3.2	llama3.2:1b-instruct-q5_0	Q5_0	892563264	82100000
library/llama3.2	llama3.2:1b-instruct-q5_K_S	Q5_K_S	892563264	82100000
library/llama3.2	llama3.2:1b-text-q5_K_M	Q5_K_M	911499264	82100000
library/llama3.2	llama3.2:1b-instruct-q5_K_M	Q5_K_M	911503168	82100000
library/llama3.2	llama3.2:1b-text-q5_1	Q5_1	953376768	82100000
library/llama3.2	llama3.2:1b-instruct-q5_1	Q5_1	953380672	82100000
library/llama3.2	llama3.2:1b-text-q6_K	Q6_K	1021796352	82100000
library/llama3.2	llama3.2:1b-instruct-q6_K	Q6_K	1021800256	82100000
library/llama3.2	llama3.2:1b-text-q8_0	Q8_0	1321078784	82100000
library/llama3.2	llama3.2:1b	Q8_0	1321082688	82100000
library/llama3.2	llama3.2:3b-text-q2_K	Q2_K	1363931584	82100000
library/llama3.2	llama3.2:3b-instruct-q2_K	Q2_K	1363935456	82100000
library/llama3.2	llama3.2:3b-text-q3_K_S	Q3_K_S	1542844864	82100000
library/llama3.2	llama3.2:3b-instruct-q3_K_S	Q3_K_S	1542848736	82100000
library/llama3.2	llama3.2:3b-text-q3_K_M	Q3_K_M	1687155136	82100000
library/llama3.2	llama3.2:3b-instruct-q3_K_M	Q3_K_M	1687159008	82100000
library/llama3.2	llama3.2:3b-text-q3_K_L	Q3_K_L	1815343552	82100000
library/llama3.2	llama3.2:3b-instruct-q3_K_L	Q3_K_L	1815347424	82100000
library/llama3.2	llama3.2:3b-text-q4_0	Q4_0	1917186496	82100000
library/llama3.2	llama3.2:3b-instruct-q4_0	Q4_0	1917190368	82100000
library/llama3.2	llama3.2:3b-text-q4_K_S	Q4_K_S	1928196544	82100000
library/llama3.2	llama3.2:3b-instruct-q4_K_S	Q4_K_S	1928200416	82100000
library/llama3.2	llama3.2:3b-text-q4_K_M	Q4_K_M	2019373504	82100000
library/llama3.2	llama3.2:3b	Q4_K_M	2019377376	82100000
library/llama3.2	llama3.2:3b-text-q4_1	Q4_1	2093347264	82100000
library/llama3.2	llama3.2:3b-instruct-q4_1	Q4_1	2093351136	82100000
library/llama3.2	llama3.2:3b-text-q5_0	Q5_0	2269508032	82100000
library/llama3.2	llama3.2:3b-text-q5_K_S	Q5_K_S	2269508032	82100000
library/llama3.2	llama3.2:3b-instruct-q5_0	Q5_0	2269511904	82100000
library/llama3.2	llama3.2:3b-instruct-q5_K_S	Q5_K_S	2269511904	82100000
library/llama3.2	llama3.2:3b-text-q5_K_M	Q5_K_M	2322149824	82100000
library/llama3.2	llama3.2:3b-instruct-q5_K_M	Q5_K_M	2322153696	82100000
library/llama3.2	llama3.2:3b-text-q5_1	Q5_1	2445668800	82100000
library/llama3.2	llama3.2:3b-instruct-q5_1	Q5_1	2445672672	82100000
library/llama3.2	llama3.2:1b-text-fp16	F16	2479591424	82100000
library/llama3.2	llama3.2:1b-instruct-fp16	F16	2479595328	82100000
library/llama3.2	llama3.2:3b-text-q6_K	Q6_K	2643849664	82100000
library/llama3.2	llama3.2:3b-instruct-q6_K	Q6_K	2643853536	82100000
library/llama3.2	llama3.2:3b-text-q8_0	Q8_0	3421895104	82100000
library/llama3.2	llama3.2:3b-instruct-q8_0	Q8_0	3421898976	82100000
library/llama3.2	llama3.2:3b-text-fp16	F16	6433683904	82100000
library/llama3.2	llama3.2:3b-instruct-fp16	F16	6433687776	82100000
library/llama3.2-vision	llama3.2-vision:11b	Q4_K_M	7816574592	5200000
library/llama3.2-vision	llama3.2-vision:11b-instruct-q8_0	Q8_0	12272807552	5200000
library/llama3.2-vision	llama3.2-vision:11b-instruct-fp16	F16	21498177120	5200000
library/llama3.2-vision	llama3.2-vision:90b	Q4_K_M	54622548736	5200000
library/llama3.2-vision	llama3.2-vision:90b-instruct-q8_0	Q8_0	95099548928	5200000
library/llama3.2-vision	llama3.2-vision:90b-instruct-fp16	F16	177347126496	5200000
library/llama3.3	llama3.3:70b-instruct-q2_K	Q2_K	26375113408	4099999
library/llama3.3	llama3.3:70b-instruct-q3_K_S	Q3_K_S	30912056000	4099999
library/llama3.3	llama3.3:70b-instruct-q3_K_M	Q3_K_M	34267499200	4099999
library/llama3.3	llama3.3:70b-instruct-q4_0	Q4_0	39969737408	4099999
library/llama3.3	llama3.3:70b-instruct-q4_K_S	Q4_K_S	40347224768	4099999
library/llama3.3	llama3.3:70b	Q4_K_M	42520398528	4099999
library/llama3.3	llama3.3:70b-instruct-q5_0	Q5_0	48657451712	4099999
library/llama3.3	llama3.3:70b-instruct-q5_K_M	Q5_K_M	49949821632	4099999
library/llama3.3	llama3.3:70b-instruct-q5_1	Q5_1	53001308864	4099999
library/llama3.3	llama3.3:70b-instruct-q6_K	Q6_K	57888148160	4099999
library/llama3.3	llama3.3:70b-instruct-q8_0	Q8_0	74975054528	4099999
library/llama3.3	llama3.3:70b-instruct-fp16	F16	141117917888	4099999
library/llama4	llama4:scout	Q4_K_M	67436800960	1800000
library/llama4	llama4:17b-scout-16e-instruct-q8_0	Q8_0	116515101120	1800000
library/llama4	llama4:17b-scout-16e-instruct-fp16	F16	217309264320	1800000
library/llama4	llama4:128x17b	Q4_K_M	244844056032	1800000
library/llama4	llama4:17b-maverick-128e-instruct-q8_0	Q8_0	427800607712	1800000
library/llama4	llama4:17b-maverick-128e-instruct-fp16	F16	803216825312	1800000
library/llava	llava:7b-v1.6-vicuna-q2_K	Q2_K	2532863808	14800000
library/llava	llava:7b-v1.6-mistral-q2_K	Q2_K	2719242496	14800000
library/llava	llava:7b-v1.5-q2_K	Q2_K	2825940768	14800000
library/llava	llava:7b-v1.5-q3_K_S	Q3_K_S	2948304672	14800000
library/llava	llava:7b-v1.6-vicuna-q3_K_S	Q3_K_S	2948304704	14800000
library/llava	llava:7b-v1.6-mistral-q3_K_S	Q3_K_S	3164567808	14800000
library/llava	llava:7b-v1.5-q3_K_M	Q3_K_M	3298004768	14800000
library/llava	llava:7b-v1.6-vicuna-q3_K_M	Q3_K_M	3298004800	14800000
library/llava	llava:7b-v1.6-mistral-q3_K_M	Q3_K_M	3518986496	14800000
library/llava	llava:7b-v1.5-q3_K_L	Q3_K_L	3597111072	14800000
library/llava	llava:7b-v1.6-vicuna-q3_K_L	Q3_K_L	3597111104	14800000
library/llava	llava:7b-v1.6-mistral-q3_K_L	Q3_K_L	3822024960	14800000
library/llava	llava:7b-v1.5-q4_0	Q4_0	3825807136	14800000
library/llava	llava:7b-v1.6-vicuna-q4_0	Q4_0	3825807168	14800000
library/llava	llava:7b-v1.5-q4_K_S	Q4_K_S	3856740128	14800000
library/llava	llava:7b-v1.6-vicuna-q4_K_S	Q4_K_S	3856740160	14800000
library/llava	llava:7b-v1.5-q4_K_M	Q4_K_M	4081004320	14800000
library/llava	llava:7b-v1.6-vicuna-q4_K_M	Q4_K_M	4081004352	14800000
library/llava	llava:7b	Q4_0	4108916992	14800000
library/llava	llava:7b-v1.6-mistral-q4_K_S	Q4_K_S	4140374272	14800000
library/llava	llava:7b-v1.5-q4_1	Q4_1	4238749472	14800000
library/llava	llava:7b-v1.6-vicuna-q4_1	Q4_1	4238749504	14800000
library/llava	llava:7b-v1.6-mistral-q4_K_M	Q4_K_M	4368439552	14800000
library/llava	llava:7b-v1.6-mistral-q4_1	Q4_1	4553316608	14800000
library/llava	llava:7b-v1.5-q5_0	Q5_0	4651691808	14800000
library/llava	llava:7b-v1.5-q5_K_S	Q5_K_S	4651691808	14800000
library/llava	llava:7b-v1.6-vicuna-q5_0	Q5_0	4651691840	14800000
library/llava	llava:7b-v1.6-vicuna-q5_K_S	Q5_K_S	4651691840	14800000
library/llava	llava:7b-v1.5-q5_K_M	Q5_K_M	4783157024	14800000
library/llava	llava:7b-v1.6-vicuna-q5_K_M	Q5_K_M	4783157056	14800000
library/llava	llava:13b-v1.6-vicuna-q2_K	Q2_K	4854269952	14800000
library/llava	llava:7b-v1.6-mistral-q5_0	Q5_0	4997716224	14800000
library/llava	llava:7b-v1.6-mistral-q5_K_S	Q5_K_S	4997716224	14800000
library/llava	llava:7b-v1.5-q5_1	Q5_1	5064634144	14800000
library/llava	llava:7b-v1.6-vicuna-q5_1	Q5_1	5064634176	14800000
library/llava	llava:7b-v1.6-mistral-q5_K_M	Q5_K_M	5131409664	14800000
library/llava	llava:13b-v1.5-q2_K	Q2_K	5429348320	14800000
library/llava	llava:7b-v1.6-mistral-q5_1	Q5_1	5442115840	14800000
library/llava	llava:7b-v1.5-q6_K	Q6_K	5529194272	14800000
library/llava	llava:7b-v1.6-vicuna-q6_K	Q6_K	5529194304	14800000
library/llava	llava:13b-v1.5-q3_K_S	Q3_K_S	5658980320	14800000
library/llava	llava:13b-v1.6-vicuna-q3_K_S	Q3_K_S	5658980352	14800000
library/llava	llava:7b-v1.6-mistral-q6_K	Q6_K	5942065408	14800000
library/llava	llava:13b-v1.5-q3_K_M	Q3_K_M	6337769440	14800000
library/llava	llava:13b-v1.6-vicuna-q3_K_M	Q3_K_M	6337769472	14800000
library/llava	llava:13b-v1.5-q3_K_L	Q3_K_L	6929559520	14800000
library/llava	llava:13b-v1.6-vicuna-q3_K_L	Q3_K_L	6929559552	14800000
library/llava	llava:7b-v1.5-q8_0	Q8_0	7161089824	14800000
library/llava	llava:7b-v1.6-vicuna-q8_0	Q8_0	7161089856	14800000
library/llava	llava:13b-v1.5-q4_0	Q4_0	7365834720	14800000
library/llava	llava:13b	Q4_0	7365834752	14800000
library/llava	llava:13b-v1.5-q4_K_S	Q4_K_S	7414331360	14800000
library/llava	llava:13b-v1.6-vicuna-q4_K_S	Q4_K_S	7423178752	14800000
library/llava	llava:7b-v1.6-mistral-q8_0	Q8_0	7695857920	14800000
library/llava	llava:13b-v1.5-q4_K_M	Q4_K_M	7865956320	14800000
library/llava	llava:13b-v1.6-vicuna-q4_K_M	Q4_K_M	7865956352	14800000
library/llava	llava:13b-v1.5-q4_1	Q4_1	8169060320	14800000
library/llava	llava:13b-v1.6-vicuna-q4_1	Q4_1	8169060352	14800000
library/llava	llava:13b-v1.5-q5_0	Q5_0	8972285920	14800000
library/llava	llava:13b-v1.5-q5_K_S	Q5_K_S	8972285920	14800000
library/llava	llava:13b-v1.6-vicuna-q5_0	Q5_0	8972285952	14800000
library/llava	llava:13b-v1.6-vicuna-q5_K_S	Q5_K_S	8972285952	14800000
library/llava	llava:13b-v1.5-q5_K_M	Q5_K_M	9229924320	14800000
library/llava	llava:13b-v1.6-vicuna-q5_K_M	Q5_K_M	9229924352	14800000
library/llava	llava:13b-v1.5-q5_1	Q5_1	9775511520	14800000
library/llava	llava:13b-v1.6-vicuna-q5_1	Q5_1	9775511552	14800000
library/llava	llava:13b-v1.5-q6_K	Q6_K	10679140320	14800000
library/llava	llava:13b-v1.6-vicuna-q6_K	Q6_K	10679140352	14800000
library/llava	llava:34b-v1.6-q2_K	Q2_K	12825233664	14800000
library/llava	llava:7b-v1.5-fp16	F16	13478104800	14800000
library/llava	llava:7b-v1.6-vicuna-fp16	F16	13478104832	14800000
library/llava	llava:13b-v1.5-q8_0	Q8_0	13831319520	14800000
library/llava	llava:13b-v1.6-vicuna-q8_0	Q8_0	13831319552	14800000
library/llava	llava:7b-v1.6-mistral-fp16	F16	14484732128	14800000
library/llava	llava:34b-v1.6-q3_K_S	Q3_K_S	14960294144	14800000
library/llava	llava:34b-v1.6-q3_K_M	Q3_K_M	16654924032	14800000
library/llava	llava:34b-v1.6-q3_K_L	Q3_K_L	18139445504	14800000
library/llava	llava:34b	Q4_0	19466529024	14800000
library/llava	llava:34b-v1.6-q4_K_S	Q4_K_S	19598649600	14800000
library/llava	llava:34b-v1.6-q4_K_M	Q4_K_M	20658710784	14800000
library/llava	llava:34b-v1.6-q4_1	Q4_1	21587110144	14800000
library/llava	llava:34b-v1.6-q5_0	Q5_0	23707691264	14800000
library/llava	llava:34b-v1.6-q5_K_S	Q5_K_S	23707691264	14800000
library/llava	llava:34b-v1.6-q5_K_M	Q5_K_M	24321845504	14800000
library/llava	llava:34b-v1.6-q5_1	Q5_1	25828272384	14800000
library/llava	llava:13b-v1.5-fp16	F16	26033303488	14800000
library/llava	llava:13b-v1.6-vicuna-fp16	F16	26033303520	14800000
library/llava	llava:34b-v1.6-q6_K	Q6_K	28213926144	14800000
library/llava	llava:34b-v1.6-q8_0	Q8_0	36542281984	14800000
library/llava	llava:34b-v1.6-fp16	F16	68781078720	14800000
library/llava-llama3	llava-llama3:8b	Q4_K_M	4921246944	2300000
library/llava-llama3	llava-llama3:8b-v1.1-fp16	F16	16069403840	2300000
library/magistral	magistral:24b	Q4_K_M	14333907488	1500000
library/magistral	magistral:24b-small-2506-q8_0	Q8_0	25054777888	1500000
library/magistral	magistral:24b-small-2506-fp16	F16	47153517024	1500000
library/meditron	meditron:7b-q2_K	Q2_K	2825940704	853000
library/meditron	meditron:7b-q3_K_S	Q3_K_S	2948304608	853000
library/meditron	meditron:7b-q3_K_M	Q3_K_M	3298004704	853000
library/meditron	meditron:7b-q3_K_L	Q3_K_L	3597111008	853000
library/meditron	meditron:7b	Q4_0	3825807072	853000
library/meditron	meditron:7b-q4_K_S	Q4_K_S	3856740064	853000
library/meditron	meditron:7b-q4_K_M	Q4_K_M	4081004256	853000
library/meditron	meditron:7b-q4_1	Q4_1	4238749408	853000
library/meditron	meditron:7b-q5_0	Q5_0	4651691744	853000
library/meditron	meditron:7b-q5_K_S	Q5_K_S	4651691744	853000
library/meditron	meditron:7b-q5_K_M	Q5_K_M	4783156960	853000
library/meditron	meditron:7b-q5_1	Q5_1	5064634080	853000
library/meditron	meditron:7b-q6_K	Q6_K	5529194208	853000
library/meditron	meditron:7b-q8_0	Q8_0	7161089760	853000
library/meditron	meditron:7b-fp16	F16	13478104768	853000
library/meditron	meditron:70b	Q4_0	38872249280	853000
library/meditron	meditron:70b-q4_K_S	Q4_K_S	39073575872	853000
library/meditron	meditron:70b-q4_1	Q4_1	43166823360	853000
library/meditron	meditron:70b-q5_1	Q5_1	51755971520	853000
library/medllama2	medllama2:7b-q2_K	Q2_K	2825940672	687200
library/medllama2	medllama2:7b-q3_K_S	Q3_K_S	2948304576	687200
library/medllama2	medllama2:7b-q3_K_M	Q3_K_M	3298004672	687200
library/medllama2	medllama2:7b-q3_K_L	Q3_K_L	3597110976	687200
library/medllama2	medllama2:7b	Q4_0	3825807040	687200
library/medllama2	medllama2:7b-q4_K_S	Q4_K_S	3856740032	687200
library/medllama2	medllama2:7b-q4_K_M	Q4_K_M	4081004224	687200
library/medllama2	medllama2:7b-q4_1	Q4_1	4238749376	687200
library/medllama2	medllama2:7b-q5_0	Q5_0	4651691712	687200
library/medllama2	medllama2:7b-q5_K_S	Q5_K_S	4651691712	687200
library/medllama2	medllama2:7b-q5_K_M	Q5_K_M	4783156928	687200
library/medllama2	medllama2:7b-q5_1	Q5_1	5064634048	687200
library/medllama2	medllama2:7b-q6_K	Q6_K	5529194176	687200
library/medllama2	medllama2:7b-q8_0	Q8_0	7161089728	687200
library/medllama2	medllama2:7b-fp16	F16	13478104736	687200
library/minicpm-v	minicpm-v:8b-2.6-q2_K	Q2_K	3014290240	5400000
library/minicpm-v	minicpm-v:8b-2.6-q3_K_S	Q3_K_S	3490573664	5400000
library/minicpm-v	minicpm-v:8b-2.6-q3_K_M	Q3_K_M	3806596448	5400000
library/minicpm-v	minicpm-v:8b-2.6-q3_K_L	Q3_K_L	4086664544	5400000
library/minicpm-v	minicpm-v:8b	Q4_0	4429406528	5400000
library/minicpm-v	minicpm-v:8b-2.6-q4_K_S	Q4_K_S	4455784768	5400000
library/minicpm-v	minicpm-v:8b-2.6-q4_K_M	Q4_K_M	4681089344	5400000
library/minicpm-v	minicpm-v:8b-2.6-q4_1	Q4_1	4871210240	5400000
library/minicpm-v	minicpm-v:8b-2.6-q5_0	Q5_0	5313013952	5400000
library/minicpm-v	minicpm-v:8b-2.6-q5_K_S	Q5_K_S	5313013952	5400000
library/minicpm-v	minicpm-v:8b-2.6-q5_K_M	Q5_K_M	5442668736	5400000
library/minicpm-v	minicpm-v:8b-2.6-q5_1	Q5_1	5754817664	5400000
library/minicpm-v	minicpm-v:8b-2.6-q6_K	Q6_K	6251846848	5400000
library/minicpm-v	minicpm-v:8b-2.6-q8_0	Q8_0	8095482304	5400000
library/minicpm-v	minicpm-v:8b-2.6-fp16	F16	15232135744	5400000
library/ministral-3	ministral-3:3b	Q4_K_M	2953825504	1400000
library/ministral-3	ministral-3:3b-instruct-2512-q8_0	Q8_0	4468886752	1400000
library/ministral-3	ministral-3:8b	Q4_K_M	6022221312	1400000
library/ministral-3	ministral-3:3b-instruct-2512-fp16	F16	7707020480	1400000
library/ministral-3	ministral-3:14b	Q4_K_M	9082522240	1400000
library/ministral-3	ministral-3:8b-instruct-2512-q8_0	Q8_0	9862852096	1400000
library/ministral-3	ministral-3:14b-instruct-2512-q8_0	Q8_0	15214267008	1400000
library/ministral-3	ministral-3:8b-instruct-2512-fp16	F16	17845136832	1400000
library/ministral-3	ministral-3:14b-instruct-2512-fp16	F16	27899415136	1400000
library/mistral	mistral:7b-text-v0.2-q2_K	Q2_K	2719242432	33200000
library/mistral	mistral:7b-instruct-v0.3-q2_K	Q2_K	2722877376	33200000
library/mistral	mistral:7b-text-q2_K	Q2_K	3084034112	33200000
library/mistral	mistral:7b-instruct-v0.2-q2_K	Q2_K	3084034624	33200000
library/mistral	mistral:7b-instruct-q2_K	Q2_K	3084034656	33200000
library/mistral	mistral:7b-text-v0.2-q3_K_S	Q3_K_S	3164567744	33200000
library/mistral	mistral:7b-text-q3_K_S	Q3_K_S	3165503552	33200000
library/mistral	mistral:7b-instruct-v0.2-q3_K_S	Q3_K_S	3165504064	33200000
library/mistral	mistral:7b-instruct-q3_K_S	Q3_K_S	3165504096	33200000
library/mistral	mistral:7b-instruct-v0.3-q3_K_S	Q3_K_S	3168522176	33200000
library/mistral	mistral:7b-text-v0.2-q3_K_M	Q3_K_M	3518986432	33200000
library/mistral	mistral:7b-text-q3_K_M	Q3_K_M	3519922240	33200000
library/mistral	mistral:7b-instruct-v0.2-q3_K_M	Q3_K_M	3519922752	33200000
library/mistral	mistral:7b-instruct-q3_K_M	Q3_K_M	3519922784	33200000
library/mistral	mistral:7b-instruct-v0.3-q3_K_M	Q3_K_M	3522940864	33200000
library/mistral	mistral:7b-text-v0.2-q3_K_L	Q3_K_L	3822024896	33200000
library/mistral	mistral:7b-text-q3_K_L	Q3_K_L	3822960704	33200000
library/mistral	mistral:7b-instruct-v0.2-q3_K_L	Q3_K_L	3822961216	33200000
library/mistral	mistral:7b-instruct-q3_K_L	Q3_K_L	3822961248	33200000
library/mistral	mistral:7b-instruct-v0.3-q3_K_L	Q3_K_L	3825979328	33200000
library/mistral	mistral:text	Q4_0	4108916928	33200000
library/mistral	mistral:7b-text-q4_0	Q4_0	4109852736	33200000
library/mistral	mistral:v0.2	Q4_0	4109853248	33200000
library/mistral	mistral:v0.1	Q4_0	4109853280	33200000
library/mistral	mistral:instruct	Q4_0	4113289152	33200000
library/mistral	mistral:7b-text-v0.2-q4_K_S	Q4_K_S	4140374208	33200000
library/mistral	mistral:7b-text-q4_K_S	Q4_K_S	4141310016	33200000
library/mistral	mistral:7b-instruct-v0.2-q4_K_S	Q4_K_S	4141310528	33200000
library/mistral	mistral:7b-instruct-q4_K_S	Q4_K_S	4141310560	33200000
library/mistral	mistral:7b-instruct-v0.3-q4_K_S	Q4_K_S	4144746432	33200000
library/mistral	mistral:7b-text-v0.2-q4_K_M	Q4_K_M	4368439488	33200000
library/mistral	mistral:7b-text-q4_K_M	Q4_K_M	4369375296	33200000
library/mistral	mistral:7b-instruct-v0.2-q4_K_M	Q4_K_M	4369375808	33200000
library/mistral	mistral:7b-instruct-q4_K_M	Q4_K_M	4369375840	33200000
library/mistral	mistral:7b	Q4_K_M	4372811712	33200000
library/mistral	mistral:7b-text-v0.2-q4_1	Q4_1	4553316544	33200000
library/mistral	mistral:7b-text-q4_1	Q4_1	4554252352	33200000
library/mistral	mistral:7b-instruct-v0.2-q4_1	Q4_1	4554252864	33200000
library/mistral	mistral:7b-instruct-q4_1	Q4_1	4554252896	33200000
library/mistral	mistral:7b-instruct-v0.3-q4_1	Q4_1	4557885376	33200000
library/mistral	mistral:7b-text-v0.2-q5_0	Q5_0	4997716160	33200000
library/mistral	mistral:7b-text-v0.2-q5_K_S	Q5_K_S	4997716160	33200000
library/mistral	mistral:7b-text-q5_0	Q5_0	4998651968	33200000
library/mistral	mistral:7b-text-q5_K_S	Q5_K_S	4998651968	33200000
library/mistral	mistral:7b-instruct-v0.2-q5_0	Q5_0	4998652480	33200000
library/mistral	mistral:7b-instruct-v0.2-q5_K_S	Q5_K_S	4998652480	33200000
library/mistral	mistral:7b-instruct-q5_0	Q5_0	4998652512	33200000
library/mistral	mistral:7b-instruct-q5_K_S	Q5_K_S	4998652512	33200000
library/mistral	mistral:7b-instruct-v0.3-q5_0	Q5_0	5002481600	33200000
library/mistral	mistral:7b-instruct-v0.3-q5_K_S	Q5_K_S	5002481600	33200000
library/mistral	mistral:7b-text-v0.2-q5_K_M	Q5_K_M	5131409600	33200000
library/mistral	mistral:7b-text-q5_K_M	Q5_K_M	5132345408	33200000
library/mistral	mistral:7b-instruct-v0.2-q5_K_M	Q5_K_M	5132345920	33200000
library/mistral	mistral:7b-instruct-q5_K_M	Q5_K_M	5132345952	33200000
library/mistral	mistral:7b-instruct-v0.3-q5_K_M	Q5_K_M	5136175040	33200000
library/mistral	mistral:7b-text-v0.2-q5_1	Q5_1	5442115776	33200000
library/mistral	mistral:7b-text-q5_1	Q5_1	5443051584	33200000
library/mistral	mistral:7b-instruct-v0.2-q5_1	Q5_1	5443052096	33200000
library/mistral	mistral:7b-instruct-q5_1	Q5_1	5443052128	33200000
library/mistral	mistral:7b-instruct-v0.3-q5_1	Q5_1	5447077824	33200000
library/mistral	mistral:7b-text-v0.2-q6_K	Q6_K	5942065344	33200000
library/mistral	mistral:7b-text-q6_K	Q6_K	5943001152	33200000
library/mistral	mistral:7b-instruct-v0.2-q6_K	Q6_K	5943001664	33200000
library/mistral	mistral:7b-instruct-q6_K	Q6_K	5943001696	33200000
library/mistral	mistral:7b-instruct-v0.3-q6_K	Q6_K	5947248576	33200000
library/mistral	mistral:7b-text-v0.2-q8_0	Q8_0	7695857856	33200000
library/mistral	mistral:7b-text-q8_0	Q8_0	7696793664	33200000
library/mistral	mistral:7b-instruct-v0.2-q8_0	Q8_0	7696794176	33200000
library/mistral	mistral:7b-instruct-q8_0	Q8_0	7696794208	33200000
library/mistral	mistral:7b-instruct-v0.3-q8_0	Q8_0	7702564800	33200000
library/mistral	mistral:7b-text-v0.2-fp16	F16	14484732064	33200000
library/mistral	mistral:7b-text-fp16	F16	14485667872	33200000
library/mistral	mistral:7b-instruct-fp16	F16	14485668384	33200000
library/mistral	mistral:7b-instruct-v0.2-fp16	F16	14485668384	33200000
library/mistral	mistral:7b-instruct-v0.3-fp16	F16	14497337280	33200000
library/mistral-large	mistral-large:123b-instruct-2407-q2_K	Q2_K	45196297696	1300000
library/mistral-large	mistral-large:123b-instruct-2411-q2_K	Q2_K	45196298240	1300000
library/mistral-large	mistral-large:123b-instruct-2407-q3_K_S	Q3_K_S	52849853920	1300000
library/mistral-large	mistral-large:123b-instruct-2411-q3_K_S	Q3_K_S	52849854464	1300000
library/mistral-large	mistral-large:123b-instruct-2407-q3_K_M	Q3_K_M	59102774752	1300000
library/mistral-large	mistral-large:123b-instruct-2411-q3_K_M	Q3_K_M	59102775296	1300000
library/mistral-large	mistral-large:123b-instruct-2407-q3_K_L	Q3_K_L	64554321376	1300000
library/mistral-large	mistral-large:123b-instruct-2411-q3_K_L	Q3_K_L	64554321920	1300000
library/mistral-large	mistral-large:123b-instruct-2407-q4_0	Q4_0	69080237536	1300000
library/mistral-large	mistral-large:123b-instruct-2411-q4_0	Q4_0	69080238080	1300000
library/mistral-large	mistral-large:123b-instruct-2407-q4_K_S	Q4_K_S	69570971104	1300000
library/mistral-large	mistral-large:123b-instruct-2411-q4_K_S	Q4_K_S	69570971648	1300000
library/mistral-large	mistral-large:123b-instruct-2407-q4_K_M	Q4_K_M	73219622368	1300000
library/mistral-large	mistral-large:123b	Q4_K_M	73219622912	1300000
library/mistral-large	mistral-large:123b-instruct-2407-q4_1	Q4_1	76718065120	1300000
library/mistral-large	mistral-large:123b-instruct-2411-q4_1	Q4_1	76718065664	1300000
library/mistral-large	mistral-large:123b-instruct-2407-q5_0	Q5_0	84355892704	1300000
library/mistral-large	mistral-large:123b-instruct-2407-q5_K_S	Q5_K_S	84355892704	1300000
library/mistral-large	mistral-large:123b-instruct-2411-q5_0	Q5_0	84355893248	1300000
library/mistral-large	mistral-large:123b-instruct-2411-q5_K_S	Q5_K_S	84355893248	1300000
library/mistral-large	mistral-large:123b-instruct-2407-q5_K_M	Q5_K_M	86488303072	1300000
library/mistral-large	mistral-large:123b-instruct-2411-q5_K_M	Q5_K_M	86488303616	1300000
library/mistral-large	mistral-large:123b-instruct-2407-q5_1	Q5_1	91993720288	1300000
library/mistral-large	mistral-large:123b-instruct-2411-q5_1	Q5_1	91993720832	1300000
library/mistral-large	mistral-large:123b-instruct-2407-q6_K	Q6_K	100586276320	1300000
library/mistral-large	mistral-large:123b-instruct-2411-q6_K	Q6_K	100586276864	1300000
library/mistral-large	mistral-large:123b-instruct-2407-q8_0	Q8_0	130280375776	1300000
library/mistral-large	mistral-large:123b-instruct-2411-q8_0	Q8_0	130280376320	1300000
library/mistral-large	mistral-large:123b-instruct-2407-fp16	F16	245225276896	1300000
library/mistral-large	mistral-large:123b-instruct-2411-fp16	F16	245225277440	1300000
library/mistral-nemo	mistral-nemo:12b-instruct-2407-q2_K	Q2_K	4791047872	5600000
library/mistral-nemo	mistral-nemo:12b-instruct-2407-q3_K_S	Q3_K_S	5534226112	5600000
library/mistral-nemo	mistral-nemo:12b-instruct-2407-q3_K_M	Q3_K_M	6083090112	5600000
library/mistral-nemo	mistral-nemo:12b-instruct-2407-q3_K_L	Q3_K_L	6561502912	5600000
library/mistral-nemo	mistral-nemo:12b	Q4_0	7071700672	5600000
library/mistral-nemo	mistral-nemo:12b-instruct-2407-q4_K_S	Q4_K_S	7120197312	5600000
library/mistral-nemo	mistral-nemo:12b-instruct-2407-q4_K_M	Q4_K_M	7477204672	5600000
library/mistral-nemo	mistral-nemo:12b-instruct-2407-q4_1	Q4_1	7795218112	5600000
library/mistral-nemo	mistral-nemo:12b-instruct-2407-q5_0	Q5_0	8518735552	5600000
library/mistral-nemo	mistral-nemo:12b-instruct-2407-q5_K_S	Q5_K_S	8518735552	5600000
library/mistral-nemo	mistral-nemo:12b-instruct-2407-q5_K_M	Q5_K_M	8727631552	5600000
library/mistral-nemo	mistral-nemo:12b-instruct-2407-q5_1	Q5_1	9242252992	5600000
library/mistral-nemo	mistral-nemo:12b-instruct-2407-q6_K	Q6_K	10056210112	5600000
library/mistral-nemo	mistral-nemo:12b-instruct-2407-q8_0	Q8_0	13022369472	5600000
library/mistral-nemo	mistral-nemo:12b-instruct-2407-fp16	F16	24504276672	5600000
library/mistral-openorca	mistral-openorca:7b-q2_K	Q2_K	3083107136	683700
library/mistral-openorca	mistral-openorca:7b-q3_K_S	Q3_K_S	3164577408	683700
library/mistral-openorca	mistral-openorca:7b-q3_K_M	Q3_K_M	3518996096	683700
library/mistral-openorca	mistral-openorca:7b-q3_K_L	Q3_K_L	3822034560	683700
library/mistral-openorca	mistral-openorca:7b	Q4_0	4108927680	683700
library/mistral-openorca	mistral-openorca:7b-q4_K_S	Q4_K_S	4140384960	683700
library/mistral-openorca	mistral-openorca:7b-q4_K_M	Q4_K_M	4368450240	683700
library/mistral-openorca	mistral-openorca:7b-q4_1	Q4_1	4553327808	683700
library/mistral-openorca	mistral-openorca:7b-q5_0	Q5_0	4997727936	683700
library/mistral-openorca	mistral-openorca:7b-q5_K_S	Q5_K_S	4997727936	683700
library/mistral-openorca	mistral-openorca:7b-q5_K_M	Q5_K_M	5131421376	683700
library/mistral-openorca	mistral-openorca:7b-q5_1	Q5_1	5442128064	683700
library/mistral-openorca	mistral-openorca:7b-q6_K	Q6_K	5942078208	683700
library/mistral-openorca	mistral-openorca:7b-q8_0	Q8_0	7695874688	683700
library/mistral-openorca	mistral-openorca:7b-fp16	F16	14484764256	683700
library/mistral-small	mistral-small:22b-instruct-2409-q2_K	Q2_K	8272095104	3100000
library/mistral-small	mistral-small:22b-instruct-2409-q3_K_S	Q3_K_S	9641273216	3100000
library/mistral-small	mistral-small:22b-instruct-2409-q3_K_M	Q3_K_M	10756827008	3100000
library/mistral-small	mistral-small:22b-instruct-2409-q3_K_L	Q3_K_L	11730429824	3100000
library/mistral-small	mistral-small:22b	Q4_0	12569159552	3100000
library/mistral-small	mistral-small:22b-instruct-2409-q4_K_S	Q4_K_S	12660385664	3100000
library/mistral-small	mistral-small:22b-instruct-2409-q4_K_M	Q4_K_M	13341239168	3100000
library/mistral-small	mistral-small:22b-instruct-2409-q4_1	Q4_1	13946988416	3100000
library/mistral-small	mistral-small:24b	Q4_K_M	14333908384	3100000
library/mistral-small	mistral-small:22b-instruct-2409-q5_0	Q5_0	15324817280	3100000
library/mistral-small	mistral-small:22b-instruct-2409-q5_K_S	Q5_K_S	15324817280	3100000
library/mistral-small	mistral-small:22b-instruct-2409-q5_K_M	Q5_K_M	15722555264	3100000
library/mistral-small	mistral-small:22b-instruct-2409-q5_1	Q5_1	16702646144	3100000
library/mistral-small	mistral-small:22b-instruct-2409-q6_K	Q6_K	18252703616	3100000
library/mistral-small	mistral-small:22b-instruct-2409-q8_0	Q8_0	23640549248	3100000
library/mistral-small	mistral-small:24b-instruct-2501-q8_0	Q8_0	25054778784	3100000
library/mistral-small	mistral-small:22b-instruct-2409-fp16	F16	44496725888	3100000
library/mistral-small	mistral-small:24b-instruct-2501-fp16	F16	47153517984	3100000
library/mistral-small3.1	mistral-small3.1:24b	Q4_K_M	15486896384	784200
library/mistral-small3.1	mistral-small3.1:24b-instruct-2503-q8_0	Q8_0	26129942784	784200
library/mistral-small3.1	mistral-small3.1:24b-instruct-2503-fp16	F16	48032073984	784200
library/mistral-small3.2	mistral-small3.2:24b	Q4_K_M	15177369888	2400000
library/mistral-small3.2	mistral-small3.2:24b-instruct-2506-q8_0	Q8_0	25909741856	2400000
library/mistral-small3.2	mistral-small3.2:24b-instruct-2506-fp16	F16	48032073952	2400000
library/mixtral	mixtral:8x7b-text-v0.1-q2_K	Q2_K	17311229408	2800000
library/mixtral	mixtral:8x7b-instruct-v0.1-q2_K	Q2_K	17311230880	2800000
library/mixtral	mixtral:8x7b-text-v0.1-q3_K_S	Q3_K_S	20432520672	2800000
library/mixtral	mixtral:8x7b-instruct-v0.1-q3_K_S	Q3_K_S	20432522144	2800000
library/mixtral	mixtral:8x7b-text-v0.1-q3_K_M	Q3_K_M	22546449888	2800000
library/mixtral	mixtral:8x7b-instruct-v0.1-q3_K_M	Q3_K_M	22546451360	2800000
library/mixtral	mixtral:8x7b-text-v0.1-q3_K_L	Q3_K_L	24169645536	2800000
library/mixtral	mixtral:8x7b-instruct-v0.1-q3_K_L	Q3_K_L	24169647008	2800000
library/mixtral	mixtral:text	Q4_0	26443589088	2800000
library/mixtral	mixtral:8x7b	Q4_0	26443590560	2800000
library/mixtral	mixtral:8x7b-text-v0.1-q4_K_S	Q4_K_S	26745578976	2800000
library/mixtral	mixtral:8x7b-instruct-v0.1-q4_K_S	Q4_K_S	26745580448	2800000
library/mixtral	mixtral:8x7b-text-v0.1-q4_K_M	Q4_K_M	28448466400	2800000
library/mixtral	mixtral:8x7b-instruct-v0.1-q4_K_M	Q4_K_M	28448467872	2800000
library/mixtral	mixtral:8x7b-text-v0.1-q4_1	Q4_1	29337462240	2800000
library/mixtral	mixtral:8x7b-instruct-v0.1-q4_1	Q4_1	29337463712	2800000
library/mixtral	mixtral:8x7b-text-v0.1-q5_0	Q5_0	32231335392	2800000
library/mixtral	mixtral:8x7b-text-v0.1-q5_K_S	Q5_K_S	32231335392	2800000
library/mixtral	mixtral:8x7b-instruct-v0.1-q5_0	Q5_0	32231336864	2800000
library/mixtral	mixtral:8x7b-instruct-v0.1-q5_K_S	Q5_K_S	32231336864	2800000
library/mixtral	mixtral:8x7b-text-v0.1-q5_K_M	Q5_K_M	33229579744	2800000
library/mixtral	mixtral:8x7b-instruct-v0.1-q5_K_M	Q5_K_M	33229581216	2800000
library/mixtral	mixtral:8x7b-text-v0.1-q5_1	Q5_1	35125208544	2800000
library/mixtral	mixtral:8x7b-instruct-v0.1-q5_1	Q5_1	35125210016	2800000
library/mixtral	mixtral:8x7b-text-v0.1-q6_K	Q6_K	38380815840	2800000
library/mixtral	mixtral:8x7b-instruct-v0.1-q6_K	Q6_K	38380817312	2800000
library/mixtral	mixtral:8x7b-text-v0.1-q8_0	Q8_0	49626318304	2800000
library/mixtral	mixtral:8x7b-instruct-v0.1-q8_0	Q8_0	49626319776	2800000
library/mixtral	mixtral:8x22b-text-v0.1-q2_K	Q2_K	52103164576	2800000
library/mixtral	mixtral:8x22b-instruct-v0.1-q2_K	Q2_K	52114111488	2800000
library/mixtral	mixtral:8x22b-text-v0.1-q3_K_S	Q3_K_S	61498188448	2800000
library/mixtral	mixtral:8x22b-instruct-v0.1-q3_K_S	Q3_K_S	61509614592	2800000
library/mixtral	mixtral:8x22b-text-v0.1-q3_K_M	Q3_K_M	67789644448	2800000
library/mixtral	mixtral:8x22b-instruct-v0.1-q3_K_M	Q3_K_M	67801070592	2800000
library/mixtral	mixtral:8x22b-text-v0.1-q3_K_L	Q3_K_L	72579801760	2800000
library/mixtral	mixtral:8x22b-instruct-v0.1-q3_K_L	Q3_K_L	72591227904	2800000
library/mixtral	mixtral:8x22b-text	Q4_0	79509213856	2800000
library/mixtral	mixtral:v0.1	Q4_0	79521266688	2800000
library/mixtral	mixtral:8x22b-text-v0.1-q4_K_S	Q4_K_S	80478098080	2800000
library/mixtral	mixtral:8x22b-instruct-v0.1-q4_K_S	Q4_K_S	80490150912	2800000
library/mixtral	mixtral:8x22b-text-v0.1-q4_K_M	Q4_K_M	85586760352	2800000
library/mixtral	mixtral:8x22b-instruct-v0.1-q4_K_M	Q4_K_M	85598813184	2800000
library/mixtral	mixtral:8x22b-text-v0.1-q4_1	Q4_1	88241459872	2800000
library/mixtral	mixtral:8x22b-instruct-v0.1-q4_1	Q4_1	88253807616	2800000
library/mixtral	mixtral:8x7b-text-v0.1-fp16	F16	93408953824	2800000
library/mixtral	mixtral:8x7b-instruct-v0.1-fp16	F16	93408955296	2800000
library/mixtral	mixtral:8x22b-text-v0.1-q5_0	Q5_0	96973705888	2800000
library/mixtral	mixtral:8x22b-text-v0.1-q5_K_S	Q5_K_S	96973705888	2800000
library/mixtral	mixtral:8x22b-instruct-v0.1-q5_0	Q5_0	96986348544	2800000
library/mixtral	mixtral:8x22b-instruct-v0.1-q5_K_S	Q5_K_S	96986348544	2800000
library/mixtral	mixtral:8x22b-text-v0.1-q5_K_M	Q5_K_M	99968438944	2800000
library/mixtral	mixtral:8x22b-instruct-v0.1-q5_K_M	Q5_K_M	99981081600	2800000
library/mixtral	mixtral:8x22b-text-v0.1-q5_1	Q5_1	105705951904	2800000
library/mixtral	mixtral:8x22b-instruct-v0.1-q5_1	Q5_1	105718889472	2800000
library/mixtral	mixtral:8x22b-text-v0.1-q6_K	Q6_K	115529728672	2800000
library/mixtral	mixtral:8x22b-instruct-v0.1-q6_K	Q6_K	115542998016	2800000
library/mixtral	mixtral:8x22b-text-v0.1-q8_0	Q8_0	149414797984	2800000
library/mixtral	mixtral:8x22b-instruct-v0.1-q8_0	Q8_0	149430352896	2800000
library/mixtral	mixtral:8x22b-text-v0.1-fp16	F16	281243411072	2800000
library/mixtral	mixtral:8x22b-instruct-v0.1-fp16	F16	281267813376	2800000
library/moondream	moondream:1.8b-v2-q2_K	Q2_K	572087712	1700000
library/moondream	moondream:1.8b-v2-q3_K_S	Q3_K_S	654302624	1700000
library/moondream	moondream:1.8b-v2-q3_K_M	Q3_K_M	763354528	1700000
library/moondream	moondream:1.8b-v2-q3_K_L	Q3_K_L	824171936	1700000
library/moondream	moondream:v2	Q4_0	828661152	1700000
library/moondream	moondream:1.8b-v2-q4_K_S	Q4_K_S	834952608	1700000
library/moondream	moondream:1.8b-v2-q4_1	Q4_1	910712224	1700000
library/moondream	moondream:1.8b-v2-q4_K_M	Q4_K_M	918314400	1700000
library/moondream	moondream:1.8b-v2-q5_0	Q5_0	992763296	1700000
library/moondream	moondream:1.8b-v2-q5_K_S	Q5_K_S	992763296	1700000
library/moondream	moondream:1.8b-v2-q5_K_M	Q5_K_M	1059610016	1700000
library/moondream	moondream:1.8b-v2-q5_1	Q5_1	1074814368	1700000
library/moondream	moondream:1.8b-v2-q6_K	Q6_K	1167121824	1700000
library/moondream	moondream:1.8b-v2-q8_0	Q8_0	1510464928	1700000
library/moondream	moondream:1.8b-v2-fp16	F16	2839534976	1700000
library/mxbai-embed-large	mxbai-embed-large:v1	F16	669603712	14200000
library/nemotron	nemotron:70b-instruct-q2_K	Q2_K	26375113312	615400
library/nemotron	nemotron:70b-instruct-q3_K_S	Q3_K_S	30912055904	615400
library/nemotron	nemotron:70b-instruct-q3_K_M	Q3_K_M	34267499104	615400
library/nemotron	nemotron:70b-instruct-q3_K_L	Q3_K_L	37140597344	615400
library/nemotron	nemotron:70b-instruct-q4_0	Q4_0	39969737312	615400
library/nemotron	nemotron:70b-instruct-q4_K_S	Q4_K_S	40347224672	615400
library/nemotron	nemotron:70b	Q4_K_M	42520398432	615400
library/nemotron	nemotron:70b-instruct-q4_1	Q4_1	44313594464	615400
library/nemotron	nemotron:70b-instruct-q5_0	Q5_0	48657451616	615400
library/nemotron	nemotron:70b-instruct-q5_K_S	Q5_K_S	48657451616	615400
library/nemotron	nemotron:70b-instruct-q5_K_M	Q5_K_M	49949821536	615400
library/nemotron	nemotron:70b-instruct-q5_1	Q5_1	53001308768	615400
library/nemotron	nemotron:70b-instruct-q6_K	Q6_K	57888148064	615400
library/nemotron	nemotron:70b-instruct-q8_0	Q8_0	74975054432	615400
library/nemotron	nemotron:70b-instruct-fp16	F16	141117917792	615400
library/nemotron-3-nano	nemotron-3-nano:4b	Q4_K_M	2837586496	770900
library/nemotron-3-nano	nemotron-3-nano:4b-q8_0	Q8_0	4234191552	770900
library/nemotron-3-nano	nemotron-3-nano:4b-bf16	BF16	7958160160	770900
library/nemotron-3-nano	nemotron-3-nano:30b	Q4_K_M	24271924224	770900
library/nemotron-3-nano	nemotron-3-nano:30b-a3b-q8_0	Q8_0	33585500160	770900
library/nemotron-3-nano	nemotron-3-nano:30b-a3b-fp16	F16	63181509088	770900
library/nemotron-3-super	nemotron-3-super:120b	Q4_K_M	86827809984	2900000
library/nemotron-3-super	nemotron-3-super:120b-a12b-q8_0	Q8_0	131606035648	2900000
library/nemotron-3-super	nemotron-3-super:120b-a12b-bf16	BF16	247408147616	2900000
library/nemotron-mini	nemotron-mini:4b-instruct-q2_K	Q2_K	1902795552	707200
library/nemotron-mini	nemotron-mini:4b-instruct-q3_K_S	Q3_K_S	2115574560	707200
library/nemotron-mini	nemotron-mini:4b-instruct-q3_K_M	Q3_K_M	2297240352	707200
library/nemotron-mini	nemotron-mini:4b-instruct-q3_K_L	Q3_K_L	2452953888	707200
library/nemotron-mini	nemotron-mini:4b-instruct-q4_0	Q4_0	2567625504	707200
library/nemotron-mini	nemotron-mini:4b-instruct-q4_K_S	Q4_K_S	2583354144	707200
library/nemotron-mini	nemotron-mini:4b	Q4_K_M	2697386784	707200
library/nemotron-mini	nemotron-mini:4b-instruct-q4_1	Q4_1	2780355360	707200
library/nemotron-mini	nemotron-mini:4b-instruct-q5_0	Q5_0	2993085216	707200
library/nemotron-mini	nemotron-mini:4b-instruct-q5_K_S	Q5_K_S	2993085216	707200
library/nemotron-mini	nemotron-mini:4b-instruct-q5_K_M	Q5_K_M	3059931936	707200
library/nemotron-mini	nemotron-mini:4b-instruct-q5_1	Q5_1	3205815072	707200
library/nemotron-mini	nemotron-mini:4b-instruct-q6_K	Q6_K	3445136160	707200
library/nemotron-mini	nemotron-mini:4b-instruct-q8_0	Q8_0	4459928352	707200
library/nemotron-mini	nemotron-mini:4b-instruct-fp16	F16	8388156192	707200
library/nemotron3	nemotron3:33b	Q4_K_M	27638621088	653900
library/nemotron3	nemotron3:33b-q8	Q8	36468486048	653900
library/nemotron3	nemotron3:33b-bf16	BF16	66064494976	653900
library/neural-chat	neural-chat:7b-v3.1-q2_K	Q2_K	3083097728	1100000
library/neural-chat	neural-chat:7b-v3.2-q2_K	Q2_K	3084034048	1100000
library/neural-chat	neural-chat:7b-v3.3-q2_K	Q2_K	3084034048	1100000
library/neural-chat	neural-chat:7b-v3.1-q3_K_S	Q3_K_S	3164567168	1100000
library/neural-chat	neural-chat:7b-v3.2-q3_K_S	Q3_K_S	3165503488	1100000
library/neural-chat	neural-chat:7b-v3.3-q3_K_S	Q3_K_S	3165503488	1100000
library/neural-chat	neural-chat:7b-v3.1-q3_K_M	Q3_K_M	3518985856	1100000
library/neural-chat	neural-chat:7b-v3.2-q3_K_M	Q3_K_M	3519922176	1100000
library/neural-chat	neural-chat:7b-v3.3-q3_K_M	Q3_K_M	3519922176	1100000
library/neural-chat	neural-chat:7b-v3.1-q3_K_L	Q3_K_L	3822024320	1100000
library/neural-chat	neural-chat:7b-v3.2-q3_K_L	Q3_K_L	3822960640	1100000
library/neural-chat	neural-chat:7b-v3.3-q3_K_L	Q3_K_L	3822960640	1100000
library/neural-chat	neural-chat:7b-v3.1	Q4_0	4108916352	1100000
library/neural-chat	neural-chat:7b	Q4_0	4109852672	1100000
library/neural-chat	neural-chat:7b-v3.2	Q4_0	4109852672	1100000
library/neural-chat	neural-chat:7b-v3.1-q4_K_S	Q4_K_S	4140373632	1100000
library/neural-chat	neural-chat:7b-v3.2-q4_K_S	Q4_K_S	4141309952	1100000
library/neural-chat	neural-chat:7b-v3.3-q4_K_S	Q4_K_S	4141309952	1100000
library/neural-chat	neural-chat:7b-v3.1-q4_K_M	Q4_K_M	4368438912	1100000
library/neural-chat	neural-chat:7b-v3.2-q4_K_M	Q4_K_M	4369375232	1100000
library/neural-chat	neural-chat:7b-v3.3-q4_K_M	Q4_K_M	4369375232	1100000
library/neural-chat	neural-chat:7b-v3.1-q4_1	Q4_1	4553315968	1100000
library/neural-chat	neural-chat:7b-v3.2-q4_1	Q4_1	4554252288	1100000
library/neural-chat	neural-chat:7b-v3.3-q4_1	Q4_1	4554252288	1100000
library/neural-chat	neural-chat:7b-v3.1-q5_0	Q5_0	4997715584	1100000
library/neural-chat	neural-chat:7b-v3.1-q5_K_S	Q5_K_S	4997715584	1100000
library/neural-chat	neural-chat:7b-v3.2-q5_0	Q5_0	4998651904	1100000
library/neural-chat	neural-chat:7b-v3.2-q5_K_S	Q5_K_S	4998651904	1100000
library/neural-chat	neural-chat:7b-v3.3-q5_0	Q5_0	4998651904	1100000
library/neural-chat	neural-chat:7b-v3.3-q5_K_S	Q5_K_S	4998651904	1100000
library/neural-chat	neural-chat:7b-v3.1-q5_K_M	Q5_K_M	5131409024	1100000
library/neural-chat	neural-chat:7b-v3.2-q5_K_M	Q5_K_M	5132345344	1100000
library/neural-chat	neural-chat:7b-v3.3-q5_K_M	Q5_K_M	5132345344	1100000
library/neural-chat	neural-chat:7b-v3.1-q5_1	Q5_1	5442115200	1100000
library/neural-chat	neural-chat:7b-v3.2-q5_1	Q5_1	5443051520	1100000
library/neural-chat	neural-chat:7b-v3.3-q5_1	Q5_1	5443051520	1100000
library/neural-chat	neural-chat:7b-v3.1-q6_K	Q6_K	5942064768	1100000
library/neural-chat	neural-chat:7b-v3.2-q6_K	Q6_K	5943001088	1100000
library/neural-chat	neural-chat:7b-v3.3-q6_K	Q6_K	5943001088	1100000
library/neural-chat	neural-chat:7b-v3.1-q8_0	Q8_0	7695857280	1100000
library/neural-chat	neural-chat:7b-v3.2-q8_0	Q8_0	7696793600	1100000
library/neural-chat	neural-chat:7b-v3.3-q8_0	Q8_0	7696793600	1100000
library/neural-chat	neural-chat:7b-v3.1-fp16	F16	14484731456	1100000
library/neural-chat	neural-chat:7b-v3.2-fp16	F16	14485667776	1100000
library/neural-chat	neural-chat:7b-v3.3-fp16	F16	14485667776	1100000
library/nexusraven	nexusraven:13b-q2_K	Q2_K	5429490048	893400
library/nexusraven	nexusraven:13b-v2-q2_K	Q2_K	5430463456	893400
library/nexusraven	nexusraven:13b-q3_K_S	Q3_K_S	5659134528	893400
library/nexusraven	nexusraven:13b-v2-q3_K_S	Q3_K_S	5660107936	893400
library/nexusraven	nexusraven:13b-q3_K_M	Q3_K_M	6337923648	893400
library/nexusraven	nexusraven:13b-v2-q3_K_M	Q3_K_M	6338897056	893400
library/nexusraven	nexusraven:13b-q3_K_L	Q3_K_L	6929713728	893400
library/nexusraven	nexusraven:13b-v2-q3_K_L	Q3_K_L	6930687136	893400
library/nexusraven	nexusraven:13b-q4_0	Q4_0	7366005248	893400
library/nexusraven	nexusraven:13b	Q4_0	7366978656	893400
library/nexusraven	nexusraven:13b-q4_K_S	Q4_K_S	7414501888	893400
library/nexusraven	nexusraven:13b-v2-q4_K_S	Q4_K_S	7415475296	893400
library/nexusraven	nexusraven:13b-q4_K_M	Q4_K_M	7866126848	893400
library/nexusraven	nexusraven:13b-v2-q4_K_M	Q4_K_M	7867100256	893400
library/nexusraven	nexusraven:13b-q4_1	Q4_1	8169238528	893400
library/nexusraven	nexusraven:13b-v2-q4_1	Q4_1	8170211936	893400
library/nexusraven	nexusraven:13b-q5_0	Q5_0	8972471808	893400
library/nexusraven	nexusraven:13b-q5_K_S	Q5_K_S	8972471808	893400
library/nexusraven	nexusraven:13b-v2-q5_0	Q5_0	8973445216	893400
library/nexusraven	nexusraven:13b-v2-q5_K_S	Q5_K_S	8973445216	893400
library/nexusraven	nexusraven:13b-q5_K_M	Q5_K_M	9230110208	893400
library/nexusraven	nexusraven:13b-v2-q5_K_M	Q5_K_M	9231083616	893400
library/nexusraven	nexusraven:13b-q5_1	Q5_1	9775705088	893400
library/nexusraven	nexusraven:13b-v2-q5_1	Q5_1	9776678496	893400
library/nexusraven	nexusraven:13b-q6_K	Q6_K	10679342528	893400
library/nexusraven	nexusraven:13b-v2-q6_K	Q6_K	10680315936	893400
library/nexusraven	nexusraven:13b-q8_0	Q8_0	13831581248	893400
library/nexusraven	nexusraven:13b-v2-q8_0	Q8_0	13832554656	893400
library/nexusraven	nexusraven:13b-fp16	F16	26033795616	893400
library/nexusraven	nexusraven:13b-v2-fp16	F16	26034768992	893400
library/nomic-embed-text	nomic-embed-text:v1.5	F16	274290656	84300000
library/nous-hermes	nous-hermes:7b-llama2-q2_K	Q2_K	2825940672	1200000
library/nous-hermes	nous-hermes:7b-llama2-q3_K_S	Q3_K_S	2948304576	1200000
library/nous-hermes	nous-hermes:7b-llama2-q3_K_M	Q3_K_M	3298004672	1200000
library/nous-hermes	nous-hermes:7b-llama2-q3_K_L	Q3_K_L	3597110976	1200000
library/nous-hermes	nous-hermes:7b	Q4_0	3825807040	1200000
library/nous-hermes	nous-hermes:7b-llama2-q4_K_S	Q4_K_S	3856740032	1200000
library/nous-hermes	nous-hermes:7b-llama2-q4_K_M	Q4_K_M	4081004224	1200000
library/nous-hermes	nous-hermes:7b-llama2-q4_1	Q4_1	4238749376	1200000
library/nous-hermes	nous-hermes:7b-llama2-q5_0	Q5_0	4651691712	1200000
library/nous-hermes	nous-hermes:7b-llama2-q5_K_S	Q5_K_S	4651691712	1200000
library/nous-hermes	nous-hermes:7b-llama2-q5_K_M	Q5_K_M	4783156928	1200000
library/nous-hermes	nous-hermes:7b-llama2-q5_1	Q5_1	5064634048	1200000
library/nous-hermes	nous-hermes:13b-q2_K	Q2_K	5429354176	1200000
library/nous-hermes	nous-hermes:13b-llama2-q2_K	Q2_K	5429537120	1200000
library/nous-hermes	nous-hermes:7b-llama2-q6_K	Q6_K	5529194176	1200000
library/nous-hermes	nous-hermes:13b-q3_K_S	Q3_K_S	5658986688	1200000
library/nous-hermes	nous-hermes:13b-llama2-q3_K_S	Q3_K_S	5659185760	1200000
library/nous-hermes	nous-hermes:13b-q3_K_M	Q3_K_M	6337775808	1200000
library/nous-hermes	nous-hermes:13b-llama2-q3_K_M	Q3_K_M	6337974880	1200000
library/nous-hermes	nous-hermes:13b-q3_K_L	Q3_K_L	6929565888	1200000
library/nous-hermes	nous-hermes:13b-llama2-q3_K_L	Q3_K_L	6929764960	1200000
library/nous-hermes	nous-hermes:7b-llama2-q8_0	Q8_0	7161089728	1200000
library/nous-hermes	nous-hermes:13b-q4_0	Q4_0	7365841760	1200000
library/nous-hermes	nous-hermes:13b	Q4_0	7366061920	1200000
library/nous-hermes	nous-hermes:13b-q4_K_S	Q4_K_S	7414338400	1200000
library/nous-hermes	nous-hermes:13b-llama2-q4_K_S	Q4_K_S	7414558560	1200000
library/nous-hermes	nous-hermes:13b-q4_K_M	Q4_K_M	7865963360	1200000
library/nous-hermes	nous-hermes:13b-llama2-q4_K_M	Q4_K_M	7866183520	1200000
library/nous-hermes	nous-hermes:13b-q4_1	Q4_1	8169067680	1200000
library/nous-hermes	nous-hermes:13b-llama2-q4_1	Q4_1	8169297760	1200000
library/nous-hermes	nous-hermes:13b-q5_0	Q5_0	8972293600	1200000
library/nous-hermes	nous-hermes:13b-q5_K_S	Q5_K_S	8972293600	1200000
library/nous-hermes	nous-hermes:13b-llama2-q5_0	Q5_0	8972533600	1200000
library/nous-hermes	nous-hermes:13b-llama2-q5_K_S	Q5_K_S	8972533600	1200000
library/nous-hermes	nous-hermes:13b-q5_K_M	Q5_K_M	9229932000	1200000
library/nous-hermes	nous-hermes:13b-llama2-q5_K_M	Q5_K_M	9230172000	1200000
library/nous-hermes	nous-hermes:13b-q5_1	Q5_1	9775519520	1200000
library/nous-hermes	nous-hermes:13b-llama2-q5_1	Q5_1	9775769440	1200000
library/nous-hermes	nous-hermes:13b-q6_K	Q6_K	10679148704	1200000
library/nous-hermes	nous-hermes:13b-llama2-q6_K	Q6_K	10679409760	1200000
library/nous-hermes	nous-hermes:7b-llama2-fp16	F16	13478104736	1200000
library/nous-hermes	nous-hermes:13b-q8_0	Q8_0	13831330336	1200000
library/nous-hermes	nous-hermes:13b-llama2-q8_0	Q8_0	13831668320	1200000
library/nous-hermes	nous-hermes:13b-fp16	F16	26033323904	1200000
library/nous-hermes	nous-hermes:13b-llama2-fp16	F16	26033959488	1200000
library/nous-hermes	nous-hermes:70b-llama2-q2_K	Q2_K	29279262848	1200000
library/nous-hermes	nous-hermes:70b-llama2-q3_K_S	Q3_K_S	29919304640	1200000
library/nous-hermes	nous-hermes:70b-llama2-q3_K_M	Q3_K_M	33186667456	1200000
library/nous-hermes	nous-hermes:70b-llama2-q3_K_L	Q3_K_L	36147846080	1200000
library/nous-hermes	nous-hermes:70b-llama2-q4_0	Q4_0	38872260608	1200000
library/nous-hermes	nous-hermes:70b-llama2-q4_K_S	Q4_K_S	39073587200	1200000
library/nous-hermes	nous-hermes:70b-llama2-q4_K_M	Q4_K_M	41422921728	1200000
library/nous-hermes	nous-hermes:70b-llama2-q4_1	Q4_1	43166835200	1200000
library/nous-hermes	nous-hermes:70b-llama2-q5_0	Q5_0	47461409792	1200000
library/nous-hermes	nous-hermes:70b-llama2-q5_K_M	Q5_K_M	48753779712	1200000
library/nous-hermes	nous-hermes:70b-llama2-q5_1	Q5_1	51755984384	1200000
library/nous-hermes	nous-hermes:70b-llama2-q6_K	Q6_K	56587380800	1200000
library/nous-hermes	nous-hermes:70b-llama2-fp16	F16	137956733824	1200000
library/nous-hermes2	nous-hermes2:10.7b-solar-q2_K	Q2_K	4549025088	1100000
library/nous-hermes2	nous-hermes2:10.7b-solar-q3_K_S	Q3_K_S	4664574080	1100000
library/nous-hermes2	nous-hermes2:10.7b-solar-q3_K_M	Q3_K_M	5188337792	1100000
library/nous-hermes2	nous-hermes2:10.7b-solar-q3_K_L	Q3_K_L	5650759808	1100000
library/nous-hermes2	nous-hermes2:10.7b	Q4_0	6072394944	1100000
library/nous-hermes2	nous-hermes2:10.7b-solar-q4_K_S	Q4_K_S	6103852224	1100000
library/nous-hermes2	nous-hermes2:10.7b-solar-q4_K_M	Q4_K_M	6461678784	1100000
library/nous-hermes2	nous-hermes2:10.7b-solar-q4_1	Q4_1	6734898880	1100000
library/nous-hermes2	nous-hermes2:10.7b-solar-q5_0	Q5_0	7397402816	1100000
library/nous-hermes2	nous-hermes2:10.7b-solar-q5_K_S	Q5_K_S	7397402816	1100000
library/nous-hermes2	nous-hermes2:10.7b-solar-q5_K_M	Q5_K_M	7597942976	1100000
library/nous-hermes2	nous-hermes2:10.7b-solar-q5_1	Q5_1	8059906752	1100000
library/nous-hermes2	nous-hermes2:10.7b-solar-q6_K	Q6_K	8805223680	1100000
library/nous-hermes2	nous-hermes2:10.7b-solar-q8_0	Q8_0	11404172416	1100000
library/nous-hermes2	nous-hermes2:34b-yi-q2_K	Q2_K	14555875552	1100000
library/nous-hermes2	nous-hermes2:34b-yi-q3_K_S	Q3_K_S	14960294112	1100000
library/nous-hermes2	nous-hermes2:34b-yi-q3_K_M	Q3_K_M	16636573920	1100000
library/nous-hermes2	nous-hermes2:34b-yi-q3_K_L	Q3_K_L	18139445472	1100000
library/nous-hermes2	nous-hermes2:34b	Q4_0	19466528992	1100000
library/nous-hermes2	nous-hermes2:34b-yi-q4_K_S	Q4_K_S	19543599328	1100000
library/nous-hermes2	nous-hermes2:34b-yi-q4_K_M	Q4_K_M	20658710752	1100000
library/nous-hermes2	nous-hermes2:10.7b-solar-fp16	F16	21464619072	1100000
library/nous-hermes2	nous-hermes2:34b-yi-q4_1	Q4_1	21587110112	1100000
library/nous-hermes2	nous-hermes2:34b-yi-q5_0	Q5_0	23707691232	1100000
library/nous-hermes2	nous-hermes2:34b-yi-q5_K_S	Q5_K_S	23707691232	1100000
library/nous-hermes2	nous-hermes2:34b-yi-q5_K_M	Q5_K_M	24321845472	1100000
library/nous-hermes2	nous-hermes2:34b-yi-q5_1	Q5_1	25828272352	1100000
library/nous-hermes2	nous-hermes2:34b-yi-q6_K	Q6_K	28213926112	1100000
library/nous-hermes2	nous-hermes2:34b-yi-q8_0	Q8_0	36542281952	1100000
library/nous-hermes2	nous-hermes2:34b-yi-fp16	F16	68781078720	1100000
library/olmo2	olmo2:7b	Q4_K_M	4472020256	3800000
library/olmo2	olmo2:7b-1124-instruct-q8_0	Q8_0	7759895840	3800000
library/olmo2	olmo2:13b	Q4_K_M	8354349536	3800000
library/olmo2	olmo2:13b-1124-instruct-q8_0	Q8_0	14579450336	3800000
library/olmo2	olmo2:7b-1124-instruct-fp16	F16	14601854240	3800000
library/olmo2	olmo2:13b-1124-instruct-fp16	F16	27437613536	3800000
library/openchat	openchat:7b-v3.5-0106-q2_K	Q2_K	3084043840	1300000
library/openchat	openchat:7b-v3.5-1210-q2_K	Q2_K	3084043840	1300000
library/openchat	openchat:7b-v3.5-q2_K	Q2_K	3084043840	1300000
library/openchat	openchat:7b-v3.5-0106-q3_K_S	Q3_K_S	3165514112	1300000
library/openchat	openchat:7b-v3.5-1210-q3_K_S	Q3_K_S	3165514112	1300000
library/openchat	openchat:7b-v3.5-q3_K_S	Q3_K_S	3165514112	1300000
library/openchat	openchat:7b-v3.5-0106-q3_K_M	Q3_K_M	3519932800	1300000
library/openchat	openchat:7b-v3.5-1210-q3_K_M	Q3_K_M	3519932800	1300000
library/openchat	openchat:7b-v3.5-q3_K_M	Q3_K_M	3519932800	1300000
library/openchat	openchat:7b-v3.5-0106-q3_K_L	Q3_K_L	3822971264	1300000
library/openchat	openchat:7b-v3.5-1210-q3_K_L	Q3_K_L	3822971264	1300000
library/openchat	openchat:7b-v3.5-q3_K_L	Q3_K_L	3822971264	1300000
library/openchat	openchat:7b	Q4_0	4109864384	1300000
library/openchat	openchat:7b-v3.5	Q4_0	4109864384	1300000
library/openchat	openchat:7b-v3.5-1210	Q4_0	4109864384	1300000
library/openchat	openchat:7b-v3.5-0106-q4_K_S	Q4_K_S	4141321664	1300000
library/openchat	openchat:7b-v3.5-1210-q4_K_S	Q4_K_S	4141321664	1300000
library/openchat	openchat:7b-v3.5-q4_K_S	Q4_K_S	4141321664	1300000
library/openchat	openchat:7b-v3.5-0106-q4_K_M	Q4_K_M	4369386944	1300000
library/openchat	openchat:7b-v3.5-1210-q4_K_M	Q4_K_M	4369386944	1300000
library/openchat	openchat:7b-v3.5-q4_K_M	Q4_K_M	4369386944	1300000
library/openchat	openchat:7b-v3.5-0106-q4_1	Q4_1	4554264512	1300000
library/openchat	openchat:7b-v3.5-1210-q4_1	Q4_1	4554264512	1300000
library/openchat	openchat:7b-v3.5-q4_1	Q4_1	4554264512	1300000
library/openchat	openchat:7b-v3.5-0106-q5_0	Q5_0	4998664640	1300000
library/openchat	openchat:7b-v3.5-0106-q5_K_S	Q5_K_S	4998664640	1300000
library/openchat	openchat:7b-v3.5-1210-q5_0	Q5_0	4998664640	1300000
library/openchat	openchat:7b-v3.5-1210-q5_K_S	Q5_K_S	4998664640	1300000
library/openchat	openchat:7b-v3.5-q5_0	Q5_0	4998664640	1300000
library/openchat	openchat:7b-v3.5-q5_K_S	Q5_K_S	4998664640	1300000
library/openchat	openchat:7b-v3.5-0106-q5_K_M	Q5_K_M	5132358080	1300000
library/openchat	openchat:7b-v3.5-1210-q5_K_M	Q5_K_M	5132358080	1300000
library/openchat	openchat:7b-v3.5-q5_K_M	Q5_K_M	5132358080	1300000
library/openchat	openchat:7b-v3.5-0106-q5_1	Q5_1	5443064768	1300000
library/openchat	openchat:7b-v3.5-1210-q5_1	Q5_1	5443064768	1300000
library/openchat	openchat:7b-v3.5-q5_1	Q5_1	5443064768	1300000
library/openchat	openchat:7b-v3.5-0106-q6_K	Q6_K	5943014912	1300000
library/openchat	openchat:7b-v3.5-1210-q6_K	Q6_K	5943014912	1300000
library/openchat	openchat:7b-v3.5-q6_K	Q6_K	5943014912	1300000
library/openchat	openchat:7b-v3.5-0106-q8_0	Q8_0	7696811392	1300000
library/openchat	openchat:7b-v3.5-1210-q8_0	Q8_0	7696811392	1300000
library/openchat	openchat:7b-v3.5-q8_0	Q8_0	7696811392	1300000
library/openchat	openchat:7b-v3.5-0106-fp16	F16	14485700960	1300000
library/openchat	openchat:7b-v3.5-1210-fp16	F16	14485700960	1300000
library/openchat	openchat:7b-v3.5-fp16	F16	14485700960	1300000
library/opencoder	opencoder:1.5b	Q4_K_M	1417775264	637800
library/opencoder	opencoder:1.5b-instruct-q8_0	Q8_0	2027306144	637800
library/opencoder	opencoder:1.5b-instruct-fp16	F16	3813750944	637800
library/opencoder	opencoder:8b	Q4_K_M	4736058976	637800
library/opencoder	opencoder:8b-instruct-q8_0	Q8_0	8259982944	637800
library/opencoder	opencoder:8b-instruct-fp16	F16	15545292384	637800
library/openhermes	openhermes:7b-mistral-v2-q2_K	Q2_K	3083107456	1100000
library/openhermes	openhermes:7b-mistral-v2.5-q2_K	Q2_K	3083107456	1100000
library/openhermes	openhermes:7b-mistral-v2-q3_K_S	Q3_K_S	3164577728	1100000
library/openhermes	openhermes:7b-mistral-v2.5-q3_K_S	Q3_K_S	3164577728	1100000
library/openhermes	openhermes:7b-mistral-v2-q3_K_M	Q3_K_M	3518996416	1100000
library/openhermes	openhermes:7b-mistral-v2.5-q3_K_M	Q3_K_M	3518996416	1100000
library/openhermes	openhermes:7b-mistral-v2-q3_K_L	Q3_K_L	3822034880	1100000
library/openhermes	openhermes:7b-mistral-v2.5-q3_K_L	Q3_K_L	3822034880	1100000
library/openhermes	openhermes:v2	Q4_0	4108928000	1100000
library/openhermes	openhermes:v2.5	Q4_0	4108928000	1100000
library/openhermes	openhermes:7b-mistral-v2-q4_K_S	Q4_K_S	4140385280	1100000
library/openhermes	openhermes:7b-mistral-v2.5-q4_K_S	Q4_K_S	4140385280	1100000
library/openhermes	openhermes:7b-mistral-v2-q4_K_M	Q4_K_M	4368450560	1100000
library/openhermes	openhermes:7b-mistral-v2.5-q4_K_M	Q4_K_M	4368450560	1100000
library/openhermes	openhermes:7b-mistral-v2-q4_1	Q4_1	4553328128	1100000
library/openhermes	openhermes:7b-mistral-v2.5-q4_1	Q4_1	4553328128	1100000
library/openhermes	openhermes:7b-mistral-v2-q5_0	Q5_0	4997728256	1100000
library/openhermes	openhermes:7b-mistral-v2-q5_K_S	Q5_K_S	4997728256	1100000
library/openhermes	openhermes:7b-mistral-v2.5-q5_0	Q5_0	4997728256	1100000
library/openhermes	openhermes:7b-mistral-v2.5-q5_K_S	Q5_K_S	4997728256	1100000
library/openhermes	openhermes:7b-mistral-v2-q5_K_M	Q5_K_M	5131421696	1100000
library/openhermes	openhermes:7b-mistral-v2.5-q5_K_M	Q5_K_M	5131421696	1100000
library/openhermes	openhermes:7b-mistral-v2-q5_1	Q5_1	5442128384	1100000
library/openhermes	openhermes:7b-mistral-v2.5-q5_1	Q5_1	5442128384	1100000
library/openhermes	openhermes:7b-mistral-v2-q6_K	Q6_K	5942078528	1100000
library/openhermes	openhermes:7b-mistral-v2.5-q6_K	Q6_K	5942078528	1100000
library/openhermes	openhermes:7b-mistral-v2-q8_0	Q8_0	7695875008	1100000
library/openhermes	openhermes:7b-mistral-v2.5-q8_0	Q8_0	7695875008	1100000
library/openhermes	openhermes:7b-mistral-v2-fp16	F16	14484764576	1100000
library/openhermes	openhermes:7b-mistral-v2.5-fp16	F16	14484764576	1100000
library/openthinker	openthinker:7b	Q4_K_M	4683074144	1200000
library/openthinker	openthinker:7b-q4_K_M	Q4_K_M	4683074144	1200000
library/openthinker	openthinker:7b-q8_0	Q8_0	8098525792	1200000
library/openthinker	openthinker:7b-v2-q8_0	Q8_0	8098525792	1200000
library/openthinker	openthinker:7b-fp16	F16	15237853792	1200000
library/openthinker	openthinker:7b-v2-fp16	F16	15237853792	1200000
library/openthinker	openthinker:32b	Q4_K_M	19851336384	1200000
library/openthinker	openthinker:32b-q4_K_M	Q4_K_M	19851336480	1200000
library/openthinker	openthinker:32b-v2-q8_0	Q8_0	34820885184	1200000
library/openthinker	openthinker:32b-q8_0	Q8_0	34820885280	1200000
library/openthinker	openthinker:32b-v2-fp16	F16	65535969984	1200000
library/openthinker	openthinker:32b-fp16	F16	65535970080	1200000
library/orca-mini	orca-mini:3b	Q4_0	1979946752	3000000
library/orca-mini	orca-mini:3b-q4_1	Q4_1	2187690752	3000000
library/orca-mini	orca-mini:3b-q5_0	Q5_0	2395434752	3000000
library/orca-mini	orca-mini:3b-q5_1	Q5_1	2603178752	3000000
library/orca-mini	orca-mini:7b-v2-q2_K	Q2_K	2825940672	3000000
library/orca-mini	orca-mini:7b-v3-q2_K	Q2_K	2825940672	3000000
library/orca-mini	orca-mini:7b-q2_K	Q2_K	2825975200	3000000
library/orca-mini	orca-mini:7b-v2-q3_K_S	Q3_K_S	2948304576	3000000
library/orca-mini	orca-mini:7b-v3-q3_K_S	Q3_K_S	2948304576	3000000
library/orca-mini	orca-mini:7b-q3_K_S	Q3_K_S	2948339104	3000000
library/orca-mini	orca-mini:7b-v2-q3_K_M	Q3_K_M	3298004672	3000000
library/orca-mini	orca-mini:7b-v3-q3_K_M	Q3_K_M	3298004672	3000000
library/orca-mini	orca-mini:7b-q3_K_M	Q3_K_M	3298039200	3000000
library/orca-mini	orca-mini:7b-v2-q3_K_L	Q3_K_L	3597110976	3000000
library/orca-mini	orca-mini:7b-v3-q3_K_L	Q3_K_L	3597110976	3000000
library/orca-mini	orca-mini:7b-q3_K_L	Q3_K_L	3597145504	3000000
library/orca-mini	orca-mini:3b-q8_0	Q8_0	3641898752	3000000
library/orca-mini	orca-mini:7b	Q4_0	3825807040	3000000
library/orca-mini	orca-mini:7b-v2-q4_0	Q4_0	3825807040	3000000
library/orca-mini	orca-mini:7b-q4_0	Q4_0	3825841568	3000000
library/orca-mini	orca-mini:7b-v2-q4_K_S	Q4_K_S	3856740032	3000000
library/orca-mini	orca-mini:7b-v3-q4_K_S	Q4_K_S	3856740032	3000000
library/orca-mini	orca-mini:7b-q4_K_S	Q4_K_S	3856774560	3000000
library/orca-mini	orca-mini:7b-v2-q4_K_M	Q4_K_M	4081004224	3000000
library/orca-mini	orca-mini:7b-v3-q4_K_M	Q4_K_M	4081004224	3000000
library/orca-mini	orca-mini:7b-q4_K_M	Q4_K_M	4081038752	3000000
library/orca-mini	orca-mini:7b-v2-q4_1	Q4_1	4238749376	3000000
library/orca-mini	orca-mini:7b-v3-q4_1	Q4_1	4238749376	3000000
library/orca-mini	orca-mini:7b-q4_1	Q4_1	4238783904	3000000
library/orca-mini	orca-mini:7b-v2-q5_0	Q5_0	4651691712	3000000
library/orca-mini	orca-mini:7b-v2-q5_K_S	Q5_K_S	4651691712	3000000
library/orca-mini	orca-mini:7b-v3-q5_0	Q5_0	4651691712	3000000
library/orca-mini	orca-mini:7b-v3-q5_K_S	Q5_K_S	4651691712	3000000
library/orca-mini	orca-mini:7b-q5_0	Q5_0	4651726240	3000000
library/orca-mini	orca-mini:7b-q5_K_S	Q5_K_S	4651726240	3000000
library/orca-mini	orca-mini:7b-v2-q5_K_M	Q5_K_M	4783156928	3000000
library/orca-mini	orca-mini:7b-v3-q5_K_M	Q5_K_M	4783156928	3000000
library/orca-mini	orca-mini:7b-q5_K_M	Q5_K_M	4783191456	3000000
library/orca-mini	orca-mini:7b-v2-q5_1	Q5_1	5064634048	3000000
library/orca-mini	orca-mini:7b-v3-q5_1	Q5_1	5064634048	3000000
library/orca-mini	orca-mini:7b-q5_1	Q5_1	5064668576	3000000
library/orca-mini	orca-mini:13b-v3-q2_K	Q2_K	5429348224	3000000
library/orca-mini	orca-mini:13b-v2-q2_K	Q2_K	5429348256	3000000
library/orca-mini	orca-mini:13b-q2_K	Q2_K	5429382752	3000000
library/orca-mini	orca-mini:7b-v2-q6_K	Q6_K	5529194176	3000000
library/orca-mini	orca-mini:7b-v3-q6_K	Q6_K	5529194176	3000000
library/orca-mini	orca-mini:7b-q6_K	Q6_K	5529228704	3000000
library/orca-mini	orca-mini:13b-v3-q3_K_S	Q3_K_S	5658980224	3000000
library/orca-mini	orca-mini:13b-v2-q3_K_S	Q3_K_S	5658980256	3000000
library/orca-mini	orca-mini:13b-q3_K_S	Q3_K_S	5659014752	3000000
library/orca-mini	orca-mini:13b-v3-q3_K_M	Q3_K_M	6337769344	3000000
library/orca-mini	orca-mini:13b-v2-q3_K_M	Q3_K_M	6337769376	3000000
library/orca-mini	orca-mini:13b-q3_K_M	Q3_K_M	6337803872	3000000
library/orca-mini	orca-mini:3b-fp16	F16	6854058688	3000000
library/orca-mini	orca-mini:13b-v3-q3_K_L	Q3_K_L	6929559424	3000000
library/orca-mini	orca-mini:13b-v2-q3_K_L	Q3_K_L	6929559456	3000000
library/orca-mini	orca-mini:13b-q3_K_L	Q3_K_L	6929593952	3000000
library/orca-mini	orca-mini:7b-v2-q8_0	Q8_0	7161089728	3000000
library/orca-mini	orca-mini:7b-v3-q8_0	Q8_0	7161089728	3000000
library/orca-mini	orca-mini:7b-q8_0	Q8_0	7161124256	3000000
library/orca-mini	orca-mini:13b	Q4_0	7365834624	3000000
library/orca-mini	orca-mini:13b-v2-q4_0	Q4_0	7365834656	3000000
library/orca-mini	orca-mini:13b-q4_0	Q4_0	7365869152	3000000
library/orca-mini	orca-mini:13b-v3-q4_K_S	Q4_K_S	7414331264	3000000
library/orca-mini	orca-mini:13b-v2-q4_K_S	Q4_K_S	7414331296	3000000
library/orca-mini	orca-mini:13b-q4_K_S	Q4_K_S	7414365792	3000000
library/orca-mini	orca-mini:13b-v3-q4_K_M	Q4_K_M	7865956224	3000000
library/orca-mini	orca-mini:13b-v2-q4_K_M	Q4_K_M	7865956256	3000000
library/orca-mini	orca-mini:13b-q4_K_M	Q4_K_M	7865990752	3000000
library/orca-mini	orca-mini:13b-v3-q4_1	Q4_1	8169060224	3000000
library/orca-mini	orca-mini:13b-v2-q4_1	Q4_1	8169060256	3000000
library/orca-mini	orca-mini:13b-q4_1	Q4_1	8169094752	3000000
library/orca-mini	orca-mini:13b-v3-q5_0	Q5_0	8972285824	3000000
library/orca-mini	orca-mini:13b-v3-q5_K_S	Q5_K_S	8972285824	3000000
library/orca-mini	orca-mini:13b-v2-q5_0	Q5_0	8972285856	3000000
library/orca-mini	orca-mini:13b-v2-q5_K_S	Q5_K_S	8972285856	3000000
library/orca-mini	orca-mini:13b-q5_0	Q5_0	8972320352	3000000
library/orca-mini	orca-mini:13b-q5_K_S	Q5_K_S	8972320352	3000000
library/orca-mini	orca-mini:13b-v3-q5_K_M	Q5_K_M	9229924224	3000000
library/orca-mini	orca-mini:13b-v2-q5_K_M	Q5_K_M	9229924256	3000000
library/orca-mini	orca-mini:13b-q5_K_M	Q5_K_M	9229958752	3000000
library/orca-mini	orca-mini:13b-v3-q5_1	Q5_1	9775511424	3000000
library/orca-mini	orca-mini:13b-v2-q5_1	Q5_1	9775511456	3000000
library/orca-mini	orca-mini:13b-q5_1	Q5_1	9775545952	3000000
library/orca-mini	orca-mini:13b-v3-q6_K	Q6_K	10679140224	3000000
library/orca-mini	orca-mini:13b-v2-q6_K	Q6_K	10679140256	3000000
library/orca-mini	orca-mini:13b-q6_K	Q6_K	10679174752	3000000
library/orca-mini	orca-mini:7b-v2-fp16	F16	13478104736	3000000
library/orca-mini	orca-mini:7b-v3-fp16	F16	13478104736	3000000
library/orca-mini	orca-mini:7b-fp16	F16	13478139232	3000000
library/orca-mini	orca-mini:13b-v3-q8_0	Q8_0	13831319424	3000000
library/orca-mini	orca-mini:13b-v2-q8_0	Q8_0	13831319456	3000000
library/orca-mini	orca-mini:13b-q8_0	Q8_0	13831353952	3000000
library/orca-mini	orca-mini:13b-v2-fp16	F16	26033303392	3000000
library/orca-mini	orca-mini:13b-v3-fp16	F16	26033303392	3000000
library/orca-mini	orca-mini:13b-fp16	F16	26033337920	3000000
library/orca-mini	orca-mini:70b-v3-q2_K	Q2_K	29279253408	3000000
library/orca-mini	orca-mini:70b-v3-q3_K_S	Q3_K_S	29919294368	3000000
library/orca-mini	orca-mini:70b-v3-q3_K_M	Q3_K_M	33186657184	3000000
library/orca-mini	orca-mini:70b-v3-q3_K_L	Q3_K_L	36147835808	3000000
library/orca-mini	orca-mini:70b	Q4_0	38872249248	3000000
library/orca-mini	orca-mini:70b-v3-q4_K_S	Q4_K_S	39073575840	3000000
library/orca-mini	orca-mini:70b-v3-q4_K_M	Q4_K_M	41422910368	3000000
library/orca-mini	orca-mini:70b-v3-q4_1	Q4_1	43166823328	3000000
library/orca-mini	orca-mini:70b-v3-q5_0	Q5_0	47461397408	3000000
library/orca-mini	orca-mini:70b-v3-q5_K_S	Q5_K_S	47461397408	3000000
library/orca-mini	orca-mini:70b-v3-q5_K_M	Q5_K_M	48753767328	3000000
library/orca-mini	orca-mini:70b-v3-q5_1	Q5_1	51755971488	3000000
library/orca-mini	orca-mini:70b-v3-q6_K	Q6_K	56587367328	3000000
library/orca-mini	orca-mini:70b-v3-q8_0	Q8_0	73292329888	3000000
library/orca-mini	orca-mini:70b-v3-fp16	F16	137956701056	3000000
library/orca2	orca2:7b-q2_K	Q2_K	2825954848	932800
library/orca2	orca2:7b-q3_K_S	Q3_K_S	2948320000	932800
library/orca2	orca2:7b-q3_K_M	Q3_K_M	3298020096	932800
library/orca2	orca2:7b-q3_K_L	Q3_K_L	3597126400	932800
library/orca2	orca2:7b	Q4_0	3825824096	932800
library/orca2	orca2:7b-q4_K_S	Q4_K_S	3856757088	932800
library/orca2	orca2:7b-q4_K_M	Q4_K_M	4081021280	932800
library/orca2	orca2:7b-q4_1	Q4_1	4238767200	932800
library/orca2	orca2:7b-q5_0	Q5_0	4651710304	932800
library/orca2	orca2:7b-q5_K_S	Q5_K_S	4651710304	932800
library/orca2	orca2:7b-q5_K_M	Q5_K_M	4783175520	932800
library/orca2	orca2:7b-q5_1	Q5_1	5064653408	932800
library/orca2	orca2:13b-q2_K	Q2_K	5429366016	932800
library/orca2	orca2:7b-q6_K	Q6_K	5529214400	932800
library/orca2	orca2:13b-q3_K_S	Q3_K_S	5658999584	932800
library/orca2	orca2:13b-q3_K_M	Q3_K_M	6337788704	932800
library/orca2	orca2:13b-q3_K_L	Q3_K_L	6929578784	932800
library/orca2	orca2:7b-q8_0	Q8_0	7161115904	932800
library/orca2	orca2:13b	Q4_0	7365856000	932800
library/orca2	orca2:13b-q4_K_S	Q4_K_S	7414352640	932800
library/orca2	orca2:13b-q4_K_M	Q4_K_M	7865977600	932800
library/orca2	orca2:13b-q4_1	Q4_1	8169082560	932800
library/orca2	orca2:13b-q5_0	Q5_0	8972309120	932800
library/orca2	orca2:13b-q5_K_S	Q5_K_S	8972309120	932800
library/orca2	orca2:13b-q5_K_M	Q5_K_M	9229947520	932800
library/orca2	orca2:13b-q5_1	Q5_1	9775535680	932800
library/orca2	orca2:13b-q6_K	Q6_K	10679165568	932800
library/orca2	orca2:7b-fp16	F16	13478153952	932800
library/orca2	orca2:13b-q8_0	Q8_0	13831352192	932800
library/orca2	orca2:13b-fp16	F16	26033364960	932800
library/paraphrase-multilingual	paraphrase-multilingual:278m	F16	562766080	938800
library/phi	phi:2.7b-chat-v2-q2_K	Q2_K	1173610336	1500000
library/phi	phi:2.7b-chat-v2-q3_K_S	Q3_K_S	1250819936	1500000
library/phi	phi:2.7b-chat-v2-q3_K_M	Q3_K_M	1480195936	1500000
library/phi	phi:2.7b	Q4_0	1602461536	1500000
library/phi	phi:2.7b-chat-v2-q3_K_L	Q3_K_L	1604714336	1500000
library/phi	phi:2.7b-chat-v2-q4_K_S	Q4_K_S	1615568736	1500000
library/phi	phi:2.7b-chat-v2-q4_1	Q4_1	1767939936	1500000
library/phi	phi:2.7b-chat-v2-q4_K_M	Q4_K_M	1789239136	1500000
library/phi	phi:2.7b-chat-v2-q5_0	Q5_0	1933418336	1500000
library/phi	phi:2.7b-chat-v2-q5_K_S	Q5_K_S	1933418336	1500000
library/phi	phi:2.7b-chat-v2-q5_K_M	Q5_K_M	2072682336	1500000
library/phi	phi:2.7b-chat-v2-q5_1	Q5_1	2098896736	1500000
library/phi	phi:2.7b-chat-v2-q6_K	Q6_K	2285059936	1500000
library/phi	phi:2.7b-chat-v2-q8_0	Q8_0	2958032736	1500000
library/phi	phi:2.7b-chat-v2-fp16	F16	5563088672	1500000
library/phi3	phi3:3.8b-mini-4k-instruct-q2_K	Q2_K	1416203712	18100000
library/phi3	phi3:3.8b-mini-128k-instruct-q2_K	Q2_K	1416204256	18100000
library/phi3	phi3:3.8b-mini-4k-instruct-q3_K_S	Q3_K_S	1681798080	18100000
library/phi3	phi3:3.8b-mini-128k-instruct-q3_K_S	Q3_K_S	1681798624	18100000
library/phi3	phi3:3.8b-mini-4k-instruct-q3_K_M	Q3_K_M	1955476416	18100000
library/phi3	phi3:3.8b-mini-128k-instruct-q3_K_M	Q3_K_M	1955476960	18100000
library/phi3	phi3:3.8b-mini-4k-instruct-q3_K_L	Q3_K_L	2087596992	18100000
library/phi3	phi3:3.8b-mini-128k-instruct-q3_K_L	Q3_K_L	2087597536	18100000
library/phi3	phi3:3.8b-mini-4k-instruct-q4_0	Q4_0	2176176576	18100000
library/phi3	phi3:3.8b	Q4_0	2176177120	18100000
library/phi3	phi3:3.8b-mini-4k-instruct-q4_K_S	Q4_K_S	2188759488	18100000
library/phi3	phi3:3.8b-mini-128k-instruct-q4_K_S	Q4_K_S	2188760032	18100000
library/phi3	phi3:mini-4k	Q4_K_M	2393231808	18100000
library/phi3	phi3:3.8b-mini-128k-instruct-q4_K_M	Q4_K_M	2393232352	18100000
library/phi3	phi3:3.8b-mini-4k-instruct-q4_1	Q4_1	2408825280	18100000
library/phi3	phi3:3.8b-mini-128k-instruct-q4_1	Q4_1	2408825824	18100000
library/phi3	phi3:3.8b-mini-4k-instruct-q5_0	Q5_0	2641473984	18100000
library/phi3	phi3:3.8b-mini-4k-instruct-q5_K_S	Q5_K_S	2641473984	18100000
library/phi3	phi3:3.8b-mini-128k-instruct-q5_0	Q5_0	2641474528	18100000
library/phi3	phi3:3.8b-mini-128k-instruct-q5_K_S	Q5_K_S	2641474528	18100000
library/phi3	phi3:3.8b-mini-4k-instruct-q5_K_M	Q5_K_M	2815275456	18100000
library/phi3	phi3:3.8b-mini-128k-instruct-q5_K_M	Q5_K_M	2815276000	18100000
library/phi3	phi3:3.8b-mini-4k-instruct-q5_1	Q5_1	2874122688	18100000
library/phi3	phi3:3.8b-mini-128k-instruct-q5_1	Q5_1	2874123232	18100000
library/phi3	phi3:3.8b-mini-4k-instruct-q6_K	Q6_K	3135852480	18100000
library/phi3	phi3:3.8b-mini-128k-instruct-q6_K	Q6_K	3135853024	18100000
library/phi3	phi3:3.8b-mini-4k-instruct-q8_0	Q8_0	4061221824	18100000
library/phi3	phi3:3.8b-mini-128k-instruct-q8_0	Q8_0	4061222368	18100000
library/phi3	phi3:14b-medium-4k-instruct-q2_K	Q2_K	5143000160	18100000
library/phi3	phi3:14b-medium-128k-instruct-q2_K	Q2_K	5143000864	18100000
library/phi3	phi3:14b-medium-4k-instruct-q3_K_S	Q3_K_S	6064889440	18100000
library/phi3	phi3:14b-medium-128k-instruct-q3_K_S	Q3_K_S	6064890144	18100000
library/phi3	phi3:14b-medium-4k-instruct-q3_K_M	Q3_K_M	6923411040	18100000
library/phi3	phi3:14b-medium-128k-instruct-q3_K_M	Q3_K_M	6923411744	18100000
library/phi3	phi3:14b-medium-4k-instruct-q3_K_L	Q3_K_L	7490297440	18100000
library/phi3	phi3:14b-medium-128k-instruct-q3_K_L	Q3_K_L	7490298144	18100000
library/phi3	phi3:3.8b-mini-4k-instruct-fp16	F16	7643296704	18100000
library/phi3	phi3:3.8b-mini-128k-instruct-fp16	F16	7643297248	18100000
library/phi3	phi3:medium-4k	Q4_0	7897124960	18100000
library/phi3	phi3:14b	Q4_0	7897125664	18100000
library/phi3	phi3:14b-medium-4k-instruct-q4_K_S	Q4_K_S	7954468960	18100000
library/phi3	phi3:14b-medium-128k-instruct-q4_K_S	Q4_K_S	7954469664	18100000
library/phi3	phi3:14b-medium-4k-instruct-q4_K_M	Q4_K_M	8566820960	18100000
library/phi3	phi3:14b-medium-128k-instruct-q4_K_M	Q4_K_M	8566821664	18100000
library/phi3	phi3:14b-medium-4k-instruct-q4_1	Q4_1	8759353440	18100000
library/phi3	phi3:14b-medium-128k-instruct-q4_1	Q4_1	8759354144	18100000
library/phi3	phi3:14b-medium-4k-instruct-q5_0	Q5_0	9621581920	18100000
library/phi3	phi3:14b-medium-4k-instruct-q5_K_S	Q5_K_S	9621581920	18100000
library/phi3	phi3:14b-medium-128k-instruct-q5_0	Q5_0	9621582624	18100000
library/phi3	phi3:14b-medium-128k-instruct-q5_K_S	Q5_K_S	9621582624	18100000
library/phi3	phi3:14b-medium-4k-instruct-q5_K_M	Q5_K_M	10074189920	18100000
library/phi3	phi3:14b-medium-128k-instruct-q5_K_M	Q5_K_M	10074190624	18100000
library/phi3	phi3:14b-medium-4k-instruct-q5_1	Q5_1	10483810400	18100000
library/phi3	phi3:14b-medium-128k-instruct-q5_1	Q5_1	10483811104	18100000
library/phi3	phi3:14b-medium-4k-instruct-q6_K	Q6_K	11453817440	18100000
library/phi3	phi3:14b-medium-128k-instruct-q6_K	Q6_K	11453818144	18100000
library/phi3	phi3:14b-medium-4k-instruct-q8_0	Q8_0	14834712160	18100000
library/phi3	phi3:14b-medium-128k-instruct-q8_0	Q8_0	14834712864	18100000
library/phi3	phi3:14b-medium-4k-instruct-fp16	F16	27922046560	18100000
library/phi3	phi3:14b-medium-128k-instruct-fp16	F16	27922047264	18100000
library/phi3.5	phi3.5:3.8b-mini-instruct-q2_K	Q2_K	1416204288	1000000
library/phi3.5	phi3.5:3.8b-mini-instruct-q3_K_S	Q3_K_S	1681798656	1000000
library/phi3.5	phi3.5:3.8b-mini-instruct-q3_K_M	Q3_K_M	1955476992	1000000
library/phi3.5	phi3.5:3.8b-mini-instruct-q3_K_L	Q3_K_L	2087597568	1000000
library/phi3.5	phi3.5:3.8b	Q4_0	2176177152	1000000
library/phi3.5	phi3.5:3.8b-mini-instruct-q4_K_S	Q4_K_S	2188760064	1000000
library/phi3.5	phi3.5:3.8b-mini-instruct-q4_K_M	Q4_K_M	2393232384	1000000
library/phi3.5	phi3.5:3.8b-mini-instruct-q4_1	Q4_1	2408825856	1000000
library/phi3.5	phi3.5:3.8b-mini-instruct-q5_0	Q5_0	2641474560	1000000
library/phi3.5	phi3.5:3.8b-mini-instruct-q5_K_S	Q5_K_S	2641474560	1000000
library/phi3.5	phi3.5:3.8b-mini-instruct-q5_K_M	Q5_K_M	2815276032	1000000
library/phi3.5	phi3.5:3.8b-mini-instruct-q5_1	Q5_1	2874123264	1000000
library/phi3.5	phi3.5:3.8b-mini-instruct-q6_K	Q6_K	3135853056	1000000
library/phi3.5	phi3.5:3.8b-mini-instruct-q8_0	Q8_0	4061222400	1000000
library/phi3.5	phi3.5:3.8b-mini-instruct-fp16	F16	7643297280	1000000
library/phi4	phi4:14b	Q4_K_M	9053114464	7700000
library/phi4	phi4:14b-q8_0	Q8_0	15580500064	7700000
library/phi4	phi4:14b-fp16	F16	29323399264	7700000
library/phi4-mini	phi4-mini:3.8b	Q4_K_M	2491874624	1400000
library/phi4-mini	phi4-mini:3.8b-q8_0	Q8_0	4084611392	1400000
library/phi4-mini	phi4-mini:3.8b-fp16	F16	7680694592	1400000
library/phi4-reasoning	phi4-reasoning:14b	Q4_K_M	11117500000	1700000
library/phi4-reasoning	phi4-reasoning:plus	Q4_K_M	11117500000	1700000
library/phi4-reasoning	phi4-reasoning:14b-plus-q8_0	Q8_0	17055061600	1700000
library/phi4-reasoning	phi4-reasoning:14b-q8_0	Q8_0	17055061600	1700000
library/phi4-reasoning	phi4-reasoning:14b-fp16	F16	29323400800	1700000
library/phi4-reasoning	phi4-reasoning:14b-plus-fp16	F16	29323400800	1700000
library/phind-codellama	phind-codellama:34b-python-q2_K	Q2_K	14210674848	971500
library/phind-codellama	phind-codellama:34b-q2_K	Q2_K	14210674848	971500
library/phind-codellama	phind-codellama:34b-v2-q2_K	Q2_K	14210674848	971500
library/phind-codellama	phind-codellama:34b-python-q3_K_S	Q3_K_S	14605349024	971500
library/phind-codellama	phind-codellama:34b-q3_K_S	Q3_K_S	14605349024	971500
library/phind-codellama	phind-codellama:34b-v2-q3_K_S	Q3_K_S	14605349024	971500
library/phind-codellama	phind-codellama:34b-python-q3_K_M	Q3_K_M	16283594912	971500
library/phind-codellama	phind-codellama:34b-q3_K_M	Q3_K_M	16283594912	971500
library/phind-codellama	phind-codellama:34b-v2-q3_K_M	Q3_K_M	16283594912	971500
library/phind-codellama	phind-codellama:34b-python-q3_K_L	Q3_K_L	17771524256	971500
library/phind-codellama	phind-codellama:34b-q3_K_L	Q3_K_L	17771524256	971500
library/phind-codellama	phind-codellama:34b-v2-q3_K_L	Q3_K_L	17771524256	971500
library/phind-codellama	phind-codellama:34b	Q4_0	19052048544	971500
library/phind-codellama	phind-codellama:34b-python	Q4_0	19052048544	971500
library/phind-codellama	phind-codellama:34b-q4_0	Q4_0	19052048544	971500
library/phind-codellama	phind-codellama:34b-python-q4_K_S	Q4_K_S	19146420384	971500
library/phind-codellama	phind-codellama:34b-q4_K_S	Q4_K_S	19146420384	971500
library/phind-codellama	phind-codellama:34b-v2-q4_K_S	Q4_K_S	19146420384	971500
library/phind-codellama	phind-codellama:34b-python-q4_K_M	Q4_K_M	20219900064	971500
library/phind-codellama	phind-codellama:34b-q4_K_M	Q4_K_M	20219900064	971500
library/phind-codellama	phind-codellama:34b-v2-q4_K_M	Q4_K_M	20219900064	971500
library/phind-codellama	phind-codellama:34b-python-q4_1	Q4_1	21144613024	971500
library/phind-codellama	phind-codellama:34b-q4_1	Q4_1	21144613024	971500
library/phind-codellama	phind-codellama:34b-v2-q4_1	Q4_1	21144613024	971500
library/phind-codellama	phind-codellama:34b-python-q5_0	Q5_0	23237177504	971500
library/phind-codellama	phind-codellama:34b-python-q5_K_S	Q5_K_S	23237177504	971500
library/phind-codellama	phind-codellama:34b-q5_0	Q5_0	23237177504	971500
library/phind-codellama	phind-codellama:34b-q5_K_S	Q5_K_S	23237177504	971500
library/phind-codellama	phind-codellama:34b-v2-q5_0	Q5_0	23237177504	971500
library/phind-codellama	phind-codellama:34b-v2-q5_K_S	Q5_K_S	23237177504	971500
library/phind-codellama	phind-codellama:34b-python-q5_K_M	Q5_K_M	23838797984	971500
library/phind-codellama	phind-codellama:34b-q5_K_M	Q5_K_M	23838797984	971500
library/phind-codellama	phind-codellama:34b-v2-q5_K_M	Q5_K_M	23838797984	971500
library/phind-codellama	phind-codellama:34b-python-q5_1	Q5_1	25329741984	971500
library/phind-codellama	phind-codellama:34b-q5_1	Q5_1	25329741984	971500
library/phind-codellama	phind-codellama:34b-v2-q5_1	Q5_1	25329741984	971500
library/phind-codellama	phind-codellama:34b-python-q6_K	Q6_K	27683877024	971500
library/phind-codellama	phind-codellama:34b-q6_K	Q6_K	27683877024	971500
library/phind-codellama	phind-codellama:34b-v2-q6_K	Q6_K	27683877024	971500
library/phind-codellama	phind-codellama:34b-python-q8_0	Q8_0	35856052384	971500
library/phind-codellama	phind-codellama:34b-q8_0	Q8_0	35856052384	971500
library/phind-codellama	phind-codellama:34b-v2-q8_0	Q8_0	35856052384	971500
library/phind-codellama	phind-codellama:34b-fp16	F16	67490279552	971500
library/phind-codellama	phind-codellama:34b-python-fp16	F16	67490279552	971500
library/phind-codellama	phind-codellama:34b-v2-fp16	F16	67490279552	971500
library/qwen	qwen:0.5b-text-v1.5-q2_K	Q2_K	298412832	7700000
library/qwen	qwen:0.5b-chat-v1.5-q2_K	Q2_K	298412864	7700000
library/qwen	qwen:0.5b-text-v1.5-q3_K_S	Q3_K_S	333383456	7700000
library/qwen	qwen:0.5b-chat-v1.5-q3_K_S	Q3_K_S	333383488	7700000
library/qwen	qwen:0.5b-text-v1.5-q3_K_M	Q3_K_M	349882144	7700000
library/qwen	qwen:0.5b-chat-v1.5-q3_K_M	Q3_K_M	349882176	7700000
library/qwen	qwen:0.5b-text-v1.5-q3_K_L	Q3_K_L	364201760	7700000
library/qwen	qwen:0.5b-chat-v1.5-q3_K_L	Q3_K_L	364201792	7700000
library/qwen	qwen:0.5b-text	Q4_0	394990368	7700000
library/qwen	qwen:0.5b	Q4_0	394990624	7700000
library/qwen	qwen:0.5b-text-v1.5-q4_K_S	Q4_K_S	396596000	7700000
library/qwen	qwen:0.5b-chat-v1.5-q4_K_S	Q4_K_S	396596032	7700000
library/qwen	qwen:0.5b-text-v1.5-q4_K_M	Q4_K_M	407155488	7700000
library/qwen	qwen:0.5b-chat-v1.5-q4_K_M	Q4_K_M	407155520	7700000
library/qwen	qwen:0.5b-text-v1.5-q4_1	Q4_1	423981856	7700000
library/qwen	qwen:0.5b-chat-v1.5-q4_1	Q4_1	423982112	7700000
library/qwen	qwen:0.5b-text-v1.5-q5_0	Q5_0	452973344	7700000
library/qwen	qwen:0.5b-text-v1.5-q5_K_S	Q5_K_S	452973344	7700000
library/qwen	qwen:0.5b-chat-v1.5-q5_K_S	Q5_K_S	452973376	7700000
library/qwen	qwen:0.5b-chat-v1.5-q5_0	Q5_0	452973600	7700000
library/qwen	qwen:0.5b-text-v1.5-q5_K_M	Q5_K_M	459240224	7700000
library/qwen	qwen:0.5b-chat-v1.5-q5_K_M	Q5_K_M	459240256	7700000
library/qwen	qwen:0.5b-text-v1.5-q5_1	Q5_1	481964832	7700000
library/qwen	qwen:0.5b-chat-v1.5-q5_1	Q5_1	481965088	7700000
library/qwen	qwen:0.5b-text-v1.5-q6_K	Q6_K	514580256	7700000
library/qwen	qwen:0.5b-chat-v1.5-q6_K	Q6_K	514580288	7700000
library/qwen	qwen:0.5b-text-v1.5-q8_0	Q8_0	664602400	7700000
library/qwen	qwen:0.5b-chat-v1.5-q8_0	Q8_0	664602656	7700000
library/qwen	qwen:1.8b-chat-q2_K	Q2_K	853248832	7700000
library/qwen	qwen:1.8b-text-q2_K	Q2_K	853248832	7700000
library/qwen	qwen:1.8b-text-v1.5-q2_K	Q2_K	863477536	7700000
library/qwen	qwen:1.8b-chat-v1.5-q2_K	Q2_K	863477568	7700000
library/qwen	qwen:1.8b-chat-q3_K_S	Q3_K_S	970474304	7700000
library/qwen	qwen:1.8b-text-q3_K_S	Q3_K_S	970474304	7700000
library/qwen	qwen:1.8b-text-v1.5-q3_K_S	Q3_K_S	970479392	7700000
library/qwen	qwen:1.8b-chat-v1.5-q3_K_S	Q3_K_S	970479424	7700000
library/qwen	qwen:1.8b-text-v1.5-q3_K_M	Q3_K_M	1015879456	7700000
library/qwen	qwen:1.8b-chat-v1.5-q3_K_M	Q3_K_M	1015879488	7700000
library/qwen	qwen:1.8b-chat-q3_K_M	Q3_K_M	1041564480	7700000
library/qwen	qwen:1.8b-text-q3_K_M	Q3_K_M	1041564480	7700000
library/qwen	qwen:1.8b-text-v1.5-q3_K_L	Q3_K_L	1056200480	7700000
library/qwen	qwen:1.8b-chat-v1.5-q3_K_L	Q3_K_L	1056200512	7700000
library/qwen	qwen:1.8b-chat-q3_K_L	Q3_K_L	1070351168	7700000
library/qwen	qwen:1.8b-text-q3_K_L	Q3_K_L	1070351168	7700000
library/qwen	qwen:1.8b-chat-q4_0	Q4_0	1120230208	7700000
library/qwen	qwen:1.8b-text-q4_0	Q4_0	1120230208	7700000
library/qwen	qwen:1.8b-text	Q4_0	1120235296	7700000
library/qwen	qwen:1.8b	Q4_0	1120235328	7700000
library/qwen	qwen:1.8b-chat-q4_K_S	Q4_K_S	1156160320	7700000
library/qwen	qwen:1.8b-text-q4_K_S	Q4_K_S	1156160320	7700000
library/qwen	qwen:1.8b-text-v1.5-q4_K_S	Q4_K_S	1158262560	7700000
library/qwen	qwen:1.8b-chat-v1.5-q4_K_S	Q4_K_S	1158262592	7700000
library/qwen	qwen:1.8b-chat-q4_1	Q4_1	1215568704	7700000
library/qwen	qwen:1.8b-text-q4_1	Q4_1	1215568704	7700000
library/qwen	qwen:1.8b-text-v1.5-q4_1	Q4_1	1215573792	7700000
library/qwen	qwen:1.8b-chat-v1.5-q4_1	Q4_1	1215573824	7700000
library/qwen	qwen:1.8b-text-v1.5-q4_K_M	Q4_K_M	1217752864	7700000
library/qwen	qwen:1.8b-chat-v1.5-q4_K_M	Q4_K_M	1217752896	7700000
library/qwen	qwen:1.8b-chat-q4_K_M	Q4_K_M	1242520384	7700000
library/qwen	qwen:1.8b-text-q4_K_M	Q4_K_M	1242520384	7700000
library/qwen	qwen:0.5b-chat-v1.5-fp16	F16	1245333216	7700000
library/qwen	qwen:0.5b-text-v1.5-fp16	F16	1245333216	7700000
library/qwen	qwen:1.8b-chat-q5_0	Q5_0	1310907200	7700000
library/qwen	qwen:1.8b-text-q5_0	Q5_0	1310907200	7700000
library/qwen	qwen:1.8b-text-v1.5-q5_0	Q5_0	1310912288	7700000
library/qwen	qwen:1.8b-chat-v1.5-q5_0	Q5_0	1310912320	7700000
library/qwen	qwen:1.8b-chat-q5_K_S	Q5_K_S	1327815488	7700000
library/qwen	qwen:1.8b-text-q5_K_S	Q5_K_S	1327815488	7700000
library/qwen	qwen:1.8b-text-v1.5-q5_K_S	Q5_K_S	1327820576	7700000
library/qwen	qwen:1.8b-chat-v1.5-q5_K_S	Q5_K_S	1327820608	7700000
library/qwen	qwen:1.8b-text-v1.5-q5_K_M	Q5_K_M	1376775968	7700000
library/qwen	qwen:1.8b-chat-v1.5-q5_K_M	Q5_K_M	1376776000	7700000
library/qwen	qwen:1.8b-chat-q5_1	Q5_1	1406245696	7700000
library/qwen	qwen:1.8b-text-q5_1	Q5_1	1406245696	7700000
library/qwen	qwen:1.8b-text-v1.5-q5_1	Q5_1	1406250784	7700000
library/qwen	qwen:1.8b-chat-v1.5-q5_1	Q5_1	1406250816	7700000
library/qwen	qwen:1.8b-chat-q5_K_M	Q5_K_M	1410194240	7700000
library/qwen	qwen:1.8b-text-q5_K_M	Q5_K_M	1410194240	7700000
library/qwen	qwen:1.8b-chat-q6_K	Q6_K	1579021120	7700000
library/qwen	qwen:1.8b-text-q6_K	Q6_K	1579021120	7700000
library/qwen	qwen:1.8b-text-v1.5-q6_K	Q6_K	1579026208	7700000
library/qwen	qwen:1.8b-chat-v1.5-q6_K	Q6_K	1579026240	7700000
library/qwen	qwen:4b-chat-v1.5-q2_K	Q2_K	1620632608	7700000
library/qwen	qwen:4b-text-v1.5-q2_K	Q2_K	1620632608	7700000
library/qwen	qwen:4b-chat-v1.5-q3_K_S	Q3_K_S	1857153568	7700000
library/qwen	qwen:4b-text-v1.5-q3_K_S	Q3_K_S	1857153568	7700000
library/qwen	qwen:1.8b-chat-q8_0	Q8_0	1958298432	7700000
library/qwen	qwen:1.8b-text-q8_0	Q8_0	1958298432	7700000
library/qwen	qwen:1.8b-text-v1.5-q8_0	Q8_0	1958303520	7700000
library/qwen	qwen:1.8b-chat-v1.5-q8_0	Q8_0	1958303552	7700000
library/qwen	qwen:4b-chat-v1.5-q3_K_M	Q3_K_M	2026850848	7700000
library/qwen	qwen:4b-text-v1.5-q3_K_M	Q3_K_M	2026850848	7700000
library/qwen	qwen:4b-chat-v1.5-q3_K_L	Q3_K_L	2174798368	7700000
library/qwen	qwen:4b-text-v1.5-q3_K_L	Q3_K_L	2174798368	7700000
library/qwen	qwen:4b	Q4_0	2330085408	7700000
library/qwen	qwen:4b-text	Q4_0	2330085408	7700000
library/qwen	qwen:4b-chat-v1.5-q4_K_S	Q4_K_S	2344421408	7700000
library/qwen	qwen:4b-text-v1.5-q4_K_S	Q4_K_S	2344421408	7700000
library/qwen	qwen:4b-chat-v1.5-q4_K_M	Q4_K_M	2455115808	7700000
library/qwen	qwen:4b-text-v1.5-q4_K_M	Q4_K_M	2455115808	7700000
library/qwen	qwen:4b-chat-v1.5-q4_1	Q4_1	2552641568	7700000
library/qwen	qwen:4b-text-v1.5-q4_1	Q4_1	2552641568	7700000
library/qwen	qwen:4b-chat-v1.5-q5_0	Q5_0	2775197728	7700000
library/qwen	qwen:4b-chat-v1.5-q5_K_S	Q5_K_S	2775197728	7700000
library/qwen	qwen:4b-text-v1.5-q5_0	Q5_0	2775197728	7700000
library/qwen	qwen:4b-text-v1.5-q5_K_S	Q5_K_S	2775197728	7700000
library/qwen	qwen:4b-chat-v1.5-q5_K_M	Q5_K_M	2839607328	7700000
library/qwen	qwen:4b-text-v1.5-q5_K_M	Q5_K_M	2839607328	7700000
library/qwen	qwen:4b-chat-v1.5-q5_1	Q5_1	2997753888	7700000
library/qwen	qwen:4b-text-v1.5-q5_1	Q5_1	2997753888	7700000
library/qwen	qwen:7b-chat-q2_K	Q2_K	3049292288	7700000
library/qwen	qwen:7b-q2_K	Q2_K	3049292288	7700000
library/qwen	qwen:7b-chat-v1.5-q2_K	Q2_K	3103825056	7700000
library/qwen	qwen:7b-text-v1.5-q2_K	Q2_K	3103825056	7700000
library/qwen	qwen:4b-chat-v1.5-q6_K	Q6_K	3248129568	7700000
library/qwen	qwen:4b-text-v1.5-q6_K	Q6_K	3248129568	7700000
library/qwen	qwen:7b-chat-q3_K_S	Q3_K_S	3569152512	7700000
library/qwen	qwen:7b-q3_K_S	Q3_K_S	3569152512	7700000
library/qwen	qwen:7b-chat-v1.5-q3_K_S	Q3_K_S	3569159328	7700000
library/qwen	qwen:7b-text-v1.5-q3_K_S	Q3_K_S	3569159328	7700000
library/qwen	qwen:1.8b-chat-fp16	F16	3680092896	7700000
library/qwen	qwen:1.8b-text-fp16	F16	3680092896	7700000
library/qwen	qwen:1.8b-chat-v1.5-fp16	F16	3680098016	7700000
library/qwen	qwen:1.8b-text-v1.5-fp16	F16	3680098016	7700000
library/qwen	qwen:7b-chat-v1.5-q3_K_M	Q3_K_M	3918859424	7700000
library/qwen	qwen:7b-text-v1.5-q3_K_M	Q3_K_M	3918859424	7700000
library/qwen	qwen:7b-chat-q3_K_M	Q3_K_M	4057264640	7700000
library/qwen	qwen:7b-q3_K_M	Q3_K_M	4057264640	7700000
library/qwen	qwen:4b-chat-v1.5-q8_0	Q8_0	4204735008	7700000
library/qwen	qwen:4b-text-v1.5-q8_0	Q8_0	4204735008	7700000
library/qwen	qwen:7b-chat-v1.5-q3_K_L	Q3_K_L	4217965728	7700000
library/qwen	qwen:7b-text-v1.5-q3_K_L	Q3_K_L	4217965728	7700000
library/qwen	qwen:7b-chat-q3_K_L	Q3_K_L	4293456384	7700000
library/qwen	qwen:7b-q3_K_L	Q3_K_L	4293456384	7700000
library/qwen	qwen:7b-chat-q4_0	Q4_0	4511900160	7700000
library/qwen	qwen:7b-q4_0	Q4_0	4511900160	7700000
library/qwen	qwen:7b	Q4_0	4511906976	7700000
library/qwen	qwen:7b-text	Q4_0	4511906976	7700000
library/qwen	qwen:7b-chat-q4_K_S	Q4_K_S	4534444544	7700000
library/qwen	qwen:7b-q4_K_S	Q4_K_S	4534444544	7700000
library/qwen	qwen:7b-chat-v1.5-q4_K_S	Q4_K_S	4542839968	7700000
library/qwen	qwen:7b-text-v1.5-q4_K_S	Q4_K_S	4542839968	7700000
library/qwen	qwen:7b-chat-v1.5-q4_K_M	Q4_K_M	4767104160	7700000
library/qwen	qwen:7b-text-v1.5-q4_K_M	Q4_K_M	4767104160	7700000
library/qwen	qwen:7b-chat-q4_K_M	Q4_K_M	4899217920	7700000
library/qwen	qwen:7b-q4_K_M	Q4_K_M	4899217920	7700000
library/qwen	qwen:7b-chat-q4_1	Q4_1	4955546112	7700000
library/qwen	qwen:7b-q4_1	Q4_1	4955546112	7700000
library/qwen	qwen:7b-chat-v1.5-q4_1	Q4_1	4955552928	7700000
library/qwen	qwen:7b-text-v1.5-q4_1	Q4_1	4955552928	7700000
library/qwen	qwen:7b-chat-q5_0	Q5_0	5399192064	7700000
library/qwen	qwen:7b-chat-q5_K_S	Q5_K_S	5399192064	7700000
library/qwen	qwen:7b-q5_0	Q5_0	5399192064	7700000
library/qwen	qwen:7b-q5_K_S	Q5_K_S	5399192064	7700000
library/qwen	qwen:7b-chat-v1.5-q5_0	Q5_0	5399198880	7700000
library/qwen	qwen:7b-chat-v1.5-q5_K_S	Q5_K_S	5399198880	7700000
library/qwen	qwen:7b-text-v1.5-q5_0	Q5_0	5399198880	7700000
library/qwen	qwen:7b-text-v1.5-q5_K_S	Q5_K_S	5399198880	7700000
library/qwen	qwen:7b-chat-v1.5-q5_K_M	Q5_K_M	5530664096	7700000
library/qwen	qwen:7b-text-v1.5-q5_K_M	Q5_K_M	5530664096	7700000
library/qwen	qwen:7b-chat-q5_K_M	Q5_K_M	5708915200	7700000
library/qwen	qwen:7b-q5_K_M	Q5_K_M	5708915200	7700000
library/qwen	qwen:7b-chat-q5_1	Q5_1	5842838016	7700000
library/qwen	qwen:7b-q5_1	Q5_1	5842838016	7700000
library/qwen	qwen:7b-chat-v1.5-q5_1	Q5_1	5842844832	7700000
library/qwen	qwen:7b-text-v1.5-q5_1	Q5_1	5842844832	7700000
library/qwen	qwen:14b-chat-q2_K	Q2_K	5980785728	7700000
library/qwen	qwen:14b-text-q2_K	Q2_K	5980785728	7700000
library/qwen	qwen:14b-text-v1.5-q2_K	Q2_K	6087290272	7700000
library/qwen	qwen:14b-chat-v1.5-q2_K	Q2_K	6087290304	7700000
library/qwen	qwen:7b-chat-q6_K	Q6_K	6341939712	7700000
library/qwen	qwen:7b-q6_K	Q6_K	6341939712	7700000
library/qwen	qwen:7b-chat-v1.5-q6_K	Q6_K	6341946528	7700000
library/qwen	qwen:7b-text-v1.5-q6_K	Q6_K	6341946528	7700000
library/qwen	qwen:14b-chat-q3_K_S	Q3_K_S	6949100608	7700000
library/qwen	qwen:14b-text-q3_K_S	Q3_K_S	6949100608	7700000
library/qwen	qwen:14b-text-v1.5-q3_K_S	Q3_K_S	6949109152	7700000
library/qwen	qwen:14b-chat-v1.5-q3_K_S	Q3_K_S	6949109184	7700000
library/qwen	qwen:14b-text-v1.5-q3_K_M	Q3_K_M	7418264992	7700000
library/qwen	qwen:14b-chat-v1.5-q3_K_M	Q3_K_M	7418265024	7700000
library/qwen	qwen:14b-chat-q3_K_M	Q3_K_M	7690230848	7700000
library/qwen	qwen:14b-text-q3_K_M	Q3_K_M	7690230848	7700000
library/qwen	qwen:14b-text-v1.5-q3_K_L	Q3_K_L	7840398752	7700000
library/qwen	qwen:14b-chat-v1.5-q3_K_L	Q3_K_L	7840398784	7700000
library/qwen	qwen:4b-chat-v1.5-fp16	F16	7907723744	7700000
library/qwen	qwen:4b-text-v1.5-fp16	F16	7907723744	7700000
library/qwen	qwen:14b-chat-q3_K_L	Q3_K_L	7987846208	7700000
library/qwen	qwen:14b-text-q3_K_L	Q3_K_L	7987846208	7700000
library/qwen	qwen:14b-chat-q4_0	Q4_0	8179313728	7700000
library/qwen	qwen:14b-text-q4_0	Q4_0	8179313728	7700000
library/qwen	qwen:14b-text	Q4_0	8179322272	7700000
library/qwen	qwen:14b	Q4_0	8179322304	7700000
library/qwen	qwen:7b-chat-q8_0	Q8_0	8211788288	7700000
library/qwen	qwen:7b-q8_0	Q8_0	8211788288	7700000
library/qwen	qwen:7b-chat-v1.5-q8_0	Q8_0	8211795104	7700000
library/qwen	qwen:7b-text-v1.5-q8_0	Q8_0	8211795104	7700000
library/qwen	qwen:14b-chat-q4_K_S	Q4_K_S	8551844928	7700000
library/qwen	qwen:14b-text-q4_K_S	Q4_K_S	8551844928	7700000
library/qwen	qwen:14b-text-v1.5-q4_K_S	Q4_K_S	8564960672	7700000
library/qwen	qwen:14b-chat-v1.5-q4_K_S	Q4_K_S	8564960704	7700000
library/qwen	qwen:14b-chat-q4_1	Q4_1	9016044608	7700000
library/qwen	qwen:14b-text-q4_1	Q4_1	9016044608	7700000
library/qwen	qwen:14b-text-v1.5-q4_1	Q4_1	9016053152	7700000
library/qwen	qwen:14b-chat-v1.5-q4_1	Q4_1	9016053184	7700000
library/qwen	qwen:14b-text-v1.5-q4_K_M	Q4_K_M	9191034272	7700000
library/qwen	qwen:14b-chat-v1.5-q4_K_M	Q4_K_M	9191034304	7700000
library/qwen	qwen:14b-chat-q4_K_M	Q4_K_M	9449073728	7700000
library/qwen	qwen:14b-text-q4_K_M	Q4_K_M	9449073728	7700000
library/qwen	qwen:14b-chat-q5_0	Q5_0	9852775488	7700000
library/qwen	qwen:14b-text-q5_0	Q5_0	9852775488	7700000
library/qwen	qwen:14b-text-v1.5-q5_0	Q5_0	9852784032	7700000
library/qwen	qwen:14b-chat-v1.5-q5_0	Q5_0	9852784064	7700000
library/qwen	qwen:14b-chat-q5_K_S	Q5_K_S	10028084288	7700000
library/qwen	qwen:14b-text-q5_K_S	Q5_K_S	10028084288	7700000
library/qwen	qwen:14b-text-v1.5-q5_K_S	Q5_K_S	10028092832	7700000
library/qwen	qwen:14b-chat-v1.5-q5_K_S	Q5_K_S	10028092864	7700000
library/qwen	qwen:14b-text-v1.5-q5_K_M	Q5_K_M	10535996832	7700000
library/qwen	qwen:14b-chat-v1.5-q5_K_M	Q5_K_M	10535996864	7700000
library/qwen	qwen:14b-chat-q5_1	Q5_1	10689506368	7700000
library/qwen	qwen:14b-text-q5_1	Q5_1	10689506368	7700000
library/qwen	qwen:14b-text-v1.5-q5_1	Q5_1	10689514912	7700000
library/qwen	qwen:14b-chat-v1.5-q5_1	Q5_1	10689514944	7700000
library/qwen	qwen:14b-chat-q5_K_M	Q5_K_M	10884148288	7700000
library/qwen	qwen:14b-text-q5_K_M	Q5_K_M	10884148288	7700000
library/qwen	qwen:32b-chat-v1.5-q2_K	Q2_K	12222000800	7700000
library/qwen	qwen:32b-text-v1.5-q2_K	Q2_K	12222000800	7700000
library/qwen	qwen:14b-chat-q6_K	Q6_K	12310150208	7700000
library/qwen	qwen:14b-text-q6_K	Q6_K	12310150208	7700000
library/qwen	qwen:14b-text-v1.5-q6_K	Q6_K	12310158752	7700000
library/qwen	qwen:14b-chat-v1.5-q6_K	Q6_K	12310158784	7700000
library/qwen	qwen:32b-chat-v1.5-q3_K_S	Q3_K_S	14284193440	7700000
library/qwen	qwen:32b-text-v1.5-q3_K_S	Q3_K_S	14284193440	7700000
library/qwen	qwen:14b-chat-q8_0	Q8_0	15061720128	7700000
library/qwen	qwen:14b-text-q8_0	Q8_0	15061720128	7700000
library/qwen	qwen:14b-text-v1.5-q8_0	Q8_0	15061728672	7700000
library/qwen	qwen:14b-chat-v1.5-q8_0	Q8_0	15061728704	7700000
library/qwen	qwen:7b-chat-fp16	F16	15449911712	7700000
library/qwen	qwen:7b-fp16	F16	15449911712	7700000
library/qwen	qwen:7b-chat-v1.5-fp16	F16	15449918560	7700000
library/qwen	qwen:7b-text-v1.5-fp16	F16	15449918560	7700000
library/qwen	qwen:32b-chat-v1.5-q3_K_M	Q3_K_M	15815114400	7700000
library/qwen	qwen:32b-text-v1.5-q3_K_M	Q3_K_M	15815114400	7700000
library/qwen	qwen:32b-chat-v1.5-q3_K_L	Q3_K_L	17117314720	7700000
library/qwen	qwen:32b-text-v1.5-q3_K_L	Q3_K_L	17117314720	7700000
library/qwen	qwen:32b	Q4_0	18498670240	7700000
library/qwen	qwen:32b-text	Q4_0	18498670240	7700000
library/qwen	qwen:32b-chat-v1.5-q4_K_S	Q4_K_S	18641538720	7700000
library/qwen	qwen:32b-text-v1.5-q4_K_S	Q4_K_S	18641538720	7700000
library/qwen	qwen:32b-chat-v1.5-q4_K_M	Q4_K_M	19698962080	7700000
library/qwen	qwen:32b-chat-v1.5-q4_1	Q4_1	20481953440	7700000
library/qwen	qwen:32b-text-v1.5-q4_1	Q4_1	20481953440	7700000
library/qwen	qwen:32b-chat-v1.5-q5_0	Q5_0	22465236640	7700000
library/qwen	qwen:32b-chat-v1.5-q5_K_S	Q5_K_S	22465236640	7700000
library/qwen	qwen:32b-text-v1.5-q5_0	Q5_0	22465236640	7700000
library/qwen	qwen:32b-chat-v1.5-q5_K_M	Q5_K_M	23083568800	7700000
library/qwen	qwen:32b-chat-v1.5-q5_1	Q5_1	24448519840	7700000
library/qwen	qwen:32b-text-v1.5-q5_1	Q5_1	24448519840	7700000
library/qwen	qwen:72b-chat-q2_K	Q2_K	26531665408	7700000
library/qwen	qwen:72b-text-q2_K	Q2_K	26531665408	7700000
library/qwen	qwen:32b-chat-v1.5-q6_K	Q6_K	26679713440	7700000
library/qwen	qwen:14b-chat-fp16	F16	28342590432	7700000
library/qwen	qwen:14b-text-fp16	F16	28342590432	7700000
library/qwen	qwen:14b-chat-v1.5-fp16	F16	28342599008	7700000
library/qwen	qwen:14b-text-v1.5-fp16	F16	28342599008	7700000
library/qwen	qwen:72b-text-v1.5-q2_K	Q2_K	28461062432	7700000
library/qwen	qwen:72b-chat-v1.5-q2_K	Q2_K	28461062464	7700000
library/qwen	qwen:72b-chat-q3_K_S	Q3_K_S	31565518336	7700000
library/qwen	qwen:72b-text-q3_K_S	Q3_K_S	31565518336	7700000
library/qwen	qwen:72b-text-v1.5-q3_K_S	Q3_K_S	32949655840	7700000
library/qwen	qwen:72b-chat-v1.5-q3_K_S	Q3_K_S	32949655872	7700000
library/qwen	qwen:32b-chat-v1.5-q8_0	Q8_0	34553495200	7700000
library/qwen	qwen:32b-text-v1.5-q8_0	Q8_0	34553495200	7700000
library/qwen	qwen:72b-text-v1.5-q3_K_M	Q3_K_M	35927611680	7700000
library/qwen	qwen:72b-chat-v1.5-q3_K_M	Q3_K_M	35927611712	7700000
library/qwen	qwen:72b-chat-q3_K_M	Q3_K_M	36682569216	7700000
library/qwen	qwen:72b-text-q3_K_M	Q3_K_M	36682569216	7700000
library/qwen	qwen:72b-text-v1.5-q3_K_L	Q3_K_L	38486137120	7700000
library/qwen	qwen:72b-chat-v1.5-q3_K_L	Q3_K_L	38486137152	7700000
library/qwen	qwen:72b-chat-q3_K_L	Q3_K_L	39241094656	7700000
library/qwen	qwen:72b-text-q3_K_L	Q3_K_L	39241094656	7700000
library/qwen	qwen:72b-chat-q4_0	Q4_0	41000375808	7700000
library/qwen	qwen:72b-text-q4_0	Q4_0	41000375808	7700000
library/qwen	qwen:72b-text-v1.5-q4_0	Q4_0	41000392992	7700000
library/qwen	qwen:72b	Q4_0	41000393024	7700000
library/qwen	qwen:110b-chat-v1.5-q2_K	Q2_K	41175701920	7700000
library/qwen	qwen:110b-text-v1.5-q2_K	Q2_K	41175701920	7700000
library/qwen	qwen:72b-chat-q4_K_S	Q4_K_S	41252034048	7700000
library/qwen	qwen:72b-text-q4_K_S	Q4_K_S	41252034048	7700000
library/qwen	qwen:72b-text-v1.5-q4_K_S	Q4_K_S	41923139872	7700000
library/qwen	qwen:72b-chat-v1.5-q4_K_S	Q4_K_S	41923139904	7700000
library/qwen	qwen:72b-text-v1.5-q4_K_M	Q4_K_M	44104177952	7700000
library/qwen	qwen:72b-chat-v1.5-q4_K_M	Q4_K_M	44104177984	7700000
library/qwen	qwen:72b-chat-q4_K_M	Q4_K_M	45089822208	7700000
library/qwen	qwen:72b-text-q4_K_M	Q4_K_M	45089822208	7700000
library/qwen	qwen:72b-chat-q4_1	Q4_1	45440308736	7700000
library/qwen	qwen:72b-text-q4_1	Q4_1	45440308736	7700000
library/qwen	qwen:72b-text-v1.5-q4_1	Q4_1	45440325920	7700000
library/qwen	qwen:72b-chat-v1.5-q4_1	Q4_1	45440325952	7700000
library/qwen	qwen:110b-chat-v1.5-q3_K_S	Q3_K_S	48458750368	7700000
library/qwen	qwen:110b-text-v1.5-q3_K_S	Q3_K_S	48458750368	7700000
library/qwen	qwen:72b-chat-q5_0	Q5_0	49880241664	7700000
library/qwen	qwen:72b-chat-q5_K_S	Q5_K_S	49880241664	7700000
library/qwen	qwen:72b-text-q5_0	Q5_0	49880241664	7700000
library/qwen	qwen:72b-text-q5_K_S	Q5_K_S	49880241664	7700000
library/qwen	qwen:72b-text-v1.5-q5_0	Q5_0	49880258848	7700000
library/qwen	qwen:72b-text-v1.5-q5_K_S	Q5_K_S	49880258848	7700000
library/qwen	qwen:72b-chat-v1.5-q5_0	Q5_0	49880258880	7700000
library/qwen	qwen:72b-chat-v1.5-q5_K_S	Q5_K_S	49880258880	7700000
library/qwen	qwen:72b-text-v1.5-q5_K_M	Q5_K_M	51306322208	7700000
library/qwen	qwen:72b-chat-v1.5-q5_K_M	Q5_K_M	51306322240	7700000
library/qwen	qwen:72b-chat-q5_K_M	Q5_K_M	53088884224	7700000
library/qwen	qwen:72b-text-q5_K_M	Q5_K_M	53088884224	7700000
library/qwen	qwen:110b-chat-v1.5-q3_K_M	Q3_K_M	53701630368	7700000
library/qwen	qwen:110b-text-v1.5-q3_K_M	Q3_K_M	53701630368	7700000
library/qwen	qwen:72b-chat-q5_1	Q5_1	54320174592	7700000
library/qwen	qwen:72b-text-q5_1	Q5_1	54320174592	7700000
library/qwen	qwen:72b-text-v1.5-q5_1	Q5_1	54320191776	7700000
library/qwen	qwen:72b-chat-v1.5-q5_1	Q5_1	54320191808	7700000
library/qwen	qwen:110b-chat-v1.5-q3_K_L	Q3_K_L	58147592608	7700000
library/qwen	qwen:110b-text-v1.5-q3_K_L	Q3_K_L	58147592608	7700000
library/qwen	qwen:72b-chat-q6_K	Q6_K	59315099136	7700000
library/qwen	qwen:72b-text-q6_K	Q6_K	59315099136	7700000
library/qwen	qwen:72b-text-v1.5-q6_K	Q6_K	59315116320	7700000
library/qwen	qwen:72b-chat-v1.5-q6_K	Q6_K	59315116352	7700000
library/qwen	qwen:110b	Q4_0	62890072480	7700000
library/qwen	qwen:72b-text	Q4_0	62890072480	7700000
library/qwen	qwen:110b-chat-v1.5-q4_K_S	Q4_K_S	63477275040	7700000
library/qwen	qwen:110b-text-v1.5-q4_K_S	Q4_K_S	63477275040	7700000
library/qwen	qwen:32b-chat-v1.5-fp16	F16	65032650368	7700000
library/qwen	qwen:110b-chat-v1.5-q4_K_M	Q4_K_M	67170884000	7700000
library/qwen	qwen:110b-text-v1.5-q4_K_M	Q4_K_M	67170884000	7700000
library/qwen	qwen:110b-chat-v1.5-q4_1	Q4_1	69762701728	7700000
library/qwen	qwen:110b-text-v1.5-q4_1	Q4_1	69762701728	7700000
library/qwen	qwen:110b-chat-v1.5-q5_0	Q5_0	76635330976	7700000
library/qwen	qwen:110b-chat-v1.5-q5_K_S	Q5_K_S	76635330976	7700000
library/qwen	qwen:110b-text-v1.5-q5_0	Q5_0	76635330976	7700000
library/qwen	qwen:110b-text-v1.5-q5_K_S	Q5_K_S	76635330976	7700000
library/qwen	qwen:72b-chat-q8_0	Q8_0	76821534208	7700000
library/qwen	qwen:72b-text-q8_0	Q8_0	76821534208	7700000
library/qwen	qwen:72b-text-v1.5-q8_0	Q8_0	76821551392	7700000
library/qwen	qwen:72b-chat-v1.5-q8_0	Q8_0	76821551424	7700000
library/qwen	qwen:110b-chat-v1.5-q5_K_M	Q5_K_M	78818990496	7700000
library/qwen	qwen:110b-text-v1.5-q5_K_M	Q5_K_M	78818990496	7700000
library/qwen	qwen:110b-chat-v1.5-q5_1	Q5_1	83507960224	7700000
library/qwen	qwen:110b-text-v1.5-q5_1	Q5_1	83507960224	7700000
library/qwen	qwen:110b-chat-v1.5-q6_K	Q6_K	91239668128	7700000
library/qwen	qwen:110b-text-v1.5-q6_K	Q6_K	91239668128	7700000
library/qwen	qwen:110b-chat-v1.5-q8_0	Q8_0	118172801440	7700000
library/qwen	qwen:110b-text-v1.5-q8_0	Q8_0	118172801440	7700000
library/qwen	qwen:72b-chat-fp16	F16	144588379552	7700000
library/qwen	qwen:72b-text-fp16	F16	144588379552	7700000
library/qwen	qwen:72b-chat-v1.5-fp16	F16	144588396768	7700000
library/qwen	qwen:72b-text-v1.5-fp16	F16	144588396768	7700000
library/qwen	qwen:110b-chat-v1.5-fp16	F16	222430091648	7700000
library/qwen	qwen:110b-text-v1.5-fp16	F16	222430091648	7700000
library/qwen2	qwen2:0.5b-instruct-q3_K_S	Q3_K_S	338260384	6200000
library/qwen2	qwen2:0.5b-instruct-q2_K	Q2_K	338604448	6200000
library/qwen2	qwen2:0.5b	Q4_0	352151968	6200000
library/qwen2	qwen2:0.5b-instruct-q3_K_M	Q3_K_M	355463584	6200000
library/qwen2	qwen2:0.5b-instruct-q3_K_L	Q3_K_L	369355168	6200000
library/qwen2	qwen2:0.5b-instruct-q4_1	Q4_1	374516128	6200000
library/qwen2	qwen2:0.5b-instruct-q4_K_S	Q4_K_S	385468832	6200000
library/qwen2	qwen2:0.5b-instruct-q5_0	Q5_0	396880288	6200000
library/qwen2	qwen2:0.5b-instruct-q4_K_M	Q4_K_M	397804960	6200000
library/qwen2	qwen2:0.5b-instruct-q5_K_S	Q5_K_S	412707232	6200000
library/qwen2	qwen2:0.5b-instruct-q5_1	Q5_1	419244448	6200000
library/qwen2	qwen2:0.5b-instruct-q5_K_M	Q5_K_M	420083104	6200000
library/qwen2	qwen2:0.5b-instruct-q6_K	Q6_K	505733536	6200000
library/qwen2	qwen2:0.5b-instruct-q8_0	Q8_0	531065248	6200000
library/qwen2	qwen2:1.5b-instruct-q2_K	Q2_K	676301920	6200000
library/qwen2	qwen2:1.5b-instruct-q3_K_S	Q3_K_S	760941664	6200000
library/qwen2	qwen2:1.5b-instruct-q3_K_M	Q3_K_M	824175712	6200000
library/qwen2	qwen2:1.5b-instruct-q3_K_L	Q3_K_L	880159840	6200000
library/qwen2	qwen2:1.5b	Q4_0	934952032	6200000
library/qwen2	qwen2:1.5b-instruct-q4_K_S	Q4_K_S	940309600	6200000
library/qwen2	qwen2:1.5b-instruct-q4_K_M	Q4_K_M	986045536	6200000
library/qwen2	qwen2:0.5b-instruct-fp16	F16	994153888	6200000
library/qwen2	qwen2:1.5b-instruct-q4_1	Q4_1	1016839264	6200000
library/qwen2	qwen2:1.5b-instruct-q5_0	Q5_0	1098726496	6200000
library/qwen2	qwen2:1.5b-instruct-q5_K_S	Q5_K_S	1098726496	6200000
library/qwen2	qwen2:1.5b-instruct-q5_K_M	Q5_K_M	1125047392	6200000
library/qwen2	qwen2:1.5b-instruct-q5_1	Q5_1	1180613728	6200000
library/qwen2	qwen2:1.5b-instruct-q6_K	Q6_K	1272736864	6200000
library/qwen2	qwen2:1.5b-instruct-q8_0	Q8_0	1646570080	6200000
library/qwen2	qwen2:7b-text-q2_K	Q2_K	3015937536	6200000
library/qwen2	qwen2:7b-instruct-q2_K	Q2_K	3015937568	6200000
library/qwen2	qwen2:1.5b-instruct-fp16	F16	3093666400	6200000
library/qwen2	qwen2:7b-text-q3_K_S	Q3_K_S	3492365824	6200000
library/qwen2	qwen2:7b-instruct-q3_K_S	Q3_K_S	3492365856	6200000
library/qwen2	qwen2:7b-text-q3_K_M	Q3_K_M	3808388608	6200000
library/qwen2	qwen2:7b-instruct-q3_K_M	Q3_K_M	3808388640	6200000
library/qwen2	qwen2:7b-text-q3_K_L	Q3_K_L	4088456704	6200000
library/qwen2	qwen2:7b-instruct-q3_K_L	Q3_K_L	4088456736	6200000
library/qwen2	qwen2:7b-text	Q4_0	4431388160	6200000
library/qwen2	qwen2:7b	Q4_0	4431388192	6200000
library/qwen2	qwen2:7b-text-q4_K_S	Q4_K_S	4457766400	6200000
library/qwen2	qwen2:7b-instruct-q4_K_S	Q4_K_S	4457766432	6200000
library/qwen2	qwen2:7b-text-q4_K_M	Q4_K_M	4683070976	6200000
library/qwen2	qwen2:7b-instruct-q4_K_M	Q4_K_M	4683071008	6200000
library/qwen2	qwen2:7b-text-q4_1	Q4_1	4873281024	6200000
library/qwen2	qwen2:7b-instruct-q4_1	Q4_1	4873281056	6200000
library/qwen2	qwen2:7b-text-q5_0	Q5_0	5315173888	6200000
library/qwen2	qwen2:7b-instruct-q5_0	Q5_0	5315173920	6200000
library/qwen2	qwen2:7b-instruct-q5_K_S	Q5_K_S	5315173920	6200000
library/qwen2	qwen2:7b-instruct-q5_K_M	Q5_K_M	5444828704	6200000
library/qwen2	qwen2:7b-text-q5_1	Q5_1	5757066752	6200000
library/qwen2	qwen2:7b-instruct-q5_1	Q5_1	5757066784	6200000
library/qwen2	qwen2:7b-instruct-q6_K	Q6_K	6254196256	6200000
library/qwen2	qwen2:7b-text-q8_0	Q8_0	8098522624	6200000
library/qwen2	qwen2:7b-instruct-q8_0	Q8_0	8098522656	6200000
library/qwen2	qwen2:7b-instruct-fp16	F16	15237850656	6200000
library/qwen2	qwen2:72b-instruct-q2_K	Q2_K	29811759584	6200000
library/qwen2	qwen2:72b-text-q2_K	Q2_K	29811759584	6200000
library/qwen2	qwen2:72b-instruct-q3_K_S	Q3_K_S	34487785952	6200000
library/qwen2	qwen2:72b-text-q3_K_S	Q3_K_S	34487785952	6200000
library/qwen2	qwen2:72b-instruct-q3_K_M	Q3_K_M	37698722272	6200000
library/qwen2	qwen2:72b-text-q3_K_M	Q3_K_M	37698722272	6200000
library/qwen2	qwen2:72b-instruct-q3_K_L	Q3_K_L	39505222112	6200000
library/qwen2	qwen2:72b-text-q3_K_L	Q3_K_L	39505222112	6200000
library/qwen2	qwen2:72b	Q4_0	41231735264	6200000
library/qwen2	qwen2:72b-text	Q4_0	41231735264	6200000
library/qwen2	qwen2:72b-instruct-q4_K_S	Q4_K_S	43889220064	6200000
library/qwen2	qwen2:72b-text-q4_K_S	Q4_K_S	43889220064	6200000
library/qwen2	qwen2:72b-instruct-q4_1	Q4_1	45697882592	6200000
library/qwen2	qwen2:72b-text-q4_1	Q4_1	45697882592	6200000
library/qwen2	qwen2:72b-instruct-q4_K_M	Q4_K_M	47415712224	6200000
library/qwen2	qwen2:72b-text-q4_K_M	Q4_K_M	47415712224	6200000
library/qwen2	qwen2:72b-instruct-q5_0	Q5_0	50164029920	6200000
library/qwen2	qwen2:72b-text-q5_0	Q5_0	50164029920	6200000
library/qwen2	qwen2:72b-instruct-q5_K_S	Q5_K_S	51375135200	6200000
library/qwen2	qwen2:72b-text-q5_K_S	Q5_K_S	51375135200	6200000
library/qwen2	qwen2:72b-instruct-q5_K_M	Q5_K_M	54447462880	6200000
library/qwen2	qwen2:72b-text-q5_K_M	Q5_K_M	54447462880	6200000
library/qwen2	qwen2:72b-instruct-q5_1	Q5_1	54630177248	6200000
library/qwen2	qwen2:72b-text-q5_1	Q5_1	54630177248	6200000
library/qwen2	qwen2:72b-instruct-q6_K	Q6_K	64347625952	6200000
library/qwen2	qwen2:72b-text-q6_K	Q6_K	64347625952	6200000
library/qwen2	qwen2:72b-instruct-q8_0	Q8_0	77262608864	6200000
library/qwen2	qwen2:72b-text-q8_0	Q8_0	77262608864	6200000
library/qwen2	qwen2:72b-instruct-fp16	F16	145422670304	6200000
library/qwen2	qwen2:72b-text-fp16	F16	145422670304	6200000
library/qwen2-math	qwen2-math:1.5b-instruct-q2_K	Q2_K	676302272	1100000
library/qwen2-math	qwen2-math:1.5b-instruct-q3_K_S	Q3_K_S	760942016	1100000
library/qwen2-math	qwen2-math:1.5b-instruct-q3_K_M	Q3_K_M	824176064	1100000
library/qwen2-math	qwen2-math:1.5b-instruct-q3_K_L	Q3_K_L	880160192	1100000
library/qwen2-math	qwen2-math:1.5b	Q4_0	934952384	1100000
library/qwen2-math	qwen2-math:1.5b-instruct-q4_K_S	Q4_K_S	940309952	1100000
library/qwen2-math	qwen2-math:1.5b-instruct-q4_K_M	Q4_K_M	986045888	1100000
library/qwen2-math	qwen2-math:1.5b-instruct-q4_1	Q4_1	1016839616	1100000
library/qwen2-math	qwen2-math:1.5b-instruct-q5_0	Q5_0	1098726848	1100000
library/qwen2-math	qwen2-math:1.5b-instruct-q5_K_S	Q5_K_S	1098726848	1100000
library/qwen2-math	qwen2-math:1.5b-instruct-q5_K_M	Q5_K_M	1125047744	1100000
library/qwen2-math	qwen2-math:1.5b-instruct-q5_1	Q5_1	1180614080	1100000
library/qwen2-math	qwen2-math:1.5b-instruct-q6_K	Q6_K	1272737216	1100000
library/qwen2-math	qwen2-math:1.5b-instruct-q8_0	Q8_0	1646570432	1100000
library/qwen2-math	qwen2-math:7b-instruct-q2_K	Q2_K	3015937888	1100000
library/qwen2-math	qwen2-math:1.5b-instruct-fp16	F16	3093666752	1100000
library/qwen2-math	qwen2-math:7b-instruct-q3_K_S	Q3_K_S	3492366176	1100000
library/qwen2-math	qwen2-math:7b-instruct-q3_K_M	Q3_K_M	3808388960	1100000
library/qwen2-math	qwen2-math:7b-instruct-q3_K_L	Q3_K_L	4088457056	1100000
library/qwen2-math	qwen2-math:7b	Q4_0	4431388512	1100000
library/qwen2-math	qwen2-math:7b-instruct-q4_K_S	Q4_K_S	4457766752	1100000
library/qwen2-math	qwen2-math:7b-instruct-q4_K_M	Q4_K_M	4683071328	1100000
library/qwen2-math	qwen2-math:7b-instruct-q4_1	Q4_1	4873281376	1100000
library/qwen2-math	qwen2-math:7b-instruct-q5_0	Q5_0	5315174240	1100000
library/qwen2-math	qwen2-math:7b-instruct-q5_K_S	Q5_K_S	5315174240	1100000
library/qwen2-math	qwen2-math:7b-instruct-q5_K_M	Q5_K_M	5444829024	1100000
library/qwen2-math	qwen2-math:7b-instruct-q5_1	Q5_1	5757067104	1100000
library/qwen2-math	qwen2-math:7b-instruct-q6_K	Q6_K	6254196576	1100000
library/qwen2-math	qwen2-math:7b-instruct-q8_0	Q8_0	8098522976	1100000
library/qwen2-math	qwen2-math:7b-instruct-fp16	F16	15237850976	1100000
library/qwen2-math	qwen2-math:72b-instruct-q2_K	Q2_K	29811760064	1100000
library/qwen2-math	qwen2-math:72b-instruct-q3_K_S	Q3_K_S	34487786432	1100000
library/qwen2-math	qwen2-math:72b-instruct-q3_K_M	Q3_K_M	37698722752	1100000
library/qwen2-math	qwen2-math:72b-instruct-q3_K_L	Q3_K_L	39505222592	1100000
library/qwen2-math	qwen2-math:72b	Q4_0	41231735744	1100000
library/qwen2-math	qwen2-math:72b-instruct-q4_K_S	Q4_K_S	43889220544	1100000
library/qwen2-math	qwen2-math:72b-instruct-q4_1	Q4_1	45697883072	1100000
library/qwen2-math	qwen2-math:72b-instruct-q4_K_M	Q4_K_M	47415712704	1100000
library/qwen2-math	qwen2-math:72b-instruct-q5_0	Q5_0	50164030400	1100000
library/qwen2-math	qwen2-math:72b-instruct-q5_K_S	Q5_K_S	51375135680	1100000
library/qwen2-math	qwen2-math:72b-instruct-q5_K_M	Q5_K_M	54447463360	1100000
library/qwen2-math	qwen2-math:72b-instruct-q5_1	Q5_1	54630177728	1100000
library/qwen2-math	qwen2-math:72b-instruct-q6_K	Q6_K	64347626432	1100000
library/qwen2-math	qwen2-math:72b-instruct-q8_0	Q8_0	77262609344	1100000
library/qwen2-math	qwen2-math:72b-instruct-fp16	F16	145422670784	1100000
library/qwen2.5	qwen2.5:0.5b-base-q3_K_S	Q3_K_S	338262944	39100000
library/qwen2.5	qwen2.5:0.5b-instruct-q3_K_S	Q3_K_S	338263360	39100000
library/qwen2.5	qwen2.5:0.5b-base-q2_K	Q2_K	338607008	39100000
library/qwen2.5	qwen2.5:0.5b-instruct-q2_K	Q2_K	338607424	39100000
library/qwen2.5	qwen2.5:0.5b-base-q4_0	Q4_0	352154528	39100000
library/qwen2.5	qwen2.5:0.5b-instruct-q4_0	Q4_0	352154944	39100000
library/qwen2.5	qwen2.5:0.5b-base-q3_K_M	Q3_K_M	355466144	39100000
library/qwen2.5	qwen2.5:0.5b-instruct-q3_K_M	Q3_K_M	355466560	39100000
library/qwen2.5	qwen2.5:0.5b-base-q3_K_L	Q3_K_L	369357728	39100000
library/qwen2.5	qwen2.5:0.5b-instruct-q3_K_L	Q3_K_L	369358144	39100000
library/qwen2.5	qwen2.5:0.5b-base-q4_1	Q4_1	374518688	39100000
library/qwen2.5	qwen2.5:0.5b-instruct-q4_1	Q4_1	374519104	39100000
library/qwen2.5	qwen2.5:0.5b-base-q4_K_S	Q4_K_S	385471392	39100000
library/qwen2.5	qwen2.5:0.5b-instruct-q4_K_S	Q4_K_S	385471808	39100000
library/qwen2.5	qwen2.5:0.5b-base-q5_0	Q5_0	396882848	39100000
library/qwen2.5	qwen2.5:0.5b-instruct-q5_0	Q5_0	396883264	39100000
library/qwen2.5	qwen2.5:0.5b-base	Q4_K_M	397807520	39100000
library/qwen2.5	qwen2.5:0.5b	Q4_K_M	397807936	39100000
library/qwen2.5	qwen2.5:0.5b-base-q5_K_S	Q5_K_S	412709792	39100000
library/qwen2.5	qwen2.5:0.5b-instruct-q5_K_S	Q5_K_S	412710208	39100000
library/qwen2.5	qwen2.5:0.5b-base-q5_1	Q5_1	419247008	39100000
library/qwen2.5	qwen2.5:0.5b-instruct-q5_1	Q5_1	419247424	39100000
library/qwen2.5	qwen2.5:0.5b-instruct-q5_K_M	Q5_K_M	420086080	39100000
library/qwen2.5	qwen2.5:0.5b-instruct-q6_K	Q6_K	505736512	39100000
library/qwen2.5	qwen2.5:0.5b-base-q8_0	Q8_0	531067808	39100000
library/qwen2.5	qwen2.5:0.5b-instruct-q8_0	Q8_0	531068224	39100000
library/qwen2.5	qwen2.5:1.5b-instruct-q2_K	Q2_K	676304896	39100000
library/qwen2.5	qwen2.5:1.5b-instruct-q3_K_S	Q3_K_S	760944640	39100000
library/qwen2.5	qwen2.5:1.5b-instruct-q3_K_M	Q3_K_M	824178688	39100000
library/qwen2.5	qwen2.5:1.5b-instruct-q3_K_L	Q3_K_L	880162816	39100000
library/qwen2.5	qwen2.5:1.5b-instruct-q4_0	Q4_0	934955008	39100000
library/qwen2.5	qwen2.5:1.5b-instruct-q4_K_S	Q4_K_S	940312576	39100000
library/qwen2.5	qwen2.5:1.5b	Q4_K_M	986048512	39100000
library/qwen2.5	qwen2.5:0.5b-instruct-fp16	F16	994156864	39100000
library/qwen2.5	qwen2.5:1.5b-instruct-q4_1	Q4_1	1016842240	39100000
library/qwen2.5	qwen2.5:1.5b-instruct-q5_0	Q5_0	1098729472	39100000
library/qwen2.5	qwen2.5:1.5b-instruct-q5_K_S	Q5_K_S	1098729472	39100000
library/qwen2.5	qwen2.5:1.5b-instruct-q5_K_M	Q5_K_M	1125050368	39100000
library/qwen2.5	qwen2.5:1.5b-instruct-q5_1	Q5_1	1180616704	39100000
library/qwen2.5	qwen2.5:1.5b-instruct-q6_K	Q6_K	1272739840	39100000
library/qwen2.5	qwen2.5:3b-instruct-q2_K	Q2_K	1274756000	39100000
library/qwen2.5	qwen2.5:3b-instruct-q3_K_S	Q3_K_S	1454357408	39100000
library/qwen2.5	qwen2.5:3b-instruct-q3_K_M	Q3_K_M	1590475680	39100000
library/qwen2.5	qwen2.5:1.5b-instruct-q8_0	Q8_0	1646573056	39100000
library/qwen2.5	qwen2.5:3b-instruct-q3_K_L	Q3_K_L	1707391904	39100000
library/qwen2.5	qwen2.5:3b-instruct-q4_0	Q4_0	1822849952	39100000
library/qwen2.5	qwen2.5:3b-instruct-q4_K_S	Q4_K_S	1834384288	39100000
library/qwen2.5	qwen2.5:3b	Q4_K_M	1929903008	39100000
library/qwen2.5	qwen2.5:3b-instruct-q4_1	Q4_1	1996258208	39100000
library/qwen2.5	qwen2.5:3b-instruct-q5_0	Q5_0	2169666464	39100000
library/qwen2.5	qwen2.5:3b-instruct-q5_K_S	Q5_K_S	2169666464	39100000
library/qwen2.5	qwen2.5:3b-instruct-q5_K_M	Q5_K_M	2224815008	39100000
library/qwen2.5	qwen2.5:3b-instruct-q5_1	Q5_1	2343074720	39100000
library/qwen2.5	qwen2.5:3b-instruct-q6_K	Q6_K	2538159008	39100000
library/qwen2.5	qwen2.5:7b-instruct-q2_K	Q2_K	3015940512	39100000
library/qwen2.5	qwen2.5:1.5b-instruct-fp16	F16	3093669376	39100000
library/qwen2.5	qwen2.5:3b-instruct-q8_0	Q8_0	3285476256	39100000
library/qwen2.5	qwen2.5:7b-instruct-q3_K_S	Q3_K_S	3492368800	39100000
library/qwen2.5	qwen2.5:7b-instruct-q3_K_M	Q3_K_M	3808391584	39100000
library/qwen2.5	qwen2.5:7b-instruct-q3_K_L	Q3_K_L	4088459680	39100000
library/qwen2.5	qwen2.5:7b-instruct-q4_0	Q4_0	4431391136	39100000
library/qwen2.5	qwen2.5:7b-instruct-q4_K_S	Q4_K_S	4457769376	39100000
library/qwen2.5	qwen2.5:7b	Q4_K_M	4683073952	39100000
library/qwen2.5	qwen2.5:7b-instruct-q4_1	Q4_1	4873284000	39100000
library/qwen2.5	qwen2.5:7b-instruct-q5_0	Q5_0	5315176864	39100000
library/qwen2.5	qwen2.5:7b-instruct-q5_K_S	Q5_K_S	5315176864	39100000
library/qwen2.5	qwen2.5:7b-instruct-q5_K_M	Q5_K_M	5444831648	39100000
library/qwen2.5	qwen2.5:7b-instruct-q5_1	Q5_1	5757069728	39100000
library/qwen2.5	qwen2.5:14b-instruct-q2_K	Q2_K	5770497888	39100000
library/qwen2.5	qwen2.5:3b-instruct-fp16	F16	6178317216	39100000
library/qwen2.5	qwen2.5:7b-instruct-q6_K	Q6_K	6254199200	39100000
library/qwen2.5	qwen2.5:14b-instruct-q3_K_S	Q3_K_S	6659596128	39100000
library/qwen2.5	qwen2.5:14b-instruct-q3_K_M	Q3_K_M	7339204448	39100000
library/qwen2.5	qwen2.5:14b-instruct-q3_K_L	Q3_K_L	7924768608	39100000
library/qwen2.5	qwen2.5:7b-instruct-q8_0	Q8_0	8098525600	39100000
library/qwen2.5	qwen2.5:14b-instruct-q4_0	Q4_0	8517726048	39100000
library/qwen2.5	qwen2.5:14b-instruct-q4_K_S	Q4_K_S	8573431648	39100000
library/qwen2.5	qwen2.5:14b	Q4_K_M	8988110688	39100000
library/qwen2.5	qwen2.5:14b-instruct-q4_1	Q4_1	9392140128	39100000
library/qwen2.5	qwen2.5:14b-instruct-q5_0	Q5_0	10266554208	39100000
library/qwen2.5	qwen2.5:14b-instruct-q5_K_S	Q5_K_S	10266554208	39100000
library/qwen2.5	qwen2.5:14b-instruct-q5_K_M	Q5_K_M	10508873568	39100000
library/qwen2.5	qwen2.5:14b-instruct-q5_1	Q5_1	11140968288	39100000
library/qwen2.5	qwen2.5:14b-instruct-q6_K	Q6_K	12124684128	39100000
library/qwen2.5	qwen2.5:32b-instruct-q2_K	Q2_K	12313098848	39100000
library/qwen2.5	qwen2.5:32b-instruct-q3_K_S	Q3_K_S	14392330848	39100000
library/qwen2.5	qwen2.5:7b-instruct-fp16	F16	15237853600	39100000
library/qwen2.5	qwen2.5:14b-instruct-q8_0	Q8_0	15701598048	39100000
library/qwen2.5	qwen2.5:32b-instruct-q3_K_M	Q3_K_M	15935048288	39100000
library/qwen2.5	qwen2.5:32b-instruct-q3_K_L	Q3_K_L	17247079008	39100000
library/qwen2.5	qwen2.5:32b-instruct-q4_0	Q4_0	18640231008	39100000
library/qwen2.5	qwen2.5:32b-instruct-q4_K_S	Q4_K_S	18784410208	39100000
library/qwen2.5	qwen2.5:32b	Q4_K_M	19851336288	39100000
library/qwen2.5	qwen2.5:32b-instruct-q4_1	Q4_1	20639242848	39100000
library/qwen2.5	qwen2.5:32b-instruct-q5_0	Q5_0	22638254688	39100000
library/qwen2.5	qwen2.5:32b-instruct-q5_K_S	Q5_K_S	22638254688	39100000
library/qwen2.5	qwen2.5:32b-instruct-q5_K_M	Q5_K_M	23262157408	39100000
library/qwen2.5	qwen2.5:32b-instruct-q5_1	Q5_1	24637266528	39100000
library/qwen2.5	qwen2.5:32b-instruct-q6_K	Q6_K	26886154848	39100000
library/qwen2.5	qwen2.5:14b-instruct-fp16	F16	29547716448	39100000
library/qwen2.5	qwen2.5:72b-instruct-q2_K	Q2_K	29811762560	39100000
library/qwen2.5	qwen2.5:72b-instruct-q3_K_S	Q3_K_S	34487788928	39100000
library/qwen2.5	qwen2.5:32b-instruct-q8_0	Q8_0	34820885088	39100000
library/qwen2.5	qwen2.5:72b-instruct-q3_K_M	Q3_K_M	37698725248	39100000
library/qwen2.5	qwen2.5:72b-instruct-q3_K_L	Q3_K_L	39505225088	39100000
library/qwen2.5	qwen2.5:72b-instruct-q4_0	Q4_0	41231738240	39100000
library/qwen2.5	qwen2.5:72b-instruct-q4_K_S	Q4_K_S	43889223040	39100000
library/qwen2.5	qwen2.5:72b-instruct-q4_1	Q4_1	45697885568	39100000
library/qwen2.5	qwen2.5:72b	Q4_K_M	47415715200	39100000
library/qwen2.5	qwen2.5:72b-instruct-q5_0	Q5_0	50164032896	39100000
library/qwen2.5	qwen2.5:72b-instruct-q5_K_S	Q5_K_S	51375138176	39100000
library/qwen2.5	qwen2.5:72b-instruct-q5_K_M	Q5_K_M	54447465856	39100000
library/qwen2.5	qwen2.5:72b-instruct-q5_1	Q5_1	54630180224	39100000
library/qwen2.5	qwen2.5:72b-instruct-q6_K	Q6_K	64347628928	39100000
library/qwen2.5	qwen2.5:32b-instruct-fp16	F16	65535969888	39100000
library/qwen2.5	qwen2.5:72b-instruct-q8_0	Q8_0	77262611840	39100000
library/qwen2.5	qwen2.5:72b-instruct-fp16	F16	145422673280	39100000
library/qwen2.5-coder	qwen2.5-coder:0.5b-base-q3_K_S	Q3_K_S	338263264	20900000
library/qwen2.5-coder	qwen2.5-coder:0.5b-instruct-q3_K_S	Q3_K_S	338263424	20900000
library/qwen2.5-coder	qwen2.5-coder:0.5b-base-q2_K	Q2_K	338607328	20900000
library/qwen2.5-coder	qwen2.5-coder:0.5b-instruct-q2_K	Q2_K	338607488	20900000
library/qwen2.5-coder	qwen2.5-coder:0.5b-base-q4_0	Q4_0	352154848	20900000
library/qwen2.5-coder	qwen2.5-coder:0.5b-instruct-q4_0	Q4_0	352155008	20900000
library/qwen2.5-coder	qwen2.5-coder:0.5b-base-q3_K_M	Q3_K_M	355466464	20900000
library/qwen2.5-coder	qwen2.5-coder:0.5b-instruct-q3_K_M	Q3_K_M	355466624	20900000
library/qwen2.5-coder	qwen2.5-coder:0.5b-base-q3_K_L	Q3_K_L	369358048	20900000
library/qwen2.5-coder	qwen2.5-coder:0.5b-instruct-q3_K_L	Q3_K_L	369358208	20900000
library/qwen2.5-coder	qwen2.5-coder:0.5b-base-q4_1	Q4_1	374519008	20900000
library/qwen2.5-coder	qwen2.5-coder:0.5b-instruct-q4_1	Q4_1	374519168	20900000
library/qwen2.5-coder	qwen2.5-coder:0.5b-base-q4_K_S	Q4_K_S	385471712	20900000
library/qwen2.5-coder	qwen2.5-coder:0.5b-instruct-q4_K_S	Q4_K_S	385471872	20900000
library/qwen2.5-coder	qwen2.5-coder:0.5b-base-q5_0	Q5_0	396883168	20900000
library/qwen2.5-coder	qwen2.5-coder:0.5b-instruct-q5_0	Q5_0	396883328	20900000
library/qwen2.5-coder	qwen2.5-coder:0.5b-base-q4_K_M	Q4_K_M	397807840	20900000
library/qwen2.5-coder	qwen2.5-coder:0.5b	Q4_K_M	397808000	20900000
library/qwen2.5-coder	qwen2.5-coder:0.5b-base-q5_K_S	Q5_K_S	412710112	20900000
library/qwen2.5-coder	qwen2.5-coder:0.5b-instruct-q5_K_S	Q5_K_S	412710272	20900000
library/qwen2.5-coder	qwen2.5-coder:0.5b-base-q5_1	Q5_1	419247328	20900000
library/qwen2.5-coder	qwen2.5-coder:0.5b-instruct-q5_1	Q5_1	419247488	20900000
library/qwen2.5-coder	qwen2.5-coder:0.5b-base-q5_K_M	Q5_K_M	420085984	20900000
library/qwen2.5-coder	qwen2.5-coder:0.5b-instruct-q5_K_M	Q5_K_M	420086144	20900000
library/qwen2.5-coder	qwen2.5-coder:0.5b-base-q6_K	Q6_K	505736416	20900000
library/qwen2.5-coder	qwen2.5-coder:0.5b-instruct-q6_K	Q6_K	505736576	20900000
library/qwen2.5-coder	qwen2.5-coder:0.5b-base	Q8_0	531068128	20900000
library/qwen2.5-coder	qwen2.5-coder:0.5b-instruct-q8_0	Q8_0	531068288	20900000
library/qwen2.5-coder	qwen2.5-coder:1.5b-base-q2_K	Q2_K	676304896	20900000
library/qwen2.5-coder	qwen2.5-coder:1.5b-instruct-q2_K	Q2_K	676304960	20900000
library/qwen2.5-coder	qwen2.5-coder:1.5b-base-q3_K_S	Q3_K_S	760944640	20900000
library/qwen2.5-coder	qwen2.5-coder:1.5b-instruct-q3_K_S	Q3_K_S	760944704	20900000
library/qwen2.5-coder	qwen2.5-coder:1.5b-base-q3_K_M	Q3_K_M	824178688	20900000
library/qwen2.5-coder	qwen2.5-coder:1.5b-instruct-q3_K_M	Q3_K_M	824178752	20900000
library/qwen2.5-coder	qwen2.5-coder:1.5b-base-q3_K_L	Q3_K_L	880162816	20900000
library/qwen2.5-coder	qwen2.5-coder:1.5b-instruct-q3_K_L	Q3_K_L	880162880	20900000
library/qwen2.5-coder	qwen2.5-coder:1.5b-base-q4_0	Q4_0	934955008	20900000
library/qwen2.5-coder	qwen2.5-coder:1.5b-instruct-q4_0	Q4_0	934955072	20900000
library/qwen2.5-coder	qwen2.5-coder:1.5b-base-q4_K_S	Q4_K_S	940312576	20900000
library/qwen2.5-coder	qwen2.5-coder:1.5b-instruct-q4_K_S	Q4_K_S	940312640	20900000
library/qwen2.5-coder	qwen2.5-coder:1.5b-base	Q4_K_M	986048512	20900000
library/qwen2.5-coder	qwen2.5-coder:1.5b	Q4_K_M	986048576	20900000
library/qwen2.5-coder	qwen2.5-coder:0.5b-base-fp16	F16	994156768	20900000
library/qwen2.5-coder	qwen2.5-coder:0.5b-instruct-fp16	F16	994156928	20900000
library/qwen2.5-coder	qwen2.5-coder:1.5b-base-q4_1	Q4_1	1016842240	20900000
library/qwen2.5-coder	qwen2.5-coder:1.5b-instruct-q4_1	Q4_1	1016842304	20900000
library/qwen2.5-coder	qwen2.5-coder:1.5b-base-q5_0	Q5_0	1098729472	20900000
library/qwen2.5-coder	qwen2.5-coder:1.5b-base-q5_K_S	Q5_K_S	1098729472	20900000
library/qwen2.5-coder	qwen2.5-coder:1.5b-instruct-q5_0	Q5_0	1098729536	20900000
library/qwen2.5-coder	qwen2.5-coder:1.5b-instruct-q5_K_S	Q5_K_S	1098729536	20900000
library/qwen2.5-coder	qwen2.5-coder:1.5b-base-q5_K_M	Q5_K_M	1125050368	20900000
library/qwen2.5-coder	qwen2.5-coder:1.5b-instruct-q5_K_M	Q5_K_M	1125050432	20900000
library/qwen2.5-coder	qwen2.5-coder:1.5b-base-q5_1	Q5_1	1180616704	20900000
library/qwen2.5-coder	qwen2.5-coder:1.5b-instruct-q5_1	Q5_1	1180616768	20900000
library/qwen2.5-coder	qwen2.5-coder:1.5b-base-q6_K	Q6_K	1272739840	20900000
library/qwen2.5-coder	qwen2.5-coder:1.5b-instruct-q6_K	Q6_K	1272739904	20900000
library/qwen2.5-coder	qwen2.5-coder:3b-base-q2_K	Q2_K	1274755904	20900000
library/qwen2.5-coder	qwen2.5-coder:3b-instruct-q2_K	Q2_K	1274756064	20900000
library/qwen2.5-coder	qwen2.5-coder:3b-base-q3_K_S	Q3_K_S	1454357312	20900000
library/qwen2.5-coder	qwen2.5-coder:3b-instruct-q3_K_S	Q3_K_S	1454357472	20900000
library/qwen2.5-coder	qwen2.5-coder:3b-base-q3_K_M	Q3_K_M	1590475584	20900000
library/qwen2.5-coder	qwen2.5-coder:3b-instruct-q3_K_M	Q3_K_M	1590475744	20900000
library/qwen2.5-coder	qwen2.5-coder:1.5b-base-q8_0	Q8_0	1646573056	20900000
library/qwen2.5-coder	qwen2.5-coder:1.5b-instruct-q8_0	Q8_0	1646573120	20900000
library/qwen2.5-coder	qwen2.5-coder:3b-base-q3_K_L	Q3_K_L	1707391808	20900000
library/qwen2.5-coder	qwen2.5-coder:3b-instruct-q3_K_L	Q3_K_L	1707391968	20900000
library/qwen2.5-coder	qwen2.5-coder:3b-base-q4_0	Q4_0	1822849856	20900000
library/qwen2.5-coder	qwen2.5-coder:3b-instruct-q4_0	Q4_0	1822850016	20900000
library/qwen2.5-coder	qwen2.5-coder:3b-base-q4_K_S	Q4_K_S	1834384192	20900000
library/qwen2.5-coder	qwen2.5-coder:3b-instruct-q4_K_S	Q4_K_S	1834384352	20900000
library/qwen2.5-coder	qwen2.5-coder:3b-base	Q4_K_M	1929902912	20900000
library/qwen2.5-coder	qwen2.5-coder:3b	Q4_K_M	1929903072	20900000
library/qwen2.5-coder	qwen2.5-coder:3b-base-q4_1	Q4_1	1996258112	20900000
library/qwen2.5-coder	qwen2.5-coder:3b-instruct-q4_1	Q4_1	1996258272	20900000
library/qwen2.5-coder	qwen2.5-coder:3b-base-q5_0	Q5_0	2169666368	20900000
library/qwen2.5-coder	qwen2.5-coder:3b-base-q5_K_S	Q5_K_S	2169666368	20900000
library/qwen2.5-coder	qwen2.5-coder:3b-instruct-q5_0	Q5_0	2169666528	20900000
library/qwen2.5-coder	qwen2.5-coder:3b-instruct-q5_K_S	Q5_K_S	2169666528	20900000
library/qwen2.5-coder	qwen2.5-coder:3b-base-q5_K_M	Q5_K_M	2224814912	20900000
library/qwen2.5-coder	qwen2.5-coder:3b-instruct-q5_K_M	Q5_K_M	2224815072	20900000
library/qwen2.5-coder	qwen2.5-coder:3b-base-q5_1	Q5_1	2343074624	20900000
library/qwen2.5-coder	qwen2.5-coder:3b-instruct-q5_1	Q5_1	2343074784	20900000
library/qwen2.5-coder	qwen2.5-coder:3b-base-q6_K	Q6_K	2538158912	20900000
library/qwen2.5-coder	qwen2.5-coder:3b-instruct-q6_K	Q6_K	2538159072	20900000
library/qwen2.5-coder	qwen2.5-coder:7b-base-q2_K	Q2_K	3015940512	20900000
library/qwen2.5-coder	qwen2.5-coder:7b-instruct-q2_K	Q2_K	3015940608	20900000
library/qwen2.5-coder	qwen2.5-coder:1.5b-base-fp16	F16	3093669376	20900000
library/qwen2.5-coder	qwen2.5-coder:1.5b-instruct-fp16	F16	3093669440	20900000
library/qwen2.5-coder	qwen2.5-coder:3b-base-q8_0	Q8_0	3285476160	20900000
library/qwen2.5-coder	qwen2.5-coder:3b-instruct-q8_0	Q8_0	3285476320	20900000
library/qwen2.5-coder	qwen2.5-coder:7b-base-q3_K_S	Q3_K_S	3492368800	20900000
library/qwen2.5-coder	qwen2.5-coder:7b-instruct-q3_K_S	Q3_K_S	3492368896	20900000
library/qwen2.5-coder	qwen2.5-coder:7b-base-q3_K_M	Q3_K_M	3808391584	20900000
library/qwen2.5-coder	qwen2.5-coder:7b-instruct-q3_K_M	Q3_K_M	3808391680	20900000
library/qwen2.5-coder	qwen2.5-coder:7b-base-q3_K_L	Q3_K_L	4088459680	20900000
library/qwen2.5-coder	qwen2.5-coder:7b-instruct-q3_K_L	Q3_K_L	4088459776	20900000
library/qwen2.5-coder	qwen2.5-coder:7b-base-q4_0	Q4_0	4431391136	20900000
library/qwen2.5-coder	qwen2.5-coder:7b-instruct-q4_0	Q4_0	4431391232	20900000
library/qwen2.5-coder	qwen2.5-coder:7b-base-q4_K_S	Q4_K_S	4457769376	20900000
library/qwen2.5-coder	qwen2.5-coder:7b-instruct-q4_K_S	Q4_K_S	4457769472	20900000
library/qwen2.5-coder	qwen2.5-coder:7b-base	Q4_K_M	4683073952	20900000
library/qwen2.5-coder	qwen2.5-coder:7b	Q4_K_M	4683074048	20900000
library/qwen2.5-coder	qwen2.5-coder:7b-base-q4_1	Q4_1	4873284000	20900000
library/qwen2.5-coder	qwen2.5-coder:7b-instruct-q4_1	Q4_1	4873284096	20900000
library/qwen2.5-coder	qwen2.5-coder:7b-base-q5_0	Q5_0	5315176864	20900000
library/qwen2.5-coder	qwen2.5-coder:7b-base-q5_K_S	Q5_K_S	5315176864	20900000
library/qwen2.5-coder	qwen2.5-coder:7b-instruct-q5_0	Q5_0	5315176960	20900000
library/qwen2.5-coder	qwen2.5-coder:7b-instruct-q5_K_S	Q5_K_S	5315176960	20900000
library/qwen2.5-coder	qwen2.5-coder:7b-base-q5_K_M	Q5_K_M	5444831648	20900000
library/qwen2.5-coder	qwen2.5-coder:7b-instruct-q5_K_M	Q5_K_M	5444831744	20900000
library/qwen2.5-coder	qwen2.5-coder:7b-base-q5_1	Q5_1	5757069728	20900000
library/qwen2.5-coder	qwen2.5-coder:7b-instruct-q5_1	Q5_1	5757069824	20900000
library/qwen2.5-coder	qwen2.5-coder:14b-base-q2_K	Q2_K	5770497824	20900000
library/qwen2.5-coder	qwen2.5-coder:14b-instruct-q2_K	Q2_K	5770497984	20900000
library/qwen2.5-coder	qwen2.5-coder:3b-base-fp16	F16	6178317120	20900000
library/qwen2.5-coder	qwen2.5-coder:3b-instruct-fp16	F16	6178317280	20900000
library/qwen2.5-coder	qwen2.5-coder:7b-base-q6_K	Q6_K	6254199200	20900000
library/qwen2.5-coder	qwen2.5-coder:7b-instruct-q6_K	Q6_K	6254199296	20900000
library/qwen2.5-coder	qwen2.5-coder:14b-base-q3_K_S	Q3_K_S	6659596064	20900000
library/qwen2.5-coder	qwen2.5-coder:14b-instruct-q3_K_S	Q3_K_S	6659596224	20900000
library/qwen2.5-coder	qwen2.5-coder:14b-base-q3_K_M	Q3_K_M	7339204384	20900000
library/qwen2.5-coder	qwen2.5-coder:14b-instruct-q3_K_M	Q3_K_M	7339204544	20900000
library/qwen2.5-coder	qwen2.5-coder:14b-base-q3_K_L	Q3_K_L	7924768544	20900000
library/qwen2.5-coder	qwen2.5-coder:14b-instruct-q3_K_L	Q3_K_L	7924768704	20900000
library/qwen2.5-coder	qwen2.5-coder:7b-base-q8_0	Q8_0	8098525600	20900000
library/qwen2.5-coder	qwen2.5-coder:7b-instruct-q8_0	Q8_0	8098525696	20900000
library/qwen2.5-coder	qwen2.5-coder:14b-base-q4_0	Q4_0	8517725984	20900000
library/qwen2.5-coder	qwen2.5-coder:14b-instruct-q4_0	Q4_0	8517726144	20900000
library/qwen2.5-coder	qwen2.5-coder:14b-base-q4_K_S	Q4_K_S	8573431584	20900000
library/qwen2.5-coder	qwen2.5-coder:14b-instruct-q4_K_S	Q4_K_S	8573431744	20900000
library/qwen2.5-coder	qwen2.5-coder:14b-base	Q4_K_M	8988110624	20900000
library/qwen2.5-coder	qwen2.5-coder:14b	Q4_K_M	8988110784	20900000
library/qwen2.5-coder	qwen2.5-coder:14b-base-q4_1	Q4_1	9392140064	20900000
library/qwen2.5-coder	qwen2.5-coder:14b-instruct-q4_1	Q4_1	9392140224	20900000
library/qwen2.5-coder	qwen2.5-coder:14b-base-q5_0	Q5_0	10266554144	20900000
library/qwen2.5-coder	qwen2.5-coder:14b-base-q5_K_S	Q5_K_S	10266554144	20900000
library/qwen2.5-coder	qwen2.5-coder:14b-instruct-q5_0	Q5_0	10266554304	20900000
library/qwen2.5-coder	qwen2.5-coder:14b-instruct-q5_K_S	Q5_K_S	10266554304	20900000
library/qwen2.5-coder	qwen2.5-coder:14b-base-q5_K_M	Q5_K_M	10508873504	20900000
library/qwen2.5-coder	qwen2.5-coder:14b-instruct-q5_K_M	Q5_K_M	10508873664	20900000
library/qwen2.5-coder	qwen2.5-coder:14b-base-q5_1	Q5_1	11140968224	20900000
library/qwen2.5-coder	qwen2.5-coder:14b-instruct-q5_1	Q5_1	11140968384	20900000
library/qwen2.5-coder	qwen2.5-coder:14b-base-q6_K	Q6_K	12124684064	20900000
library/qwen2.5-coder	qwen2.5-coder:14b-instruct-q6_K	Q6_K	12124684224	20900000
library/qwen2.5-coder	qwen2.5-coder:32b-base-q2_K	Q2_K	12313098784	20900000
library/qwen2.5-coder	qwen2.5-coder:32b-instruct-q2_K	Q2_K	12313098944	20900000
library/qwen2.5-coder	qwen2.5-coder:32b-base-q3_K_S	Q3_K_S	14392330784	20900000
library/qwen2.5-coder	qwen2.5-coder:32b-instruct-q3_K_S	Q3_K_S	14392330944	20900000
library/qwen2.5-coder	qwen2.5-coder:7b-base-fp16	F16	15237853600	20900000
library/qwen2.5-coder	qwen2.5-coder:7b-instruct-fp16	F16	15237853696	20900000
library/qwen2.5-coder	qwen2.5-coder:14b-base-q8_0	Q8_0	15701597984	20900000
library/qwen2.5-coder	qwen2.5-coder:14b-instruct-q8_0	Q8_0	15701598144	20900000
library/qwen2.5-coder	qwen2.5-coder:32b-base-q3_K_M	Q3_K_M	15935048224	20900000
library/qwen2.5-coder	qwen2.5-coder:32b-instruct-q3_K_M	Q3_K_M	15935048384	20900000
library/qwen2.5-coder	qwen2.5-coder:32b-base-q3_K_L	Q3_K_L	17247078944	20900000
library/qwen2.5-coder	qwen2.5-coder:32b-instruct-q3_K_L	Q3_K_L	17247079104	20900000
library/qwen2.5-coder	qwen2.5-coder:32b-base-q4_0	Q4_0	18640230944	20900000
library/qwen2.5-coder	qwen2.5-coder:32b-instruct-q4_0	Q4_0	18640231104	20900000
library/qwen2.5-coder	qwen2.5-coder:32b-base-q4_K_S	Q4_K_S	18784410144	20900000
library/qwen2.5-coder	qwen2.5-coder:32b-instruct-q4_K_S	Q4_K_S	18784410304	20900000
library/qwen2.5-coder	qwen2.5-coder:32b-base	Q4_K_M	19851336224	20900000
library/qwen2.5-coder	qwen2.5-coder:32b	Q4_K_M	19851336384	20900000
library/qwen2.5-coder	qwen2.5-coder:32b-base-q4_1	Q4_1	20639242784	20900000
library/qwen2.5-coder	qwen2.5-coder:32b-instruct-q4_1	Q4_1	20639242944	20900000
library/qwen2.5-coder	qwen2.5-coder:32b-base-q5_0	Q5_0	22638254624	20900000
library/qwen2.5-coder	qwen2.5-coder:32b-base-q5_K_S	Q5_K_S	22638254624	20900000
library/qwen2.5-coder	qwen2.5-coder:32b-instruct-q5_0	Q5_0	22638254784	20900000
library/qwen2.5-coder	qwen2.5-coder:32b-instruct-q5_K_S	Q5_K_S	22638254784	20900000
library/qwen2.5-coder	qwen2.5-coder:32b-base-q5_K_M	Q5_K_M	23262157344	20900000
library/qwen2.5-coder	qwen2.5-coder:32b-instruct-q5_K_M	Q5_K_M	23262157504	20900000
library/qwen2.5-coder	qwen2.5-coder:32b-base-q5_1	Q5_1	24637266464	20900000
library/qwen2.5-coder	qwen2.5-coder:32b-instruct-q5_1	Q5_1	24637266624	20900000
library/qwen2.5-coder	qwen2.5-coder:32b-base-q6_K	Q6_K	26886154784	20900000
library/qwen2.5-coder	qwen2.5-coder:32b-instruct-q6_K	Q6_K	26886154944	20900000
library/qwen2.5-coder	qwen2.5-coder:14b-base-fp16	F16	29547716384	20900000
library/qwen2.5-coder	qwen2.5-coder:14b-instruct-fp16	F16	29547716544	20900000
library/qwen2.5-coder	qwen2.5-coder:32b-base-q8_0	Q8_0	34820885024	20900000
library/qwen2.5-coder	qwen2.5-coder:32b-instruct-q8_0	Q8_0	34820885184	20900000
library/qwen2.5-coder	qwen2.5-coder:32b-base-fp16	F16	65535969824	20900000
library/qwen2.5-coder	qwen2.5-coder:32b-instruct-fp16	F16	65535969984	20900000
library/qwen2.5vl	qwen2.5vl:3b	Q4_K_M	3200614720	4700000
library/qwen2.5vl	qwen2.5vl:3b-q8_0	Q8_0	4575356736	4700000
library/qwen2.5vl	qwen2.5vl:7b	Q4_K_M	5969233408	4700000
library/qwen2.5vl	qwen2.5vl:3b-fp16	F16	7517349664	4700000
library/qwen2.5vl	qwen2.5vl:7b-q8_0	Q8_0	9404141056	4700000
library/qwen2.5vl	qwen2.5vl:7b-fp16	F16	16592620992	4700000
library/qwen2.5vl	qwen2.5vl:32b	Q4_K_M	21159298208	4700000
library/qwen2.5vl	qwen2.5vl:32b-q8_0	Q8_0	36151090848	4700000
library/qwen2.5vl	qwen2.5vl:72b	Q4_K_M	48709030400	4700000
library/qwen2.5vl	qwen2.5vl:32b-fp16	F16	66915327616	4700000
library/qwen2.5vl	qwen2.5vl:72b-q8_0	Q8_0	78624287232	4700000
library/qwen2.5vl	qwen2.5vl:72b-fp16	F16	146833500544	4700000
library/qwen3	qwen3:0.6b	Q4_K_M	522640096	36100000
library/qwen3	qwen3:0.6b-q8_0	Q8_0	832278240	36100000
library/qwen3	qwen3:1.7b	Q4_K_M	1359279776	36100000
library/qwen3	qwen3:0.6b-fp16	F16	1509347040	36100000
library/qwen3	qwen3:1.7b-q8_0	Q8_0	2220088992	36100000
library/qwen3	qwen3:4b	Q4_K_M	2497280480	36100000
library/qwen3	qwen3:4b-instruct	Q4_K_M	2497280480	36100000
library/qwen3	qwen3:4b-q4_K_M	Q4_K_M	2620774592	36100000
library/qwen3	qwen3:1.7b-fp16	F16	4069678752	36100000
library/qwen3	qwen3:4b-instruct-2507-q8_0	Q8_0	4280404960	36100000
library/qwen3	qwen3:4b-thinking-2507-q8_0	Q8_0	4280404960	36100000
library/qwen3	qwen3:4b-q8_0	Q8_0	4368878272	36100000
library/qwen3	qwen3:8b	Q4_K_M	5225374496	36100000
library/qwen3	qwen3:4b-fp16	F16	8051284672	36100000
library/qwen3	qwen3:4b-instruct-2507-fp16	F16	8051284928	36100000
library/qwen3	qwen3:4b-thinking-2507-fp16	F16	8051284928	36100000
library/qwen3	qwen3:8b-q8_0	Q8_0	8851075872	36100000
library/qwen3	qwen3:14b	Q4_K_M	9276184896	36100000
library/qwen3	qwen3:14b-q8_0	Q8_0	15895141696	36100000
library/qwen3	qwen3:8b-fp16	F16	16388043552	36100000
library/qwen3	qwen3:30b	Q4_K_M	18556685856	36100000
library/qwen3	qwen3:30b-instruct	Q4_K_M	18556685856	36100000
library/qwen3	qwen3:30b-a3b-q4_K_M	Q4_K_M	18622549504	36100000
library/qwen3	qwen3:32b	Q4_K_M	20201240160	36100000
library/qwen3	qwen3:14b-fp16	F16	29543423296	36100000
library/qwen3	qwen3:30b-a3b-instruct-2507-q8_0	Q8_0	32483931680	36100000
library/qwen3	qwen3:30b-a3b-thinking-2507-q8_0	Q8_0	32483931680	36100000
library/qwen3	qwen3:30b-a3b-q8_0	Q8_0	32531117568	36100000
library/qwen3	qwen3:32b-q8_0	Q8_0	35132291680	36100000
library/qwen3	qwen3:30b-a3b-fp16	F16	61095802368	36100000
library/qwen3	qwen3:30b-a3b-instruct-2507-fp16	F16	61095802368	36100000
library/qwen3	qwen3:30b-a3b-thinking-2507-fp16	F16	61095802368	36100000
library/qwen3	qwen3:32b-fp16	F16	65531574880	36100000
library/qwen3	qwen3:235b-instruct	Q4_K_M	142154073632	36100000
library/qwen3	qwen3:235b	Q4_K_M	142154073664	36100000
library/qwen3	qwen3:235b-a22b-q4_K_M	Q4_K_M	142412580544	36100000
library/qwen3	qwen3:235b-a22b-instruct-2507-q8_0	Q8_0	249940104736	36100000
library/qwen3	qwen3:235b-a22b-thinking-2507-q8_0	Q8_0	249940104768	36100000
library/qwen3	qwen3:235b-a22b-q8_0	Q8_0	250124916416	36100000
library/qwen3	qwen3:235b-a22b-thinking-2507-fp16	F16	470293435904	36100000
library/qwen3	qwen3:235b-a22b-fp16	F16	470293436096	36100000
library/qwen3-coder	qwen3-coder:30b	Q4_K_M	18556688736	8900000
library/qwen3-coder	qwen3-coder:30b-a3b-q8_0	Q8_0	32483934560	8900000
library/qwen3-coder	qwen3-coder:30b-a3b-fp16	F16	61095805248	8900000
library/qwen3-coder	qwen3-coder:480b	Q4_K_M	290058824416	8900000
library/qwen3-coder	qwen3-coder:480b-a35b-q8_0	Q8_0	510351876832	8900000
library/qwen3-coder	qwen3-coder:480b-a35b-fp16	F16	960439198368	8900000
library/qwen3-coder-next	qwen3-coder-next:q4_K_M	Q4_K_M	51741599936	2000000
library/qwen3-coder-next	qwen3-coder-next:q8_0	Q8_0	84812664640	2000000
library/qwen3-embedding	qwen3-embedding:0.6b	Q8_0	639150592	3800000
library/qwen3-embedding	qwen3-embedding:0.6b-fp16	F16	1197629632	3800000
library/qwen3-embedding	qwen3-embedding:4b	Q4_K_M	2496703776	3800000
library/qwen3-embedding	qwen3-embedding:4b-q8_0	Q8_0	4279660224	3800000
library/qwen3-embedding	qwen3-embedding:8b	Q4_K_M	4676804928	3800000
library/qwen3-embedding	qwen3-embedding:8b-q8_0	Q8_0	8047105824	3800000
library/qwen3-embedding	qwen3-embedding:4b-fp16	F16	8049889824	3800000
library/qwen3-embedding	qwen3-embedding:8b-fp16	F16	15141156384	3800000
library/qwen3-vl	qwen3-vl:2b	Q4_K_M	1889496384	5600000
library/qwen3-vl	qwen3-vl:2b-instruct	Q4_K_M	1889496480	5600000
library/qwen3-vl	qwen3-vl:2b-thinking-q8_0	Q8_0	2626123072	5600000
library/qwen3-vl	qwen3-vl:2b-instruct-q8_0	Q8_0	2626123168	5600000
library/qwen3-vl	qwen3-vl:4b	Q4_K_M	3295612832	5600000
library/qwen3-vl	qwen3-vl:4b-instruct	Q4_K_M	3295612928	5600000
library/qwen3-vl	qwen3-vl:2b-thinking-bf16	BF16	4262638880	5600000
library/qwen3-vl	qwen3-vl:2b-instruct-bf16	BF16	4262638976	5600000
library/qwen3-vl	qwen3-vl:4b-thinking-q8_0	Q8_0	5088887200	5600000
library/qwen3-vl	qwen3-vl:4b-instruct-q8_0	Q8_0	5088887296	5600000
library/qwen3-vl	qwen3-vl:8b	Q4_K_M	6140392576	5600000
library/qwen3-vl	qwen3-vl:8b-instruct	Q4_K_M	6140392672	5600000
library/qwen3-vl	qwen3-vl:4b-thinking-bf16	BF16	8883360128	5600000
library/qwen3-vl	qwen3-vl:4b-instruct-bf16	BF16	8883360224	5600000
library/qwen3-vl	qwen3-vl:8b-thinking-q8_0	Q8_0	9830261888	5600000
library/qwen3-vl	qwen3-vl:8b-instruct-q8_0	Q8_0	9830261984	5600000
library/qwen3-vl	qwen3-vl:8b-thinking-bf16	BF16	17542379584	5600000
library/qwen3-vl	qwen3-vl:8b-instruct-bf16	BF16	17542379680	5600000
library/qwen3-vl	qwen3-vl:30b	Q4_K_M	19595386752	5600000
library/qwen3-vl	qwen3-vl:30b-a3b-instruct	Q4_K_M	19595386816	5600000
library/qwen3-vl	qwen3-vl:32b	Q4_K_M	20910274496	5600000
library/qwen3-vl	qwen3-vl:32b-instruct	Q4_K_M	20910274592	5600000
library/qwen3-vl	qwen3-vl:30b-a3b-thinking-q8_0	Q8_0	33529145216	5600000
library/qwen3-vl	qwen3-vl:30b-a3b-instruct-q8_0	Q8_0	33529145280	5600000
library/qwen3-vl	qwen3-vl:32b-thinking-q8_0	Q8_0	35976227776	5600000
library/qwen3-vl	qwen3-vl:32b-instruct-q8_0	Q8_0	35976227872	5600000
library/qwen3-vl	qwen3-vl:30b-a3b-thinking-bf16	BF16	62174608192	5600000
library/qwen3-vl	qwen3-vl:30b-a3b-instruct-bf16	BF16	62174608288	5600000
library/qwen3-vl	qwen3-vl:32b-thinking-bf16	BF16	66723676064	5600000
library/qwen3-vl	qwen3-vl:32b-instruct-bf16	BF16	66723676160	5600000
library/qwen3-vl	qwen3-vl:235b	Q4_K_M	143268630400	5600000
library/qwen3-vl	qwen3-vl:235b-a22b-instruct	Q4_K_M	143268630496	5600000
library/qwen3-vl	qwen3-vl:235b-a22b-thinking-q8_0	Q8_0	251060848512	5600000
library/qwen3-vl	qwen3-vl:235b-a22b-instruct-q8_0	Q8_0	251060848608	5600000
library/qwen3-vl	qwen3-vl:235b-a22b-thinking-bf16	BF16	471447771968	5600000
library/qwen3-vl	qwen3-vl:235b-a22b-instruct-bf16	BF16	471447772064	5600000
library/qwen3.5	qwen3.5:0.8b	Q8_0	1036034688	19100000
library/qwen3.5	qwen3.5:0.8b-bf16	BF16	1760105024	19100000
library/qwen3.5	qwen3.5:2b-q4_K_M	Q4_K_M	1945311744	19100000
library/qwen3.5	qwen3.5:2b	Q8_0	2741180928	19100000
library/qwen3.5	qwen3.5:4b	Q4_K_M	3389971840	19100000
library/qwen3.5	qwen3.5:2b-bf16	BF16	4561893824	19100000
library/qwen3.5	qwen3.5:4b-q8_0	Q8_0	5279282560	19100000
library/qwen3.5	qwen3.5:9b	Q4_K_M	6594462816	19100000
library/qwen3.5	qwen3.5:4b-bf16	BF16	9334322528	19100000
library/qwen3.5	qwen3.5:9b-q8_0	Q8_0	10699916384	19100000
library/qwen3.5	qwen3.5:27b	Q4_K_M	17420420832	19100000
library/qwen3.5	qwen3.5:9b-bf16	BF16	19321177152	19100000
library/qwen3.5	qwen3.5:35b	Q4_K_M	23869179840	19100000
library/qwen3.5	qwen3.5:27b-q8_0	Q8_0	29970380512	19100000
library/qwen3.5	qwen3.5:35b-a3b-q8_0	Q8_0	38697019328	19100000
library/qwen3.5	qwen3.5:27b-bf16	BF16	55581030080	19100000
library/qwen3.5	qwen3.5:35b-a3b-bf16	BF16	71961864096	19100000
library/qwen3.5	qwen3.5:122b	Q4_K_M	81370024480	19100000
library/qwen3.6	qwen3.6:27b	Q4_K_M	16837919680	6400000
library/qwen3.6	qwen3.6:27b-q4_K_M	Q4_K_M	17420420832	6400000
library/qwen3.6	qwen3.6:35b	Q4_K_M	21718480960	6400000
library/qwen3.6	qwen3.6:35b-a3b-q4_K_M	Q4_K_M	23938321664	6400000
library/qwen3.6	qwen3.6:27b-mtp-q8_0	Q8_0	29048075200	6400000
library/qwen3.6	qwen3.6:27b-q8_0	Q8_0	29970380512	6400000
library/qwen3.6	qwen3.6:35b-a3b-mtp-q8_0	Q8_0	37802973248	6400000
library/qwen3.6	qwen3.6:35b-a3b-q8_0	Q8_0	38696955136	6400000
library/qwen3.6	qwen3.6:27b-mtp-bf16	BF16	54658724800	6400000
library/qwen3.6	qwen3.6:27b-bf16	BF16	55581030080	6400000
library/qwen3.6	qwen3.6:35b-a3b-mtp-bf16	BF16	71067818048	6400000
library/qwen3.6	qwen3.6:35b-a3b-bf16	BF16	71361858816	6400000
library/qwen3.8	qwen3.8:27b	Q4_K_M	16810714464	1400000
library/qwen3.8	qwen3.8:27b-q8_0	Q8_0	29047084384	1400000
library/qwen3.8	qwen3.8:27b-bf16	BF16	54657733984	1400000
library/qwq	qwq:32b-preview-q4_K_M	Q4_K_M	19851336352	2300000
library/qwq	qwq:32b	Q4_K_M	19851336480	2300000
library/qwq	qwq:32b-preview-q8_0	Q8_0	34820885152	2300000
library/qwq	qwq:32b-q8_0	Q8_0	34820885280	2300000
library/qwq	qwq:32b-preview-fp16	F16	65535969952	2300000
library/qwq	qwq:32b-fp16	F16	65535970080	2300000
library/reader-lm	reader-lm:0.5b-q3_K_S	Q3_K_S	338260768	925000
library/reader-lm	reader-lm:0.5b-q2_K	Q2_K	338604832	925000
library/reader-lm	reader-lm:0.5b	Q4_0	352152352	925000
library/reader-lm	reader-lm:0.5b-q3_K_M	Q3_K_M	355463968	925000
library/reader-lm	reader-lm:0.5b-q3_K_L	Q3_K_L	369355552	925000
library/reader-lm	reader-lm:0.5b-q4_1	Q4_1	374516512	925000
library/reader-lm	reader-lm:0.5b-q4_K_S	Q4_K_S	385469216	925000
library/reader-lm	reader-lm:0.5b-q5_0	Q5_0	396880672	925000
library/reader-lm	reader-lm:0.5b-q4_K_M	Q4_K_M	397805344	925000
library/reader-lm	reader-lm:0.5b-q5_K_S	Q5_K_S	412707616	925000
library/reader-lm	reader-lm:0.5b-q5_1	Q5_1	419244832	925000
library/reader-lm	reader-lm:0.5b-q5_K_M	Q5_K_M	420083488	925000
library/reader-lm	reader-lm:0.5b-q6_K	Q6_K	505733920	925000
library/reader-lm	reader-lm:0.5b-q8_0	Q8_0	531065632	925000
library/reader-lm	reader-lm:1.5b-q2_K	Q2_K	676302304	925000
library/reader-lm	reader-lm:1.5b-q3_K_S	Q3_K_S	760942048	925000
library/reader-lm	reader-lm:1.5b-q3_K_M	Q3_K_M	824176096	925000
library/reader-lm	reader-lm:1.5b-q3_K_L	Q3_K_L	880160224	925000
library/reader-lm	reader-lm:1.5b	Q4_0	934952416	925000
library/reader-lm	reader-lm:1.5b-q4_K_S	Q4_K_S	940309984	925000
library/reader-lm	reader-lm:1.5b-q4_K_M	Q4_K_M	986045920	925000
library/reader-lm	reader-lm:0.5b-fp16	F16	994154272	925000
library/reader-lm	reader-lm:1.5b-q4_1	Q4_1	1016839648	925000
library/reader-lm	reader-lm:1.5b-q5_0	Q5_0	1098726880	925000
library/reader-lm	reader-lm:1.5b-q5_K_S	Q5_K_S	1098726880	925000
library/reader-lm	reader-lm:1.5b-q5_K_M	Q5_K_M	1125047776	925000
library/reader-lm	reader-lm:1.5b-q5_1	Q5_1	1180614112	925000
library/reader-lm	reader-lm:1.5b-q6_K	Q6_K	1272737248	925000
library/reader-lm	reader-lm:1.5b-q8_0	Q8_0	1646570464	925000
library/reader-lm	reader-lm:1.5b-fp16	F16	3093666784	925000
library/reflection	reflection:70b-q2_K	Q2_K	26375169824	614900
library/reflection	reflection:70b-q3_K_S	Q3_K_S	30912117408	614900
library/reflection	reflection:70b-q3_K_M	Q3_K_M	34267560608	614900
library/reflection	reflection:70b-q3_K_L	Q3_K_L	37140658848	614900
library/reflection	reflection:70b	Q4_0	39969805344	614900
library/reflection	reflection:70b-q4_K_S	Q4_K_S	40347292704	614900
library/reflection	reflection:70b-q4_K_M	Q4_K_M	42520466464	614900
library/reflection	reflection:70b-q4_1	Q4_1	44313665568	614900
library/reflection	reflection:70b-q5_0	Q5_0	48657525792	614900
library/reflection	reflection:70b-q5_K_S	Q5_K_S	48657525792	614900
library/reflection	reflection:70b-q5_K_M	Q5_K_M	49949895712	614900
library/reflection	reflection:70b-q5_1	Q5_1	53001386016	614900
library/reflection	reflection:70b-q6_K	Q6_K	57888228768	614900
library/reflection	reflection:70b-q8_0	Q8_0	74975158944	614900
library/reflection	reflection:70b-fp16	F16	141118114464	614900
library/samantha-mistral	samantha-mistral:7b-instruct-q2_K	Q2_K	3083097664	1000000
library/samantha-mistral	samantha-mistral:7b-text-q2_K	Q2_K	3083097664	1000000
library/samantha-mistral	samantha-mistral:7b-v1.2-text-q2_K	Q2_K	3083107136	1000000
library/samantha-mistral	samantha-mistral:7b-instruct-q3_K_S	Q3_K_S	3164567104	1000000
library/samantha-mistral	samantha-mistral:7b-text-q3_K_S	Q3_K_S	3164567104	1000000
library/samantha-mistral	samantha-mistral:7b-v1.2-text-q3_K_S	Q3_K_S	3164577408	1000000
library/samantha-mistral	samantha-mistral:7b-instruct-q3_K_M	Q3_K_M	3518985792	1000000
library/samantha-mistral	samantha-mistral:7b-text-q3_K_M	Q3_K_M	3518985792	1000000
library/samantha-mistral	samantha-mistral:7b-v1.2-text-q3_K_M	Q3_K_M	3518996096	1000000
library/samantha-mistral	samantha-mistral:7b-instruct-q3_K_L	Q3_K_L	3822024256	1000000
library/samantha-mistral	samantha-mistral:7b-text-q3_K_L	Q3_K_L	3822024256	1000000
library/samantha-mistral	samantha-mistral:7b-v1.2-text-q3_K_L	Q3_K_L	3822034560	1000000
library/samantha-mistral	samantha-mistral:7b-instruct-q4_0	Q4_0	4108916288	1000000
library/samantha-mistral	samantha-mistral:7b-text	Q4_0	4108916288	1000000
library/samantha-mistral	samantha-mistral:7b	Q4_0	4108927680	1000000
library/samantha-mistral	samantha-mistral:7b-instruct-q4_K_S	Q4_K_S	4140373568	1000000
library/samantha-mistral	samantha-mistral:7b-text-q4_K_S	Q4_K_S	4140373568	1000000
library/samantha-mistral	samantha-mistral:7b-v1.2-text-q4_K_S	Q4_K_S	4140384960	1000000
library/samantha-mistral	samantha-mistral:7b-instruct-q4_K_M	Q4_K_M	4368438848	1000000
library/samantha-mistral	samantha-mistral:7b-text-q4_K_M	Q4_K_M	4368438848	1000000
library/samantha-mistral	samantha-mistral:7b-v1.2-text-q4_K_M	Q4_K_M	4368450240	1000000
library/samantha-mistral	samantha-mistral:7b-instruct-q4_1	Q4_1	4553315904	1000000
library/samantha-mistral	samantha-mistral:7b-text-q4_1	Q4_1	4553315904	1000000
library/samantha-mistral	samantha-mistral:7b-v1.2-text-q4_1	Q4_1	4553327808	1000000
library/samantha-mistral	samantha-mistral:7b-instruct-q5_0	Q5_0	4997715520	1000000
library/samantha-mistral	samantha-mistral:7b-instruct-q5_K_S	Q5_K_S	4997715520	1000000
library/samantha-mistral	samantha-mistral:7b-text-q5_0	Q5_0	4997715520	1000000
library/samantha-mistral	samantha-mistral:7b-text-q5_K_S	Q5_K_S	4997715520	1000000
library/samantha-mistral	samantha-mistral:7b-v1.2-text-q5_0	Q5_0	4997727936	1000000
library/samantha-mistral	samantha-mistral:7b-v1.2-text-q5_K_S	Q5_K_S	4997727936	1000000
library/samantha-mistral	samantha-mistral:7b-instruct-q5_K_M	Q5_K_M	5131408960	1000000
library/samantha-mistral	samantha-mistral:7b-text-q5_K_M	Q5_K_M	5131408960	1000000
library/samantha-mistral	samantha-mistral:7b-v1.2-text-q5_K_M	Q5_K_M	5131421376	1000000
library/samantha-mistral	samantha-mistral:7b-instruct-q5_1	Q5_1	5442115136	1000000
library/samantha-mistral	samantha-mistral:7b-text-q5_1	Q5_1	5442115136	1000000
library/samantha-mistral	samantha-mistral:7b-v1.2-text-q5_1	Q5_1	5442128064	1000000
library/samantha-mistral	samantha-mistral:7b-instruct-q6_K	Q6_K	5942064704	1000000
library/samantha-mistral	samantha-mistral:7b-text-q6_K	Q6_K	5942064704	1000000
library/samantha-mistral	samantha-mistral:7b-v1.2-text-q6_K	Q6_K	5942078208	1000000
library/samantha-mistral	samantha-mistral:7b-instruct-q8_0	Q8_0	7695857216	1000000
library/samantha-mistral	samantha-mistral:7b-text-q8_0	Q8_0	7695857216	1000000
library/samantha-mistral	samantha-mistral:7b-v1.2-text-q8_0	Q8_0	7695874688	1000000
library/samantha-mistral	samantha-mistral:7b-instruct-fp16	F16	14484731424	1000000
library/samantha-mistral	samantha-mistral:7b-text-fp16	F16	14484731424	1000000
library/samantha-mistral	samantha-mistral:7b-v1.2-text-fp16	F16	14484764256	1000000
library/shieldgemma	shieldgemma:2b-q2_K	Q2_K	1229830560	928900
library/shieldgemma	shieldgemma:2b-q3_K_S	Q3_K_S	1360660896	928900
library/shieldgemma	shieldgemma:2b-q3_K_M	Q3_K_M	1461668256	928900
library/shieldgemma	shieldgemma:2b-q3_K_L	Q3_K_L	1550436768	928900
library/shieldgemma	shieldgemma:2b-q4_0	Q4_0	1629510048	928900
library/shieldgemma	shieldgemma:2b-q4_K_S	Q4_K_S	1638652320	928900
library/shieldgemma	shieldgemma:2b	Q4_K_M	1708583328	928900
library/shieldgemma	shieldgemma:2b-q4_1	Q4_1	1756027296	928900
library/shieldgemma	shieldgemma:2b-q5_0	Q5_0	1882544544	928900
library/shieldgemma	shieldgemma:2b-q5_K_S	Q5_K_S	1882544544	928900
library/shieldgemma	shieldgemma:2b-q5_K_M	Q5_K_M	1923279264	928900
library/shieldgemma	shieldgemma:2b-q5_1	Q5_1	2009061792	928900
library/shieldgemma	shieldgemma:2b-q6_K	Q6_K	2151393696	928900
library/shieldgemma	shieldgemma:2b-q8_0	Q8_0	2784496032	928900
library/shieldgemma	shieldgemma:9b-q2_K	Q2_K	3805398784	928900
library/shieldgemma	shieldgemma:9b-q3_K_S	Q3_K_S	4337665792	928900
library/shieldgemma	shieldgemma:9b-q3_K_M	Q3_K_M	4761782016	928900
library/shieldgemma	shieldgemma:9b-q3_K_L	Q3_K_L	5132453632	928900
library/shieldgemma	shieldgemma:2b-fp16	F16	5235214752	928900
library/shieldgemma	shieldgemma:9b-q4_0	Q4_0	5443143424	928900
library/shieldgemma	shieldgemma:9b-q4_K_S	Q4_K_S	5478926080	928900
library/shieldgemma	shieldgemma:9b	Q4_K_M	5761058560	928900
library/shieldgemma	shieldgemma:9b-q4_1	Q4_1	5963368192	928900
library/shieldgemma	shieldgemma:9b-q5_0	Q5_0	6483592960	928900
library/shieldgemma	shieldgemma:9b-q5_K_S	Q5_K_S	6483592960	928900
library/shieldgemma	shieldgemma:9b-q5_K_M	Q5_K_M	6647367424	928900
library/shieldgemma	shieldgemma:9b-q5_1	Q5_1	7003817728	928900
library/shieldgemma	shieldgemma:9b-q6_K	Q6_K	7589070592	928900
library/shieldgemma	shieldgemma:9b-q8_0	Q8_0	9827149568	928900
library/shieldgemma	shieldgemma:27b-q2_K	Q2_K	10449576288	928900
library/shieldgemma	shieldgemma:27b-q3_K_S	Q3_K_S	12169060704	928900
library/shieldgemma	shieldgemma:27b-q3_K_M	Q3_K_M	13424648544	928900
library/shieldgemma	shieldgemma:27b-q3_K_L	Q3_K_L	14519361888	928900
library/shieldgemma	shieldgemma:27b-q4_0	Q4_0	15628378464	928900
library/shieldgemma	shieldgemma:27b-q4_K_S	Q4_K_S	15739265376	928900
library/shieldgemma	shieldgemma:27b	Q4_K_M	16645382496	928900
library/shieldgemma	shieldgemma:27b-q4_1	Q4_1	17256292704	928900
library/shieldgemma	shieldgemma:9b-fp16	F16	18490681088	928900
library/shieldgemma	shieldgemma:27b-q5_0	Q5_0	18884206944	928900
library/shieldgemma	shieldgemma:27b-q5_K_S	Q5_K_S	18884206944	928900
library/shieldgemma	shieldgemma:27b-q5_K_M	Q5_K_M	19408118112	928900
library/shieldgemma	shieldgemma:27b-q5_1	Q5_1	20512121184	928900
library/shieldgemma	shieldgemma:27b-q6_K	Q6_K	22343524704	928900
library/shieldgemma	shieldgemma:27b-q8_0	Q8_0	28937388384	928900
library/shieldgemma	shieldgemma:27b-fp16	F16	54462021984	928900
library/smollm	smollm:135m-base-v0.2-q2_K	Q2_K	88201312	2100000
library/smollm	smollm:135m-base-v0.2-q3_K_S	Q3_K_S	88201312	2100000
library/smollm	smollm:135m-instruct-v0.2-q2_K	Q2_K	88202176	2100000
library/smollm	smollm:135m-instruct-v0.2-q3_K_S	Q3_K_S	88202176	2100000
library/smollm	smollm:135m-base-v0.2-q4_0	Q4_0	91726432	2100000
library/smollm	smollm:135m	Q4_0	91727296	2100000
library/smollm	smollm:135m-base-v0.2-q3_K_M	Q3_K_M	93509728	2100000
library/smollm	smollm:135m-instruct-v0.2-q3_K_M	Q3_K_M	93510592	2100000
library/smollm	smollm:135m-base-v0.2-q3_K_L	Q3_K_L	97532512	2100000
library/smollm	smollm:135m-instruct-v0.2-q3_K_L	Q3_K_L	97533376	2100000
library/smollm	smollm:135m-base-v0.2-q4_1	Q4_1	98361952	2100000
library/smollm	smollm:135m-instruct-v0.2-q4_1	Q4_1	98362816	2100000
library/smollm	smollm:135m-base-v0.2-q4_K_S	Q4_K_S	102039136	2100000
library/smollm	smollm:135m-instruct-v0.2-q4_K_S	Q4_K_S	102040000	2100000
library/smollm	smollm:135m-base-v0.2-q5_0	Q5_0	104997472	2100000
library/smollm	smollm:135m-instruct-v0.2-q5_0	Q5_0	104998336	2100000
library/smollm	smollm:135m-base-v0.2-q4_K_M	Q4_K_M	105453664	2100000
library/smollm	smollm:135m-instruct-v0.2-q4_K_M	Q4_K_M	105454528	2100000
library/smollm	smollm:135m-base-v0.2-q5_K_S	Q5_K_S	109974112	2100000
library/smollm	smollm:135m-instruct-v0.2-q5_K_S	Q5_K_S	109974976	2100000
library/smollm	smollm:135m-base-v0.2-q5_1	Q5_1	111632992	2100000
library/smollm	smollm:135m-instruct-v0.2-q5_1	Q5_1	111633856	2100000
library/smollm	smollm:135m-base-v0.2-q5_K_M	Q5_K_M	112103008	2100000
library/smollm	smollm:135m-instruct-v0.2-q5_K_M	Q5_K_M	112103872	2100000
library/smollm	smollm:135m-base-v0.2-q6_K	Q6_K	138382432	2100000
library/smollm	smollm:135m-instruct-v0.2-q6_K	Q6_K	138383296	2100000
library/smollm	smollm:135m-base-v0.2-q8_0	Q8_0	144810592	2100000
library/smollm	smollm:135m-instruct-v0.2-q8_0	Q8_0	144811456	2100000
library/smollm	smollm:360m-base-v0.2-q2_K	Q2_K	218673280	2100000
library/smollm	smollm:360m-base-v0.2-q3_K_S	Q3_K_S	218673280	2100000
library/smollm	smollm:360m-instruct-v0.2-q2_K	Q2_K	218674144	2100000
library/smollm	smollm:360m-instruct-v0.2-q3_K_S	Q3_K_S	218674144	2100000
library/smollm	smollm:360m-base-v0.2-q4_0	Q4_0	229118080	2100000
library/smollm	smollm:360m	Q4_0	229118944	2100000
library/smollm	smollm:360m-base-v0.2-q3_K_M	Q3_K_M	234686080	2100000
library/smollm	smollm:360m-instruct-v0.2-q3_K_M	Q3_K_M	234686944	2100000
library/smollm	smollm:360m-base-v0.2-q3_K_L	Q3_K_L	246321280	2100000
library/smollm	smollm:360m-instruct-v0.2-q3_K_L	Q3_K_L	246322144	2100000
library/smollm	smollm:360m-base-v0.2-q4_1	Q4_1	248778880	2100000
library/smollm	smollm:360m-instruct-v0.2-q4_1	Q4_1	248779744	2100000
library/smollm	smollm:360m-base-v0.2-q4_K_S	Q4_K_S	259914880	2100000
library/smollm	smollm:360m-instruct-v0.2-q4_K_S	Q4_K_S	259915744	2100000
library/smollm	smollm:360m-base-v0.2-q5_0	Q5_0	268439680	2100000
library/smollm	smollm:360m-instruct-v0.2-q5_0	Q5_0	268440544	2100000
library/smollm	smollm:360m-base-v0.2-q4_K_M	Q4_K_M	270590080	2100000
library/smollm	smollm:360m-instruct-v0.2-q4_K_M	Q4_K_M	270590944	2100000
library/smollm	smollm:135m-base-v0.2-fp16	F16	270885472	2100000
library/smollm	smollm:135m-instruct-v0.2-fp16	F16	270886336	2100000
library/smollm	smollm:360m-base-v0.2-q5_K_S	Q5_K_S	283185280	2100000
library/smollm	smollm:360m-instruct-v0.2-q5_K_S	Q5_K_S	283186144	2100000
library/smollm	smollm:360m-base-v0.2-q5_1	Q5_1	288100480	2100000
library/smollm	smollm:360m-instruct-v0.2-q5_1	Q5_1	288101344	2100000
library/smollm	smollm:360m-base-v0.2-q5_K_M	Q5_K_M	289943680	2100000
library/smollm	smollm:360m-instruct-v0.2-q5_K_M	Q5_K_M	289944544	2100000
library/smollm	smollm:360m-base-v0.2-q6_K	Q6_K	367358080	2100000
library/smollm	smollm:360m-instruct-v0.2-q6_K	Q6_K	367358944	2100000
library/smollm	smollm:360m-base-v0.2-q8_0	Q8_0	386404480	2100000
library/smollm	smollm:360m-instruct-v0.2-q8_0	Q8_0	386405344	2100000
library/smollm	smollm:1.7b-base-v0.2-q2_K	Q2_K	674582720	2100000
library/smollm	smollm:1.7b-instruct-v0.2-q2_K	Q2_K	674583584	2100000
library/smollm	smollm:360m-base-v0.2-fp16	F16	725553280	2100000
library/smollm	smollm:360m-instruct-v0.2-fp16	F16	725554144	2100000
library/smollm	smollm:1.7b-base-v0.2-q3_K_S	Q3_K_S	776818880	2100000
library/smollm	smollm:1.7b-instruct-v0.2-q3_K_S	Q3_K_S	776819744	2100000
library/smollm	smollm:1.7b-base-v0.2-q3_K_M	Q3_K_M	860180672	2100000
library/smollm	smollm:1.7b-instruct-v0.2-q3_K_M	Q3_K_M	860181536	2100000
library/smollm	smollm:1.7b-base-v0.2-q3_K_L	Q3_K_L	932532416	2100000
library/smollm	smollm:1.7b-instruct-v0.2-q3_K_L	Q3_K_L	932533280	2100000
library/smollm	smollm:1.7b-base-v0.2-q4_0	Q4_0	990728384	2100000
library/smollm	smollm:1.7b	Q4_0	990729248	2100000
library/smollm	smollm:1.7b-base-v0.2-q4_K_S	Q4_K_S	999116992	2100000
library/smollm	smollm:1.7b-instruct-v0.2-q4_K_S	Q4_K_S	999117856	2100000
library/smollm	smollm:1.7b-base-v0.2-q4_K_M	Q4_K_M	1055609024	2100000
library/smollm	smollm:1.7b-instruct-v0.2-q4_K_M	Q4_K_M	1055609888	2100000
library/smollm	smollm:1.7b-base-v0.2-q4_1	Q4_1	1091391680	2100000
library/smollm	smollm:1.7b-instruct-v0.2-q4_1	Q4_1	1091392544	2100000
library/smollm	smollm:1.7b-base-v0.2-q5_0	Q5_0	1192054976	2100000
library/smollm	smollm:1.7b-base-v0.2-q5_K_S	Q5_K_S	1192054976	2100000
library/smollm	smollm:1.7b-instruct-v0.2-q5_0	Q5_0	1192055840	2100000
library/smollm	smollm:1.7b-instruct-v0.2-q5_K_S	Q5_K_S	1192055840	2100000
library/smollm	smollm:1.7b-base-v0.2-q5_K_M	Q5_K_M	1225478336	2100000
library/smollm	smollm:1.7b-instruct-v0.2-q5_K_M	Q5_K_M	1225479200	2100000
library/smollm	smollm:1.7b-base-v0.2-q5_1	Q5_1	1292718272	2100000
library/smollm	smollm:1.7b-instruct-v0.2-q5_1	Q5_1	1292719136	2100000
library/smollm	smollm:1.7b-base-v0.2-q6_K	Q6_K	1405964480	2100000
library/smollm	smollm:1.7b-instruct-v0.2-q6_K	Q6_K	1405965344	2100000
library/smollm	smollm:1.7b-base-v0.2-q8_0	Q8_0	1820414144	2100000
library/smollm	smollm:1.7b-instruct-v0.2-q8_0	Q8_0	1820415008	2100000
library/smollm	smollm:1.7b-base-v0.2-fp16	F16	3424735424	2100000
library/smollm	smollm:1.7b-instruct-v0.2-fp16	F16	3424736288	2100000
library/smollm2	smollm2:135m-instruct-q2_K	Q2_K	88201792	4000000
library/smollm2	smollm2:135m-instruct-q3_K_S	Q3_K_S	88201792	4000000
library/smollm2	smollm2:135m-instruct-q4_0	Q4_0	91726912	4000000
library/smollm2	smollm2:135m-instruct-q3_K_M	Q3_K_M	93510208	4000000
library/smollm2	smollm2:135m-instruct-q3_K_L	Q3_K_L	97532992	4000000
library/smollm2	smollm2:135m-instruct-q4_1	Q4_1	98362432	4000000
library/smollm2	smollm2:135m-instruct-q4_K_S	Q4_K_S	102039616	4000000
library/smollm2	smollm2:135m-instruct-q5_0	Q5_0	104997952	4000000
library/smollm2	smollm2:135m-instruct-q4_K_M	Q4_K_M	105454144	4000000
library/smollm2	smollm2:135m-instruct-q5_K_S	Q5_K_S	109974592	4000000
library/smollm2	smollm2:135m-instruct-q5_1	Q5_1	111633472	4000000
library/smollm2	smollm2:135m-instruct-q5_K_M	Q5_K_M	112103488	4000000
library/smollm2	smollm2:135m-instruct-q6_K	Q6_K	138382912	4000000
library/smollm2	smollm2:135m-instruct-q8_0	Q8_0	144811072	4000000
library/smollm2	smollm2:360m-instruct-q2_K	Q2_K	218673792	4000000
library/smollm2	smollm2:360m-instruct-q3_K_S	Q3_K_S	218673792	4000000
library/smollm2	smollm2:360m-instruct-q4_0	Q4_0	229118592	4000000
library/smollm2	smollm2:360m-instruct-q3_K_M	Q3_K_M	234686592	4000000
library/smollm2	smollm2:360m-instruct-q3_K_L	Q3_K_L	246321792	4000000
library/smollm2	smollm2:360m-instruct-q4_1	Q4_1	248779392	4000000
library/smollm2	smollm2:360m-instruct-q4_K_S	Q4_K_S	259915392	4000000
library/smollm2	smollm2:360m-instruct-q5_0	Q5_0	268440192	4000000
library/smollm2	smollm2:360m-instruct-q4_K_M	Q4_K_M	270590592	4000000
library/smollm2	smollm2:135m	F16	270885952	4000000
library/smollm2	smollm2:360m-instruct-q5_K_S	Q5_K_S	283185792	4000000
library/smollm2	smollm2:360m-instruct-q5_1	Q5_1	288100992	4000000
library/smollm2	smollm2:360m-instruct-q5_K_M	Q5_K_M	289944192	4000000
library/smollm2	smollm2:360m-instruct-q6_K	Q6_K	367358592	4000000
library/smollm2	smollm2:360m-instruct-q8_0	Q8_0	386404992	4000000
library/smollm2	smollm2:1.7b-instruct-q2_K	Q2_K	674583232	4000000
library/smollm2	smollm2:360m	F16	725553792	4000000
library/smollm2	smollm2:1.7b-instruct-q3_K_S	Q3_K_S	776819392	4000000
library/smollm2	smollm2:1.7b-instruct-q3_K_M	Q3_K_M	860181184	4000000
library/smollm2	smollm2:1.7b-instruct-q3_K_L	Q3_K_L	932532928	4000000
library/smollm2	smollm2:1.7b-instruct-q4_0	Q4_0	990728896	4000000
library/smollm2	smollm2:1.7b-instruct-q4_K_S	Q4_K_S	999117504	4000000
library/smollm2	smollm2:1.7b-instruct-q4_K_M	Q4_K_M	1055609536	4000000
library/smollm2	smollm2:1.7b-instruct-q4_1	Q4_1	1091392192	4000000
library/smollm2	smollm2:1.7b-instruct-q5_0	Q5_0	1192055488	4000000
library/smollm2	smollm2:1.7b-instruct-q5_K_S	Q5_K_S	1192055488	4000000
library/smollm2	smollm2:1.7b-instruct-q5_K_M	Q5_K_M	1225478848	4000000
library/smollm2	smollm2:1.7b-instruct-q5_1	Q5_1	1292718784	4000000
library/smollm2	smollm2:1.7b-instruct-q6_K	Q6_K	1405964992	4000000
library/smollm2	smollm2:1.7b	Q8_0	1820414656	4000000
library/smollm2	smollm2:1.7b-instruct-fp16	F16	3424735936	4000000
library/snowflake-arctic-embed	snowflake-arctic-embed:xs	F16	45827008	3100000
library/snowflake-arctic-embed	snowflake-arctic-embed:s	F16	67185920	3100000
library/snowflake-arctic-embed	snowflake-arctic-embed:m	F16	218667776	3100000
library/snowflake-arctic-embed	snowflake-arctic-embed:137m	F16	274177792	3100000
library/snowflake-arctic-embed	snowflake-arctic-embed:l	F16	669481504	3100000
library/solar	solar:10.7b-text-v1-q2_K	Q2_K	4549015648	962700
library/solar	solar:10.7b-instruct-v1-q2_K	Q2_K	4549015712	962700
library/solar	solar:10.7b-text-v1-q3_K_S	Q3_K_S	4664563808	962700
library/solar	solar:10.7b-instruct-v1-q3_K_S	Q3_K_S	4664563872	962700
library/solar	solar:10.7b-text-v1-q3_K_M	Q3_K_M	5188327520	962700
library/solar	solar:10.7b-instruct-v1-q3_K_M	Q3_K_M	5188327584	962700
library/solar	solar:10.7b-text-v1-q3_K_L	Q3_K_L	5650749536	962700
library/solar	solar:10.7b-instruct-v1-q3_K_L	Q3_K_L	5650749600	962700
library/solar	solar:10.7b-text-v1-q4_0	Q4_0	6072383584	962700
library/solar	solar:10.7b	Q4_0	6072383648	962700
library/solar	solar:10.7b-text-v1-q4_K_S	Q4_K_S	6103840864	962700
library/solar	solar:10.7b-instruct-v1-q4_K_S	Q4_K_S	6103840928	962700
library/solar	solar:10.7b-text-v1-q4_K_M	Q4_K_M	6461667424	962700
library/solar	solar:10.7b-instruct-v1-q4_K_M	Q4_K_M	6461667488	962700
library/solar	solar:10.7b-text-v1-q4_1	Q4_1	6734887008	962700
library/solar	solar:10.7b-instruct-v1-q4_1	Q4_1	6734887072	962700
library/solar	solar:10.7b-text-v1-q5_0	Q5_0	7397390432	962700
library/solar	solar:10.7b-text-v1-q5_K_S	Q5_K_S	7397390432	962700
library/solar	solar:10.7b-instruct-v1-q5_0	Q5_0	7397390496	962700
library/solar	solar:10.7b-instruct-v1-q5_K_S	Q5_K_S	7397390496	962700
library/solar	solar:10.7b-text-v1-q5_K_M	Q5_K_M	7597930592	962700
library/solar	solar:10.7b-instruct-v1-q5_K_M	Q5_K_M	7597930656	962700
library/solar	solar:10.7b-text-v1-q5_1	Q5_1	8059893856	962700
library/solar	solar:10.7b-instruct-v1-q5_1	Q5_1	8059893920	962700
library/solar	solar:10.7b-text-v1-q6_K	Q6_K	8805210208	962700
library/solar	solar:10.7b-instruct-v1-q6_K	Q6_K	8805210272	962700
library/solar	solar:10.7b-text-v1-q8_0	Q8_0	11404154976	962700
library/solar	solar:10.7b-instruct-v1-q8_0	Q8_0	11404155040	962700
library/solar	solar:10.7b-text-v1-fp16	F16	21464586304	962700
library/solar	solar:10.7b-instruct-v1-fp16	F16	21464586336	962700
library/sqlcoder	sqlcoder:7b-q2_K	Q2_K	3083097728	1600000
library/sqlcoder	sqlcoder:7b-q3_K_S	Q3_K_S	3164567168	1600000
library/sqlcoder	sqlcoder:7b-q3_K_M	Q3_K_M	3518985856	1600000
library/sqlcoder	sqlcoder:7b-q3_K_L	Q3_K_L	3822024320	1600000
library/sqlcoder	sqlcoder:7b	Q4_0	4108916352	1600000
library/sqlcoder	sqlcoder:7b-q4_K_S	Q4_K_S	4140373632	1600000
library/sqlcoder	sqlcoder:7b-q4_K_M	Q4_K_M	4368438912	1600000
library/sqlcoder	sqlcoder:7b-q4_1	Q4_1	4553315968	1600000
library/sqlcoder	sqlcoder:7b-q5_0	Q5_0	4997715584	1600000
library/sqlcoder	sqlcoder:7b-q5_K_S	Q5_K_S	4997715584	1600000
library/sqlcoder	sqlcoder:7b-q5_K_M	Q5_K_M	5131409024	1600000
library/sqlcoder	sqlcoder:7b-q5_1	Q5_1	5442115200	1600000
library/sqlcoder	sqlcoder:7b-q6_K	Q6_K	5942064768	1600000
library/sqlcoder	sqlcoder:15b-q2_K	Q2_K	6731531744	1600000
library/sqlcoder	sqlcoder:15b-q3_K_S	Q3_K_S	6927058400	1600000
library/sqlcoder	sqlcoder:7b-q8_0	Q8_0	7695857280	1600000
library/sqlcoder	sqlcoder:15b-q3_K_M	Q3_K_M	8176403936	1600000
library/sqlcoder	sqlcoder:15b	Q4_0	8987608544	1600000
library/sqlcoder	sqlcoder:15b-q4_K_S	Q4_K_S	9063106016	1600000
library/sqlcoder	sqlcoder:15b-q3_K_L	Q3_K_L	9082373600	1600000
library/sqlcoder	sqlcoder:15b-q4_1	Q4_1	9957279200	1600000
library/sqlcoder	sqlcoder:15b-q4_K_M	Q4_K_M	9962784224	1600000
library/sqlcoder	sqlcoder:15b-q5_0	Q5_0	10926949856	1600000
library/sqlcoder	sqlcoder:15b-q5_K_S	Q5_K_S	10926949856	1600000
library/sqlcoder	sqlcoder:15b-q5_K_M	Q5_K_M	11536877824	1600000
library/sqlcoder	sqlcoder:15b-q5_1	Q5_1	11896620512	1600000
library/sqlcoder	sqlcoder:15b-q6_K	Q6_K	12987500000	1600000
library/sqlcoder	sqlcoder:7b-fp16	F16	14484731456	1600000
library/sqlcoder	sqlcoder:15b-q8_0	Q8_0	16818111968	1600000
library/sqlcoder	sqlcoder:70b-alpha-q2_K	Q2_K	25462587840	1600000
library/sqlcoder	sqlcoder:70b-alpha-q3_K_S	Q3_K_S	29919458752	1600000
library/sqlcoder	sqlcoder:15b-fp16	F16	31646287296	1600000
library/sqlcoder	sqlcoder:70b-alpha-q3_K_M	Q3_K_M	33274901952	1600000
library/sqlcoder	sqlcoder:70b-alpha-q3_K_L	Q3_K_L	36148000192	1600000
library/sqlcoder	sqlcoder:70b-alpha-q4_0	Q4_0	38872431040	1600000
library/sqlcoder	sqlcoder:70b-alpha-q4_K_S	Q4_K_S	39249918400	1600000
library/sqlcoder	sqlcoder:70b-alpha-q4_K_M	Q4_K_M	41423092160	1600000
library/sqlcoder	sqlcoder:70b-alpha-q4_1	Q4_1	43167013312	1600000
library/sqlcoder	sqlcoder:70b-alpha-q5_0	Q5_0	47461595584	1600000
library/sqlcoder	sqlcoder:70b-alpha-q5_K_S	Q5_K_S	47461595584	1600000
library/sqlcoder	sqlcoder:70b-alpha-q5_K_M	Q5_K_M	48753965504	1600000
library/sqlcoder	sqlcoder:70b-alpha-q5_1	Q5_1	51756177856	1600000
library/sqlcoder	sqlcoder:70b-alpha-q6_K	Q6_K	56587582912	1600000
library/sqlcoder	sqlcoder:70b-alpha-q8_0	Q8_0	73292608960	1600000
library/sqlcoder	sqlcoder:70b-alpha-fp16	F16	137957225856	1600000
library/stable-beluga	stable-beluga:7b-q2_K	Q2_K	2825940672	938200
library/stable-beluga	stable-beluga:7b-q3_K_S	Q3_K_S	2948304576	938200
library/stable-beluga	stable-beluga:7b-q3_K_M	Q3_K_M	3298004672	938200
library/stable-beluga	stable-beluga:7b-q3_K_L	Q3_K_L	3597110976	938200
library/stable-beluga	stable-beluga:7b	Q4_0	3825807040	938200
library/stable-beluga	stable-beluga:7b-q4_K_S	Q4_K_S	3856740032	938200
library/stable-beluga	stable-beluga:7b-q4_K_M	Q4_K_M	4081004224	938200
library/stable-beluga	stable-beluga:7b-q4_1	Q4_1	4238749376	938200
library/stable-beluga	stable-beluga:7b-q5_0	Q5_0	4651691712	938200
library/stable-beluga	stable-beluga:7b-q5_K_S	Q5_K_S	4651691712	938200
library/stable-beluga	stable-beluga:7b-q5_K_M	Q5_K_M	4783156928	938200
library/stable-beluga	stable-beluga:7b-q5_1	Q5_1	5064634048	938200
library/stable-beluga	stable-beluga:13b-q2_K	Q2_K	5429348224	938200
library/stable-beluga	stable-beluga:7b-q6_K	Q6_K	5529194176	938200
library/stable-beluga	stable-beluga:13b-q3_K_S	Q3_K_S	5658980224	938200
library/stable-beluga	stable-beluga:13b-q3_K_M	Q3_K_M	6337769344	938200
library/stable-beluga	stable-beluga:13b-q3_K_L	Q3_K_L	6929559424	938200
library/stable-beluga	stable-beluga:7b-q8_0	Q8_0	7161089728	938200
library/stable-beluga	stable-beluga:13b	Q4_0	7365834624	938200
library/stable-beluga	stable-beluga:13b-q4_K_S	Q4_K_S	7414331264	938200
library/stable-beluga	stable-beluga:13b-q4_K_M	Q4_K_M	7865956224	938200
library/stable-beluga	stable-beluga:13b-q4_1	Q4_1	8169060224	938200
library/stable-beluga	stable-beluga:13b-q5_0	Q5_0	8972285824	938200
library/stable-beluga	stable-beluga:13b-q5_K_S	Q5_K_S	8972285824	938200
library/stable-beluga	stable-beluga:13b-q5_K_M	Q5_K_M	9229924224	938200
library/stable-beluga	stable-beluga:13b-q5_1	Q5_1	9775511424	938200
library/stable-beluga	stable-beluga:13b-q6_K	Q6_K	10679140224	938200
library/stable-beluga	stable-beluga:7b-fp16	F16	13478104736	938200
library/stable-beluga	stable-beluga:13b-q8_0	Q8_0	13831319424	938200
library/stable-beluga	stable-beluga:13b-fp16	F16	26033303392	938200
library/stable-beluga	stable-beluga:70b-q2_K	Q2_K	29279253408	938200
library/stable-beluga	stable-beluga:70b-q3_K_S	Q3_K_S	29919294368	938200
library/stable-beluga	stable-beluga:70b-q3_K_M	Q3_K_M	33186657184	938200
library/stable-beluga	stable-beluga:70b-q3_K_L	Q3_K_L	36147835808	938200
library/stable-beluga	stable-beluga:70b	Q4_0	38872249248	938200
library/stable-beluga	stable-beluga:70b-q4_K_S	Q4_K_S	39073575840	938200
library/stable-beluga	stable-beluga:70b-q4_K_M	Q4_K_M	41422910368	938200
library/stable-beluga	stable-beluga:70b-q4_1	Q4_1	43166823328	938200
library/stable-beluga	stable-beluga:70b-q5_0	Q5_0	47461397408	938200
library/stable-beluga	stable-beluga:70b-q5_K_S	Q5_K_S	47461397408	938200
library/stable-beluga	stable-beluga:70b-q5_K_M	Q5_K_M	48753767328	938200
library/stable-beluga	stable-beluga:70b-q5_1	Q5_1	51755971488	938200
library/stable-beluga	stable-beluga:70b-q6_K	Q6_K	56587367328	938200
library/stable-beluga	stable-beluga:70b-q8_0	Q8_0	73292329888	938200
library/stable-beluga	stable-beluga:70b-fp16	F16	137956701056	938200
library/stable-code	stable-code:3b-code-q2_K	Q2_K	1083755520	1100000
library/stable-code	stable-code:3b-instruct-q2_K	Q2_K	1083756256	1100000
library/stable-code	stable-code:3b-code-q3_K_S	Q3_K_S	1254448640	1100000
library/stable-code	stable-code:3b-instruct-q3_K_S	Q3_K_S	1254449376	1100000
library/stable-code	stable-code:3b-code-q3_K_M	Q3_K_M	1391418880	1100000
library/stable-code	stable-code:3b-instruct-q3_K_M	Q3_K_M	1391419616	1100000
library/stable-code	stable-code:3b-code-q3_K_L	Q3_K_L	1508564480	1100000
library/stable-code	stable-code:3b-instruct-q3_K_L	Q3_K_L	1508565216	1100000
library/stable-code	stable-code:code	Q4_0	1608570880	1100000
library/stable-code	stable-code:3b	Q4_0	1608571616	1100000
library/stable-code	stable-code:3b-code-q4_K_S	Q4_K_S	1620695040	1100000
library/stable-code	stable-code:3b-instruct-q4_K_S	Q4_K_S	1620695776	1100000
library/stable-code	stable-code:3b-code-q4_K_M	Q4_K_M	1708595200	1100000
library/stable-code	stable-code:3b-instruct-q4_K_M	Q4_K_M	1708595936	1100000
library/stable-code	stable-code:3b-code-q4_1	Q4_1	1775216640	1100000
library/stable-code	stable-code:3b-instruct-q4_1	Q4_1	1775217376	1100000
library/stable-code	stable-code:3b-code-q5_0	Q5_0	1941862400	1100000
library/stable-code	stable-code:3b-code-q5_K_S	Q5_K_S	1941862400	1100000
library/stable-code	stable-code:3b-instruct-q5_0	Q5_0	1941863136	1100000
library/stable-code	stable-code:3b-instruct-q5_K_S	Q5_K_S	1941863136	1100000
library/stable-code	stable-code:3b-code-q5_K_M	Q5_K_M	1993390080	1100000
library/stable-code	stable-code:3b-instruct-q5_K_M	Q5_K_M	1993390816	1100000
library/stable-code	stable-code:3b-code-q5_1	Q5_1	2108508160	1100000
library/stable-code	stable-code:3b-instruct-q5_1	Q5_1	2108508896	1100000
library/stable-code	stable-code:3b-code-q6_K	Q6_K	2295984640	1100000
library/stable-code	stable-code:3b-instruct-q6_K	Q6_K	2295985376	1100000
library/stable-code	stable-code:3b-code-q8_0	Q8_0	2972925440	1100000
library/stable-code	stable-code:3b-instruct-q8_0	Q8_0	2972926176	1100000
library/stable-code	stable-code:3b-code-fp16	F16	5593341376	1100000
library/stable-code	stable-code:3b-instruct-fp16	F16	5593342112	1100000
library/stablelm2	stablelm2:1.6b-q2_K	Q2_K	694160928	1100000
library/stablelm2	stablelm2:1.6b-zephyr-q2_K	Q2_K	694161408	1100000
library/stablelm2	stablelm2:1.6b-chat-q2_K	Q2_K	694161664	1100000
library/stablelm2	stablelm2:1.6b-q3_K_S	Q3_K_S	791711264	1100000
library/stablelm2	stablelm2:1.6b-zephyr-q3_K_S	Q3_K_S	791711744	1100000
library/stablelm2	stablelm2:1.6b-chat-q3_K_S	Q3_K_S	791712000	1100000
library/stablelm2	stablelm2:1.6b-q3_K_M	Q3_K_M	857706016	1100000
library/stablelm2	stablelm2:1.6b-zephyr-q3_K_M	Q3_K_M	857706496	1100000
library/stablelm2	stablelm2:1.6b-chat-q3_K_M	Q3_K_M	857706752	1100000
library/stablelm2	stablelm2:1.6b-q3_K_L	Q3_K_L	914984480	1100000
library/stablelm2	stablelm2:1.6b-zephyr-q3_K_L	Q3_K_L	914984960	1100000
library/stablelm2	stablelm2:1.6b-chat-q3_K_L	Q3_K_L	914985216	1100000
library/stablelm2	stablelm2:1.6b-q4_0	Q4_0	982781472	1100000
library/stablelm2	stablelm2:zephyr	Q4_0	982781952	1100000
library/stablelm2	stablelm2:1.6b	Q4_0	982782208	1100000
library/stablelm2	stablelm2:1.6b-q4_K_S	Q4_K_S	989204000	1100000
library/stablelm2	stablelm2:1.6b-zephyr-q4_K_S	Q4_K_S	989204480	1100000
library/stablelm2	stablelm2:1.6b-chat-q4_K_S	Q4_K_S	989204736	1100000
library/stablelm2	stablelm2:1.6b-q4_K_M	Q4_K_M	1031441952	1100000
library/stablelm2	stablelm2:1.6b-zephyr-q4_K_M	Q4_K_M	1031442432	1100000
library/stablelm2	stablelm2:1.6b-chat-q4_K_M	Q4_K_M	1031442688	1100000
library/stablelm2	stablelm2:1.6b-q4_1	Q4_1	1072696864	1100000
library/stablelm2	stablelm2:1.6b-zephyr-q4_1	Q4_1	1072697344	1100000
library/stablelm2	stablelm2:1.6b-chat-q4_1	Q4_1	1072697600	1100000
library/stablelm2	stablelm2:1.6b-q5_0	Q5_0	1162612256	1100000
library/stablelm2	stablelm2:1.6b-q5_K_S	Q5_K_S	1162612256	1100000
library/stablelm2	stablelm2:1.6b-zephyr-q5_0	Q5_0	1162612736	1100000
library/stablelm2	stablelm2:1.6b-zephyr-q5_K_S	Q5_K_S	1162612736	1100000
library/stablelm2	stablelm2:1.6b-chat-q5_0	Q5_0	1162612992	1100000
library/stablelm2	stablelm2:1.6b-chat-q5_K_S	Q5_K_S	1162612992	1100000
library/stablelm2	stablelm2:1.6b-q5_K_M	Q5_K_M	1187679776	1100000
library/stablelm2	stablelm2:1.6b-zephyr-q5_K_M	Q5_K_M	1187680256	1100000
library/stablelm2	stablelm2:1.6b-chat-q5_K_M	Q5_K_M	1187680512	1100000
library/stablelm2	stablelm2:1.6b-q5_1	Q5_1	1252527648	1100000
library/stablelm2	stablelm2:1.6b-zephyr-q5_1	Q5_1	1252528128	1100000
library/stablelm2	stablelm2:1.6b-chat-q5_1	Q5_1	1252528384	1100000
library/stablelm2	stablelm2:1.6b-q6_K	Q6_K	1353682464	1100000
library/stablelm2	stablelm2:1.6b-zephyr-q6_K	Q6_K	1353682944	1100000
library/stablelm2	stablelm2:1.6b-chat-q6_K	Q6_K	1353683200	1100000
library/stablelm2	stablelm2:1.6b-q8_0	Q8_0	1751879200	1100000
library/stablelm2	stablelm2:1.6b-zephyr-q8_0	Q8_0	1751879680	1100000
library/stablelm2	stablelm2:1.6b-chat-q8_0	Q8_0	1751879936	1100000
library/stablelm2	stablelm2:1.6b-fp16	F16	3293285856	1100000
library/stablelm2	stablelm2:1.6b-zephyr-fp16	F16	3293286304	1100000
library/stablelm2	stablelm2:1.6b-chat-fp16	F16	3293286592	1100000
library/stablelm2	stablelm2:12b-q2_K	Q2_K	4698893504	1100000
library/stablelm2	stablelm2:12b-chat-q2_K	Q2_K	4698894176	1100000
library/stablelm2	stablelm2:12b-q3_K_S	Q3_K_S	5424458944	1100000
library/stablelm2	stablelm2:12b-chat-q3_K_S	Q3_K_S	5424459616	1100000
library/stablelm2	stablelm2:12b-q3_K_M	Q3_K_M	5993884864	1100000
library/stablelm2	stablelm2:12b-chat-q3_K_M	Q3_K_M	5993885536	1100000
library/stablelm2	stablelm2:12b-q3_K_L	Q3_K_L	6492286144	1100000
library/stablelm2	stablelm2:12b-chat-q3_K_L	Q3_K_L	6492286816	1100000
library/stablelm2	stablelm2:12b-q4_0	Q4_0	6968896704	1100000
library/stablelm2	stablelm2:12b	Q4_0	6968897376	1100000
library/stablelm2	stablelm2:12b-q4_K_S	Q4_K_S	7016410304	1100000
library/stablelm2	stablelm2:12b-chat-q4_K_S	Q4_K_S	7016410976	1100000
library/stablelm2	stablelm2:12b-q4_K_M	Q4_K_M	7367642304	1100000
library/stablelm2	stablelm2:12b-chat-q4_K_M	Q4_K_M	7367642976	1100000
library/stablelm2	stablelm2:12b-q4_1	Q4_1	7695690944	1100000
library/stablelm2	stablelm2:12b-chat-q4_1	Q4_1	7695691616	1100000
library/stablelm2	stablelm2:12b-q5_0	Q5_0	8422485184	1100000
library/stablelm2	stablelm2:12b-q5_K_S	Q5_K_S	8422485184	1100000
library/stablelm2	stablelm2:12b-chat-q5_0	Q5_0	8422485856	1100000
library/stablelm2	stablelm2:12b-chat-q5_K_S	Q5_K_S	8422485856	1100000
library/stablelm2	stablelm2:12b-q5_K_M	Q5_K_M	8627899584	1100000
library/stablelm2	stablelm2:12b-chat-q5_K_M	Q5_K_M	8627900256	1100000
library/stablelm2	stablelm2:12b-q5_1	Q5_1	9149279424	1100000
library/stablelm2	stablelm2:12b-chat-q5_1	Q5_1	9149280096	1100000
library/stablelm2	stablelm2:12b-q6_K	Q6_K	9966922944	1100000
library/stablelm2	stablelm2:12b-chat-q6_K	Q6_K	9966923616	1100000
library/stablelm2	stablelm2:12b-q8_0	Q8_0	12907687104	1100000
library/stablelm2	stablelm2:12b-chat-q8_0	Q8_0	12907687776	1100000
library/stablelm2	stablelm2:12b-fp16	F16	24291290208	1100000
library/stablelm2	stablelm2:12b-chat-fp16	F16	24291290912	1100000
library/starcoder	starcoder:1b-base-q2_K	Q2_K	551689184	1200000
library/starcoder	starcoder:1b-base-q3_K_S	Q3_K_S	575118304	1200000
library/starcoder	starcoder:1b-base-q3_K_M	Q3_K_M	661199840	1200000
library/starcoder	starcoder:1b-base-q3_K_L	Q3_K_L	719920096	1200000
library/starcoder	starcoder:1b	Q4_0	726080480	1200000
library/starcoder	starcoder:1b-base-q4_K_S	Q4_K_S	734469088	1200000
library/starcoder	starcoder:1b-base-q4_K_M	Q4_K_M	792140768	1200000
library/starcoder	starcoder:1b-base-q4_1	Q4_1	797121504	1200000
library/starcoder	starcoder:1b-base-q5_0	Q5_0	868162528	1200000
library/starcoder	starcoder:1b-base-q5_K_S	Q5_K_S	868162528	1200000
library/starcoder	starcoder:1b-base-q5_K_M	Q5_K_M	909941728	1200000
library/starcoder	starcoder:1b-base-q5_1	Q5_1	939203552	1200000
library/starcoder	starcoder:1b-base-q6_K	Q6_K	1019124704	1200000
library/starcoder	starcoder:1b-base-q8_0	Q8_0	1318788064	1200000
library/starcoder	starcoder:3b-base-q2_K	Q2_K	1379158880	1200000
library/starcoder	starcoder:3b-base-q3_K_S	Q3_K_S	1427188576	1200000
library/starcoder	starcoder:3b-base-q3_K_M	Q3_K_M	1666052960	1200000
library/starcoder	starcoder:3b	Q4_0	1831228256	1200000
library/starcoder	starcoder:3b-base-q3_K_L	Q3_K_L	1836544864	1200000
library/starcoder	starcoder:3b-base-q4_K_S	Q4_K_S	1847087968	1200000
library/starcoder	starcoder:3b-base-q4_K_M	Q4_K_M	2017354592	1200000
library/starcoder	starcoder:3b-base-q4_1	Q4_1	2021364576	1200000
library/starcoder	starcoder:3b-base-q5_0	Q5_0	2211500896	1200000
library/starcoder	starcoder:3b-base-q5_K_S	Q5_K_S	2211500896	1200000
library/starcoder	starcoder:3b-base-q5_K_M	Q5_K_M	2328691552	1200000
library/starcoder	starcoder:3b-base-q5_1	Q5_1	2401637216	1200000
library/starcoder	starcoder:1b-base-fp16	F16	2478775232	1200000
library/starcoder	starcoder:3b-base-q6_K	Q6_K	2615540576	1200000
library/starcoder	starcoder:7b-base-q2_K	Q2_K	3222459168	1200000
library/starcoder	starcoder:7b-base-q3_K_S	Q3_K_S	3322352416	1200000
library/starcoder	starcoder:3b-base-q8_0	Q8_0	3385840480	1200000
library/starcoder	starcoder:7b-base-q3_K_M	Q3_K_M	3906491168	1200000
library/starcoder	starcoder:7b	Q4_0	4295250720	1200000
library/starcoder	starcoder:7b-base-q4_K_S	Q4_K_S	4328805152	1200000
library/starcoder	starcoder:7b-base-q3_K_L	Q3_K_L	4330115872	1200000
library/starcoder	starcoder:7b-base-q4_K_M	Q4_K_M	4752167712	1200000
library/starcoder	starcoder:7b-base-q4_1	Q4_1	4753085216	1200000
library/starcoder	starcoder:7b-base-q5_0	Q5_0	5210919712	1200000
library/starcoder	starcoder:7b-base-q5_K_S	Q5_K_S	5210919712	1200000
library/starcoder	starcoder:7b-base-q5_K_M	Q5_K_M	5497525024	1200000
library/starcoder	starcoder:7b-base-q5_1	Q5_1	5668754208	1200000
library/starcoder	starcoder:7b-base-q6_K	Q6_K	6183818016	1200000
library/starcoder	starcoder:3b-base-fp16	F16	6367646528	1200000
library/starcoder	starcoder:15b-base-q2_K	Q2_K	6731531744	1200000
library/starcoder	starcoder:15b-plus-q2_K	Q2_K	6731531744	1200000
library/starcoder	starcoder:15b-q2_K	Q2_K	6731531744	1200000
library/starcoder	starcoder:15b-base-q3_K_S	Q3_K_S	6927058400	1200000
library/starcoder	starcoder:15b-plus-q3_K_S	Q3_K_S	6927058400	1200000
library/starcoder	starcoder:15b-q3_K_S	Q3_K_S	6927058400	1200000
library/starcoder	starcoder:7b-base-q8_0	Q8_0	8006685472	1200000
library/starcoder	starcoder:15b-base-q3_K_M	Q3_K_M	8176403936	1200000
library/starcoder	starcoder:15b-plus-q3_K_M	Q3_K_M	8176403936	1200000
library/starcoder	starcoder:15b-q3_K_M	Q3_K_M	8176403936	1200000
library/starcoder	starcoder:15b	Q4_0	8987608544	1200000
library/starcoder	starcoder:15b-base	Q4_0	8987608544	1200000
library/starcoder	starcoder:15b-plus	Q4_0	8987608544	1200000
library/starcoder	starcoder:15b-base-q4_K_S	Q4_K_S	9063106016	1200000
library/starcoder	starcoder:15b-plus-q4_K_S	Q4_K_S	9063106016	1200000
library/starcoder	starcoder:15b-q4_K_S	Q4_K_S	9063106016	1200000
library/starcoder	starcoder:15b-base-q3_K_L	Q3_K_L	9082373600	1200000
library/starcoder	starcoder:15b-plus-q3_K_L	Q3_K_L	9082373600	1200000
library/starcoder	starcoder:15b-q3_K_L	Q3_K_L	9082373600	1200000
library/starcoder	starcoder:15b-base-q4_1	Q4_1	9957279200	1200000
library/starcoder	starcoder:15b-plus-q4_1	Q4_1	9957279200	1200000
library/starcoder	starcoder:15b-q4_1	Q4_1	9957279200	1200000
library/starcoder	starcoder:15b-base-q4_K_M	Q4_K_M	9962784224	1200000
library/starcoder	starcoder:15b-plus-q4_K_M	Q4_K_M	9962784224	1200000
library/starcoder	starcoder:15b-q4_K_M	Q4_K_M	9962784224	1200000
library/starcoder	starcoder:15b-base-q5_0	Q5_0	10926949856	1200000
library/starcoder	starcoder:15b-base-q5_K_S	Q5_K_S	10926949856	1200000
library/starcoder	starcoder:15b-plus-q5_0	Q5_0	10926949856	1200000
library/starcoder	starcoder:15b-plus-q5_K_S	Q5_K_S	10926949856	1200000
library/starcoder	starcoder:15b-q5_0	Q5_0	10926949856	1200000
library/starcoder	starcoder:15b-q5_K_S	Q5_K_S	10926949856	1200000
library/starcoder	starcoder:15b-base-q5_K_M	Q5_K_M	11536926176	1200000
library/starcoder	starcoder:15b-plus-q5_K_M	Q5_K_M	11536926176	1200000
library/starcoder	starcoder:15b-q5_K_M	Q5_K_M	11536926176	1200000
library/starcoder	starcoder:15b-base-q5_1	Q5_1	11896620512	1200000
library/starcoder	starcoder:15b-plus-q5_1	Q5_1	11896620512	1200000
library/starcoder	starcoder:15b-q5_1	Q5_1	11896620512	1200000
library/starcoder	starcoder:15b-base-q6_K	Q6_K	12987500000	1200000
library/starcoder	starcoder:15b-plus-q6_K	Q6_K	12987500000	1200000
library/starcoder	starcoder:15b-q6_K	Q6_K	12987500000	1200000
library/starcoder	starcoder:7b-base-fp16	F16	15062946560	1200000
library/starcoder	starcoder:15b-base-q8_0	Q8_0	16818111968	1200000
library/starcoder	starcoder:15b-plus-q8_0	Q8_0	16818111968	1200000
library/starcoder	starcoder:15b-q8_0	Q8_0	16818111968	1200000
library/starcoder	starcoder:15b-base-fp16	F16	31646287296	1200000
library/starcoder	starcoder:15b-fp16	F16	31646287296	1200000
library/starcoder	starcoder:15b-plus-fp16	F16	31646287296	1200000
library/starcoder2	starcoder2:3b-q2_K	Q2_K	1149187136	3000000
library/starcoder2	starcoder2:3b-q3_K_S	Q3_K_S	1307554880	3000000
library/starcoder2	starcoder2:3b-q3_K_M	Q3_K_M	1513047104	3000000
library/starcoder2	starcoder2:3b-q3_K_L	Q3_K_L	1678591040	3000000
library/starcoder2	starcoder2:3b	Q4_0	1709888576	3000000
library/starcoder2	starcoder2:3b-q4_K_S	Q4_K_S	1743311936	3000000
library/starcoder2	starcoder2:3b-q4_K_M	Q4_K_M	1848976448	3000000
library/starcoder2	starcoder2:3b-q4_1	Q4_1	1899222080	3000000
library/starcoder2	starcoder2:3b-q5_0	Q5_0	2088555584	3000000
library/starcoder2	starcoder2:3b-q5_K_S	Q5_K_S	2088555584	3000000
library/starcoder2	starcoder2:3b-q5_K_M	Q5_K_M	2160206912	3000000
library/starcoder2	starcoder2:3b-q5_1	Q5_1	2277889088	3000000
library/starcoder2	starcoder2:3b-q6_K	Q6_K	2490889280	3000000
library/starcoder2	starcoder2:7b-q2_K	Q2_K	2724543296	3000000
library/starcoder2	starcoder2:7b-q3_K_S	Q3_K_S	3090234176	3000000
library/starcoder2	starcoder2:3b-q8_0	Q8_0	3224556608	3000000
library/starcoder2	starcoder2:7b-q3_K_M	Q3_K_M	3594533696	3000000
library/starcoder2	starcoder2:7b-q3_K_L	Q3_K_L	3985587008	3000000
library/starcoder2	starcoder2:7b	Q4_0	4042799936	3000000
library/starcoder2	starcoder2:7b-q4_K_S	Q4_K_S	4128914240	3000000
library/starcoder2	starcoder2:7b-q4_K_M	Q4_K_M	4402887488	3000000
library/starcoder2	starcoder2:7b-q4_1	Q4_1	4491066176	3000000
library/starcoder2	starcoder2:7b-q5_0	Q5_0	4939332416	3000000
library/starcoder2	starcoder2:7b-q5_K_S	Q5_K_S	4939332416	3000000
library/starcoder2	starcoder2:7b-q5_K_M	Q5_K_M	5124832064	3000000
library/starcoder2	starcoder2:7b-q5_1	Q5_1	5387598656	3000000
library/starcoder2	starcoder2:7b-q6_K	Q6_K	5891898176	3000000
library/starcoder2	starcoder2:3b-fp16	F16	6064559136	3000000
library/starcoder2	starcoder2:15b-q2_K	Q2_K	6192957280	3000000
library/starcoder2	starcoder2:15b-instruct-v0.1-q2_K	Q2_K	6192957856	3000000
library/starcoder2	starcoder2:15b-q3_K_S	Q3_K_S	6986467168	3000000
library/starcoder2	starcoder2:15b-instruct-v0.1-q3_K_S	Q3_K_S	6986467744	3000000
library/starcoder2	starcoder2:7b-q8_0	Q8_0	7628929856	3000000
library/starcoder2	starcoder2:15b-instruct-v0.1-q3_K_M	Q3_K_M	8044415392	3000000
library/starcoder2	starcoder2:15b-q3_K_M	Q3_K_M	8101037920	3000000
library/starcoder2	starcoder2:15b-q3_K_L	Q3_K_L	8965326688	3000000
library/starcoder2	starcoder2:15b-instruct-v0.1-q3_K_L	Q3_K_L	8965327264	3000000
library/starcoder2	starcoder2:15b	Q4_0	9065400160	3000000
library/starcoder2	starcoder2:instruct	Q4_0	9065400736	3000000
library/starcoder2	starcoder2:15b-instruct-v0.1-q4_K_S	Q4_K_S	9161345440	3000000
library/starcoder2	starcoder2:15b-q4_K_S	Q4_K_S	9255716704	3000000
library/starcoder2	starcoder2:15b-q4_K_M	Q4_K_M	9860188000	3000000
library/starcoder2	starcoder2:15b-instruct-v0.1-q4_K_M	Q4_K_M	9860188576	3000000
library/starcoder2	starcoder2:15b-q4_1	Q4_1	10043721568	3000000
library/starcoder2	starcoder2:15b-instruct-v0.1-q4_1	Q4_1	10043722144	3000000
library/starcoder2	starcoder2:15b-q5_0	Q5_0	11022042976	3000000
library/starcoder2	starcoder2:15b-q5_K_S	Q5_K_S	11022042976	3000000
library/starcoder2	starcoder2:15b-instruct-v0.1-q5_0	Q5_0	11022043552	3000000
library/starcoder2	starcoder2:15b-instruct-v0.1-q5_K_S	Q5_K_S	11022043552	3000000
library/starcoder2	starcoder2:15b-q5_K_M	Q5_K_M	11431479136	3000000
library/starcoder2	starcoder2:15b-instruct-v0.1-q5_K_M	Q5_K_M	11431479712	3000000
library/starcoder2	starcoder2:15b-q5_1	Q5_1	12000364384	3000000
library/starcoder2	starcoder2:15b-instruct-v0.1-q5_1	Q5_1	12000364960	3000000
library/starcoder2	starcoder2:15b-q6_K	Q6_K	13100975968	3000000
library/starcoder2	starcoder2:15b-instruct-v0.1-q6_K	Q6_K	13100976544	3000000
library/starcoder2	starcoder2:7b-fp16	F16	14352923424	3000000
library/starcoder2	starcoder2:15b-q8_0	Q8_0	16965109600	3000000
library/starcoder2	starcoder2:15b-instruct-v0.1-q8_0	Q8_0	16965110176	3000000
library/starcoder2	starcoder2:15b-fp16	F16	31923046208	3000000
library/starcoder2	starcoder2:15b-instruct-v0.1-fp16	F16	31923046784	3000000
library/starling-lm	starling-lm:7b-alpha-q2_K	Q2_K	2719251648	980300
library/starling-lm	starling-lm:7b-beta-q2_K	Q2_K	2719251744	980300
library/starling-lm	starling-lm:7b-alpha-q3_K_S	Q3_K_S	3164577792	980300
library/starling-lm	starling-lm:7b-beta-q3_K_S	Q3_K_S	3164577888	980300
library/starling-lm	starling-lm:7b-alpha-q3_K_M	Q3_K_M	3518996480	980300
library/starling-lm	starling-lm:7b-beta-q3_K_M	Q3_K_M	3518996576	980300
library/starling-lm	starling-lm:7b-alpha-q3_K_L	Q3_K_L	3822034944	980300
library/starling-lm	starling-lm:7b-beta-q3_K_L	Q3_K_L	3822035040	980300
library/starling-lm	starling-lm:alpha	Q4_0	4108928064	980300
library/starling-lm	starling-lm:7b	Q4_0	4108928160	980300
library/starling-lm	starling-lm:7b-alpha-q4_K_S	Q4_K_S	4140385344	980300
library/starling-lm	starling-lm:7b-beta-q4_K_S	Q4_K_S	4140385440	980300
library/starling-lm	starling-lm:7b-alpha-q4_K_M	Q4_K_M	4368450624	980300
library/starling-lm	starling-lm:7b-beta-q4_K_M	Q4_K_M	4368450720	980300
library/starling-lm	starling-lm:7b-alpha-q4_1	Q4_1	4553328192	980300
library/starling-lm	starling-lm:7b-beta-q4_1	Q4_1	4553328288	980300
library/starling-lm	starling-lm:7b-alpha-q5_0	Q5_0	4997728320	980300
library/starling-lm	starling-lm:7b-alpha-q5_K_S	Q5_K_S	4997728320	980300
library/starling-lm	starling-lm:7b-beta-q5_0	Q5_0	4997728416	980300
library/starling-lm	starling-lm:7b-beta-q5_K_S	Q5_K_S	4997728416	980300
library/starling-lm	starling-lm:7b-alpha-q5_K_M	Q5_K_M	5131421760	980300
library/starling-lm	starling-lm:7b-beta-q5_K_M	Q5_K_M	5131421856	980300
library/starling-lm	starling-lm:7b-alpha-q5_1	Q5_1	5442128448	980300
library/starling-lm	starling-lm:7b-beta-q5_1	Q5_1	5442128544	980300
library/starling-lm	starling-lm:7b-alpha-q6_K	Q6_K	5942078592	980300
library/starling-lm	starling-lm:7b-beta-q6_K	Q6_K	5942078688	980300
library/starling-lm	starling-lm:7b-alpha-q8_0	Q8_0	7695875072	980300
library/starling-lm	starling-lm:7b-beta-q8_0	Q8_0	7695875168	980300
library/starling-lm	starling-lm:7b-alpha-fp16	F16	14484764640	980300
library/starling-lm	starling-lm:7b-beta-fp16	F16	14484764736	980300
library/tinydolphin	tinydolphin:1.1b-v2.8-q2_K	Q2_K	432135328	722600
library/tinydolphin	tinydolphin:1.1b-v2.8-q3_K_S	Q3_K_S	499347008	722600
library/tinydolphin	tinydolphin:1.1b-v2.8-q3_K_M	Q3_K_M	548408896	722600
library/tinydolphin	tinydolphin:1.1b-v2.8-q3_K_L	Q3_K_L	591531584	722600
library/tinydolphin	tinydolphin:1.1b	Q4_0	636731488	722600
library/tinydolphin	tinydolphin:1.1b-v2.8-q4_K_S	Q4_K_S	639877216	722600
library/tinydolphin	tinydolphin:1.1b-v2.8-q4_K_M	Q4_K_M	667820128	722600
library/tinydolphin	tinydolphin:1.1b-v2.8-q4_1	Q4_1	701383008	722600
library/tinydolphin	tinydolphin:1.1b-v2.8-q5_0	Q5_0	766034528	722600
library/tinydolphin	tinydolphin:1.1b-v2.8-q5_K_S	Q5_K_S	766034528	722600
library/tinydolphin	tinydolphin:1.1b-v2.8-q5_K_M	Q5_K_M	782049888	722600
library/tinydolphin	tinydolphin:1.1b-v2.8-q5_1	Q5_1	830686048	722600
library/tinydolphin	tinydolphin:1.1b-v2.8-q6_K	Q6_K	903419008	722600
library/tinydolphin	tinydolphin:1.1b-v2.8-q8_0	Q8_0	1169816640	722600
library/tinydolphin	tinydolphin:1.1b-v2.8-fp16	F16	2201033216	722600
library/tinyllama	tinyllama:1.1b-chat-v0.6-q2_K	Q2_K	483116416	5500000
library/tinyllama	tinyllama:1.1b-chat-v1-q2_K	Q2_K	483116416	5500000
library/tinyllama	tinyllama:1.1b-chat-v0.6-q3_K_S	Q3_K_S	500315520	5500000
library/tinyllama	tinyllama:1.1b-chat-v1-q3_K_S	Q3_K_S	500315520	5500000
library/tinyllama	tinyllama:1.1b-chat-v0.6-q3_K_M	Q3_K_M	550819200	5500000
library/tinyllama	tinyllama:1.1b-chat-v1-q3_K_M	Q3_K_M	550819200	5500000
library/tinyllama	tinyllama:1.1b-chat-v0.6-q3_K_L	Q3_K_L	592500096	5500000
library/tinyllama	tinyllama:1.1b-chat-v1-q3_K_L	Q3_K_L	592500096	5500000
library/tinyllama	tinyllama:v1	Q4_0	637699456	5500000
library/tinyllama	tinyllama:v0.6	Q4_0	637699456	5500000
library/tinyllama	tinyllama:1.1b-chat-v0.6-q4_K_S	Q4_K_S	643728768	5500000
library/tinyllama	tinyllama:1.1b-chat-v1-q4_K_S	Q4_K_S	643728768	5500000
library/tinyllama	tinyllama:1.1b-chat-v0.6-q4_K_M	Q4_K_M	668788096	5500000
library/tinyllama	tinyllama:1.1b-chat-v1-q4_K_M	Q4_K_M	668788096	5500000
library/tinyllama	tinyllama:1.1b-chat-v0.6-q4_1	Q4_1	702350720	5500000
library/tinyllama	tinyllama:1.1b-chat-v1-q4_1	Q4_1	702350720	5500000
library/tinyllama	tinyllama:1.1b-chat-v0.6-q5_0	Q5_0	767001984	5500000
library/tinyllama	tinyllama:1.1b-chat-v0.6-q5_K_S	Q5_K_S	767001984	5500000
library/tinyllama	tinyllama:1.1b-chat-v1-q5_0	Q5_0	767001984	5500000
library/tinyllama	tinyllama:1.1b-chat-v1-q5_K_S	Q5_K_S	767001984	5500000
library/tinyllama	tinyllama:1.1b-chat-v0.6-q5_K_M	Q5_K_M	783017344	5500000
library/tinyllama	tinyllama:1.1b-chat-v1-q5_K_M	Q5_K_M	783017344	5500000
library/tinyllama	tinyllama:1.1b-chat-v0.6-q5_1	Q5_1	831653248	5500000
library/tinyllama	tinyllama:1.1b-chat-v1-q5_1	Q5_1	831653248	5500000
library/tinyllama	tinyllama:1.1b-chat-v0.6-q6_K	Q6_K	904385920	5500000
library/tinyllama	tinyllama:1.1b-chat-v1-q6_K	Q6_K	904385920	5500000
library/tinyllama	tinyllama:1.1b-chat-v0.6-q8_0	Q8_0	1170781568	5500000
library/tinyllama	tinyllama:1.1b-chat-v1-q8_0	Q8_0	1170781568	5500000
library/tinyllama	tinyllama:1.1b-chat-v0.6-fp16	F16	2201990464	5500000
library/tinyllama	tinyllama:1.1b-chat-v1-fp16	F16	2201990464	5500000
library/translategemma	translategemma:4b	Q4_K_M	3298866368	2200000
library/translategemma	translategemma:4b-it-q8_0	Q8_0	4946520000	2200000
library/translategemma	translategemma:12b	Q4_K_M	8109818272	2200000
library/translategemma	translategemma:4b-it-bf16	BF16	8617513888	2200000
library/translategemma	translategemma:12b-it-q8_0	Q8_0	13329279520	2200000
library/translategemma	translategemma:27b	Q4_K_M	17358640928	2200000
library/translategemma	translategemma:12b-it-bf16	BF16	24392811008	2200000
library/translategemma	translategemma:27b-it-q8_0	Q8_0	29530578080	2200000
library/translategemma	translategemma:27b-it-bf16	BF16	54884162688	2200000
library/vicuna	vicuna:7b-q2_K	Q2_K	2825940672	1200000
library/vicuna	vicuna:7b-v1.5-q2_K	Q2_K	2825940672	1200000
library/vicuna	vicuna:7b-v1.5-16k-q2_K	Q2_K	2825940704	1200000
library/vicuna	vicuna:7b-q3_K_S	Q3_K_S	2948304576	1200000
library/vicuna	vicuna:7b-v1.5-q3_K_S	Q3_K_S	2948304576	1200000
library/vicuna	vicuna:7b-v1.5-16k-q3_K_S	Q3_K_S	2948304608	1200000
library/vicuna	vicuna:7b-q3_K_M	Q3_K_M	3298004672	1200000
library/vicuna	vicuna:7b-v1.5-q3_K_M	Q3_K_M	3298004672	1200000
library/vicuna	vicuna:7b-v1.5-16k-q3_K_M	Q3_K_M	3298004704	1200000
library/vicuna	vicuna:7b-q3_K_L	Q3_K_L	3597110976	1200000
library/vicuna	vicuna:7b-v1.5-q3_K_L	Q3_K_L	3597110976	1200000
library/vicuna	vicuna:7b-v1.5-16k-q3_K_L	Q3_K_L	3597111008	1200000
library/vicuna	vicuna:7b	Q4_0	3825807040	1200000
library/vicuna	vicuna:7b-q4_0	Q4_0	3825807040	1200000
library/vicuna	vicuna:7b-16k	Q4_0	3825807072	1200000
library/vicuna	vicuna:7b-q4_K_S	Q4_K_S	3856740032	1200000
library/vicuna	vicuna:7b-v1.5-q4_K_S	Q4_K_S	3856740032	1200000
library/vicuna	vicuna:7b-v1.5-16k-q4_K_S	Q4_K_S	3856740064	1200000
library/vicuna	vicuna:7b-q4_K_M	Q4_K_M	4081004224	1200000
library/vicuna	vicuna:7b-v1.5-q4_K_M	Q4_K_M	4081004224	1200000
library/vicuna	vicuna:7b-v1.5-16k-q4_K_M	Q4_K_M	4081004256	1200000
library/vicuna	vicuna:7b-q4_1	Q4_1	4238749376	1200000
library/vicuna	vicuna:7b-v1.5-q4_1	Q4_1	4238749376	1200000
library/vicuna	vicuna:7b-v1.5-16k-q4_1	Q4_1	4238749408	1200000
library/vicuna	vicuna:7b-q5_0	Q5_0	4651691712	1200000
library/vicuna	vicuna:7b-q5_K_S	Q5_K_S	4651691712	1200000
library/vicuna	vicuna:7b-v1.5-q5_0	Q5_0	4651691712	1200000
library/vicuna	vicuna:7b-v1.5-q5_K_S	Q5_K_S	4651691712	1200000
library/vicuna	vicuna:7b-v1.5-16k-q5_0	Q5_0	4651691744	1200000
library/vicuna	vicuna:7b-v1.5-16k-q5_K_S	Q5_K_S	4651691744	1200000
library/vicuna	vicuna:7b-q5_K_M	Q5_K_M	4783156928	1200000
library/vicuna	vicuna:7b-v1.5-q5_K_M	Q5_K_M	4783156928	1200000
library/vicuna	vicuna:7b-v1.5-16k-q5_K_M	Q5_K_M	4783156960	1200000
library/vicuna	vicuna:7b-q5_1	Q5_1	5064634048	1200000
library/vicuna	vicuna:7b-v1.5-q5_1	Q5_1	5064634048	1200000
library/vicuna	vicuna:7b-v1.5-16k-q5_1	Q5_1	5064634080	1200000
library/vicuna	vicuna:13b-q2_K	Q2_K	5429348224	1200000
library/vicuna	vicuna:13b-v1.5-q2_K	Q2_K	5429348224	1200000
library/vicuna	vicuna:13b-v1.5-16k-q2_K	Q2_K	5429348288	1200000
library/vicuna	vicuna:7b-q6_K	Q6_K	5529194176	1200000
library/vicuna	vicuna:7b-v1.5-q6_K	Q6_K	5529194176	1200000
library/vicuna	vicuna:7b-v1.5-16k-q6_K	Q6_K	5529194208	1200000
library/vicuna	vicuna:13b-q3_K_S	Q3_K_S	5658980224	1200000
library/vicuna	vicuna:13b-v1.5-q3_K_S	Q3_K_S	5658980224	1200000
library/vicuna	vicuna:13b-v1.5-16k-q3_K_S	Q3_K_S	5658980288	1200000
library/vicuna	vicuna:13b-q3_K_M	Q3_K_M	6337769344	1200000
library/vicuna	vicuna:13b-v1.5-q3_K_M	Q3_K_M	6337769344	1200000
library/vicuna	vicuna:13b-v1.5-16k-q3_K_M	Q3_K_M	6337769408	1200000
library/vicuna	vicuna:13b-q3_K_L	Q3_K_L	6929559424	1200000
library/vicuna	vicuna:13b-v1.5-q3_K_L	Q3_K_L	6929559424	1200000
library/vicuna	vicuna:13b-v1.5-16k-q3_K_L	Q3_K_L	6929559488	1200000
library/vicuna	vicuna:7b-q8_0	Q8_0	7161089728	1200000
library/vicuna	vicuna:7b-v1.5-q8_0	Q8_0	7161089728	1200000
library/vicuna	vicuna:7b-v1.5-16k-q8_0	Q8_0	7161089760	1200000
library/vicuna	vicuna:13b	Q4_0	7365834624	1200000
library/vicuna	vicuna:13b-q4_0	Q4_0	7365834624	1200000
library/vicuna	vicuna:13b-16k	Q4_0	7365834688	1200000
library/vicuna	vicuna:13b-q4_K_S	Q4_K_S	7414331264	1200000
library/vicuna	vicuna:13b-v1.5-q4_K_S	Q4_K_S	7414331264	1200000
library/vicuna	vicuna:13b-v1.5-16k-q4_K_S	Q4_K_S	7414331328	1200000
library/vicuna	vicuna:13b-q4_K_M	Q4_K_M	7865956224	1200000
library/vicuna	vicuna:13b-v1.5-q4_K_M	Q4_K_M	7865956224	1200000
library/vicuna	vicuna:13b-v1.5-16k-q4_K_M	Q4_K_M	7865956288	1200000
library/vicuna	vicuna:13b-q4_1	Q4_1	8169060224	1200000
library/vicuna	vicuna:13b-v1.5-q4_1	Q4_1	8169060224	1200000
library/vicuna	vicuna:13b-v1.5-16k-q4_1	Q4_1	8169060288	1200000
library/vicuna	vicuna:13b-q5_0	Q5_0	8972285824	1200000
library/vicuna	vicuna:13b-q5_K_S	Q5_K_S	8972285824	1200000
library/vicuna	vicuna:13b-v1.5-q5_0	Q5_0	8972285824	1200000
library/vicuna	vicuna:13b-v1.5-q5_K_S	Q5_K_S	8972285824	1200000
library/vicuna	vicuna:13b-v1.5-16k-q5_0	Q5_0	8972285888	1200000
library/vicuna	vicuna:13b-v1.5-16k-q5_K_S	Q5_K_S	8972285888	1200000
library/vicuna	vicuna:13b-q5_K_M	Q5_K_M	9229924224	1200000
library/vicuna	vicuna:13b-v1.5-q5_K_M	Q5_K_M	9229924224	1200000
library/vicuna	vicuna:13b-v1.5-16k-q5_K_M	Q5_K_M	9229924288	1200000
library/vicuna	vicuna:13b-q5_1	Q5_1	9775511424	1200000
library/vicuna	vicuna:13b-v1.5-q5_1	Q5_1	9775511424	1200000
library/vicuna	vicuna:13b-v1.5-16k-q5_1	Q5_1	9775511488	1200000
library/vicuna	vicuna:13b-q6_K	Q6_K	10679140224	1200000
library/vicuna	vicuna:13b-v1.5-q6_K	Q6_K	10679140224	1200000
library/vicuna	vicuna:13b-v1.5-16k-q6_K	Q6_K	10679140288	1200000
library/vicuna	vicuna:7b-fp16	F16	13478104704	1200000
library/vicuna	vicuna:7b-v1.5-fp16	F16	13478104736	1200000
library/vicuna	vicuna:7b-v1.5-16k-fp16	F16	13478104768	1200000
library/vicuna	vicuna:33b-q2_K	Q2_K	13502545312	1200000
library/vicuna	vicuna:13b-q8_0	Q8_0	13831319424	1200000
library/vicuna	vicuna:13b-v1.5-q8_0	Q8_0	13831319424	1200000
library/vicuna	vicuna:13b-v1.5-16k-q8_0	Q8_0	13831319488	1200000
library/vicuna	vicuna:33b-q3_K_S	Q3_K_S	14064112032	1200000
library/vicuna	vicuna:33b-q3_K_M	Q3_K_M	15761551776	1200000
library/vicuna	vicuna:33b-q3_K_L	Q3_K_L	17279758752	1200000
library/vicuna	vicuna:33b	Q4_0	18355967392	1200000
library/vicuna	vicuna:33b-q4_K_S	Q4_K_S	18437756320	1200000
library/vicuna	vicuna:33b-q4_K_M	Q4_K_M	19621139872	1200000
library/vicuna	vicuna:33b-q4_1	Q4_1	20375664032	1200000
library/vicuna	vicuna:33b-q5_0	Q5_0	22395360672	1200000
library/vicuna	vicuna:33b-q5_K_S	Q5_K_S	22395360672	1200000
library/vicuna	vicuna:33b-q5_K_M	Q5_K_M	23047116192	1200000
library/vicuna	vicuna:33b-q5_1	Q5_1	24415057312	1200000
library/vicuna	vicuna:13b-fp16	F16	26033303392	1200000
library/vicuna	vicuna:13b-v1.5-fp16	F16	26033303392	1200000
library/vicuna	vicuna:13b-v1.5-16k-fp16	F16	26033303424	1200000
library/vicuna	vicuna:33b-q6_K	Q6_K	26687216032	1200000
library/vicuna	vicuna:33b-q8_0	Q8_0	34565124512	1200000
library/vicuna	vicuna:33b-fp16	F16	65060254048	1200000
library/wizard-math	wizard-math:7b-q2_K	Q2_K	2825945408	1000000
library/wizard-math	wizard-math:7b-q3_K_S	Q3_K_S	2948309728	1000000
library/wizard-math	wizard-math:7b-v1.1-q2_K	Q2_K	3083097760	1000000
library/wizard-math	wizard-math:7b-v1.1-q3_K_S	Q3_K_S	3164567200	1000000
library/wizard-math	wizard-math:7b-q3_K_M	Q3_K_M	3298009824	1000000
library/wizard-math	wizard-math:7b-v1.1-q3_K_M	Q3_K_M	3518985888	1000000
library/wizard-math	wizard-math:7b-q3_K_L	Q3_K_L	3597116128	1000000
library/wizard-math	wizard-math:7b-v1.1-q3_K_L	Q3_K_L	3822024352	1000000
library/wizard-math	wizard-math:7b-q4_0	Q4_0	3825812736	1000000
library/wizard-math	wizard-math:7b-q4_K_S	Q4_K_S	3856745728	1000000
library/wizard-math	wizard-math:7b-q4_K_M	Q4_K_M	4081009920	1000000
library/wizard-math	wizard-math:7b	Q4_0	4108916384	1000000
library/wizard-math	wizard-math:7b-v1.1-q4_K_S	Q4_K_S	4140373664	1000000
library/wizard-math	wizard-math:7b-q4_1	Q4_1	4238755328	1000000
library/wizard-math	wizard-math:7b-v1.1-q4_K_M	Q4_K_M	4368438944	1000000
library/wizard-math	wizard-math:7b-v1.1-q4_1	Q4_1	4553316000	1000000
library/wizard-math	wizard-math:7b-q5_0	Q5_0	4651697920	1000000
library/wizard-math	wizard-math:7b-q5_K_S	Q5_K_S	4651697920	1000000
library/wizard-math	wizard-math:7b-q5_K_M	Q5_K_M	4783163136	1000000
library/wizard-math	wizard-math:7b-v1.1-q5_0	Q5_0	4997715616	1000000
library/wizard-math	wizard-math:7b-v1.1-q5_K_S	Q5_K_S	4997715616	1000000
library/wizard-math	wizard-math:7b-q5_1	Q5_1	5064640512	1000000
library/wizard-math	wizard-math:7b-v1.1-q5_K_M	Q5_K_M	5131409056	1000000
library/wizard-math	wizard-math:13b-q2_K	Q2_K	5429354176	1000000
library/wizard-math	wizard-math:7b-v1.1-q5_1	Q5_1	5442115232	1000000
library/wizard-math	wizard-math:7b-q6_K	Q6_K	5529200928	1000000
library/wizard-math	wizard-math:13b-q3_K_S	Q3_K_S	5658986688	1000000
library/wizard-math	wizard-math:7b-v1.1-q6_K	Q6_K	5942064800	1000000
library/wizard-math	wizard-math:13b-q3_K_M	Q3_K_M	6337775808	1000000
library/wizard-math	wizard-math:13b-q3_K_L	Q3_K_L	6929565888	1000000
library/wizard-math	wizard-math:7b-q8_0	Q8_0	7161098464	1000000
library/wizard-math	wizard-math:13b	Q4_0	7365841760	1000000
library/wizard-math	wizard-math:13b-q4_K_S	Q4_K_S	7414338400	1000000
library/wizard-math	wizard-math:7b-v1.1-q8_0	Q8_0	7695857312	1000000
library/wizard-math	wizard-math:13b-q4_K_M	Q4_K_M	7865963360	1000000
library/wizard-math	wizard-math:13b-q4_1	Q4_1	8169067680	1000000
library/wizard-math	wizard-math:13b-q5_0	Q5_0	8972293600	1000000
library/wizard-math	wizard-math:13b-q5_K_S	Q5_K_S	8972293600	1000000
library/wizard-math	wizard-math:13b-q5_K_M	Q5_K_M	9229932000	1000000
library/wizard-math	wizard-math:13b-q5_1	Q5_1	9775519520	1000000
library/wizard-math	wizard-math:13b-q6_K	Q6_K	10679148704	1000000
library/wizard-math	wizard-math:7b-fp16	F16	13478121120	1000000
library/wizard-math	wizard-math:13b-q8_0	Q8_0	13831330336	1000000
library/wizard-math	wizard-math:7b-v1.1-fp16	F16	14484731520	1000000
library/wizard-math	wizard-math:13b-fp16	F16	26033323904	1000000
library/wizard-math	wizard-math:70b-q2_K	Q2_K	29279272256	1000000
library/wizard-math	wizard-math:70b-q3_K_S	Q3_K_S	29919314880	1000000
library/wizard-math	wizard-math:70b-q3_K_M	Q3_K_M	33186677696	1000000
library/wizard-math	wizard-math:70b-q3_K_L	Q3_K_L	36147856320	1000000
library/wizard-math	wizard-math:70b	Q4_0	38872271936	1000000
library/wizard-math	wizard-math:70b-q4_K_S	Q4_K_S	39073598528	1000000
library/wizard-math	wizard-math:70b-q4_K_M	Q4_K_M	41422933056	1000000
library/wizard-math	wizard-math:70b-q4_1	Q4_1	43166847040	1000000
library/wizard-math	wizard-math:70b-q5_0	Q5_0	47461422144	1000000
library/wizard-math	wizard-math:70b-q5_K_S	Q5_K_S	47461422144	1000000
library/wizard-math	wizard-math:70b-q5_K_M	Q5_K_M	48753792064	1000000
library/wizard-math	wizard-math:70b-q5_1	Q5_1	51755997248	1000000
library/wizard-math	wizard-math:70b-q6_K	Q6_K	56587394240	1000000
library/wizard-math	wizard-math:70b-q8_0	Q8_0	73292364736	1000000
library/wizard-math	wizard-math:70b-fp16	F16	137956766624	1000000
library/wizard-vicuna-uncensored	wizard-vicuna-uncensored:7b-q2_K	Q2_K	2825940672	1300000
library/wizard-vicuna-uncensored	wizard-vicuna-uncensored:7b-q3_K_S	Q3_K_S	2948304576	1300000
library/wizard-vicuna-uncensored	wizard-vicuna-uncensored:7b-q3_K_M	Q3_K_M	3298004672	1300000
library/wizard-vicuna-uncensored	wizard-vicuna-uncensored:7b-q3_K_L	Q3_K_L	3597110976	1300000
library/wizard-vicuna-uncensored	wizard-vicuna-uncensored:7b	Q4_0	3825807040	1300000
library/wizard-vicuna-uncensored	wizard-vicuna-uncensored:7b-q4_K_S	Q4_K_S	3856740032	1300000
library/wizard-vicuna-uncensored	wizard-vicuna-uncensored:7b-q4_K_M	Q4_K_M	4081004224	1300000
library/wizard-vicuna-uncensored	wizard-vicuna-uncensored:7b-q4_1	Q4_1	4238749376	1300000
library/wizard-vicuna-uncensored	wizard-vicuna-uncensored:7b-q5_0	Q5_0	4651691712	1300000
library/wizard-vicuna-uncensored	wizard-vicuna-uncensored:7b-q5_K_S	Q5_K_S	4651691712	1300000
library/wizard-vicuna-uncensored	wizard-vicuna-uncensored:7b-q5_K_M	Q5_K_M	4783156928	1300000
library/wizard-vicuna-uncensored	wizard-vicuna-uncensored:7b-q5_1	Q5_1	5064634048	1300000
library/wizard-vicuna-uncensored	wizard-vicuna-uncensored:13b-q2_K	Q2_K	5429348224	1300000
library/wizard-vicuna-uncensored	wizard-vicuna-uncensored:7b-q6_K	Q6_K	5529194176	1300000
library/wizard-vicuna-uncensored	wizard-vicuna-uncensored:13b-q3_K_S	Q3_K_S	5658980224	1300000
library/wizard-vicuna-uncensored	wizard-vicuna-uncensored:13b-q3_K_M	Q3_K_M	6337769344	1300000
library/wizard-vicuna-uncensored	wizard-vicuna-uncensored:13b-q3_K_L	Q3_K_L	6929559424	1300000
library/wizard-vicuna-uncensored	wizard-vicuna-uncensored:7b-q8_0	Q8_0	7161089728	1300000
library/wizard-vicuna-uncensored	wizard-vicuna-uncensored:13b	Q4_0	7365834624	1300000
library/wizard-vicuna-uncensored	wizard-vicuna-uncensored:13b-q4_K_S	Q4_K_S	7414331264	1300000
library/wizard-vicuna-uncensored	wizard-vicuna-uncensored:13b-q4_K_M	Q4_K_M	7865956224	1300000
library/wizard-vicuna-uncensored	wizard-vicuna-uncensored:13b-q4_1	Q4_1	8169060224	1300000
library/wizard-vicuna-uncensored	wizard-vicuna-uncensored:13b-q5_0	Q5_0	8972285824	1300000
library/wizard-vicuna-uncensored	wizard-vicuna-uncensored:13b-q5_K_S	Q5_K_S	8972285824	1300000
library/wizard-vicuna-uncensored	wizard-vicuna-uncensored:13b-q5_K_M	Q5_K_M	9229924224	1300000
library/wizard-vicuna-uncensored	wizard-vicuna-uncensored:13b-q5_1	Q5_1	9775511424	1300000
library/wizard-vicuna-uncensored	wizard-vicuna-uncensored:13b-q6_K	Q6_K	10679140224	1300000
library/wizard-vicuna-uncensored	wizard-vicuna-uncensored:7b-fp16	F16	13478104736	1300000
library/wizard-vicuna-uncensored	wizard-vicuna-uncensored:30b-q2_K	Q2_K	13502545312	1300000
library/wizard-vicuna-uncensored	wizard-vicuna-uncensored:13b-q8_0	Q8_0	13831319424	1300000
library/wizard-vicuna-uncensored	wizard-vicuna-uncensored:30b-q3_K_S	Q3_K_S	14064112032	1300000
library/wizard-vicuna-uncensored	wizard-vicuna-uncensored:30b-q3_K_M	Q3_K_M	15761551776	1300000
library/wizard-vicuna-uncensored	wizard-vicuna-uncensored:30b-q3_K_L	Q3_K_L	17279758752	1300000
library/wizard-vicuna-uncensored	wizard-vicuna-uncensored:30b	Q4_0	18355967392	1300000
library/wizard-vicuna-uncensored	wizard-vicuna-uncensored:30b-q4_K_S	Q4_K_S	18437756320	1300000
library/wizard-vicuna-uncensored	wizard-vicuna-uncensored:30b-q4_K_M	Q4_K_M	19621139872	1300000
library/wizard-vicuna-uncensored	wizard-vicuna-uncensored:30b-q4_1	Q4_1	20375664032	1300000
library/wizard-vicuna-uncensored	wizard-vicuna-uncensored:30b-q5_0	Q5_0	22395360672	1300000
library/wizard-vicuna-uncensored	wizard-vicuna-uncensored:30b-q5_K_S	Q5_K_S	22395360672	1300000
library/wizard-vicuna-uncensored	wizard-vicuna-uncensored:30b-q5_K_M	Q5_K_M	23047116160	1300000
library/wizard-vicuna-uncensored	wizard-vicuna-uncensored:30b-q5_1	Q5_1	24415057312	1300000
library/wizard-vicuna-uncensored	wizard-vicuna-uncensored:13b-fp16	F16	26033303392	1300000
library/wizard-vicuna-uncensored	wizard-vicuna-uncensored:30b-q6_K	Q6_K	26687216032	1300000
library/wizard-vicuna-uncensored	wizard-vicuna-uncensored:30b-q8_0	Q8_0	34565124512	1300000
library/wizard-vicuna-uncensored	wizard-vicuna-uncensored:30b-fp16	F16	65060254048	1300000
library/wizardcoder	wizardcoder:7b-python-q2_K	Q2_K	2825945440	1100000
library/wizardcoder	wizardcoder:7b-python-q3_K_S	Q3_K_S	2948309760	1100000
library/wizardcoder	wizardcoder:7b-python-q3_K_M	Q3_K_M	3298009856	1100000
library/wizardcoder	wizardcoder:7b-python-q3_K_L	Q3_K_L	3597116160	1100000
library/wizardcoder	wizardcoder:python	Q4_0	3825812768	1100000
library/wizardcoder	wizardcoder:7b-python-q4_K_S	Q4_K_S	3856745760	1100000
library/wizardcoder	wizardcoder:7b-python-q4_K_M	Q4_K_M	4081009952	1100000
library/wizardcoder	wizardcoder:7b-python-q4_1	Q4_1	4238755360	1100000
library/wizardcoder	wizardcoder:7b-python-q5_0	Q5_0	4651697952	1100000
library/wizardcoder	wizardcoder:7b-python-q5_K_S	Q5_K_S	4651697952	1100000
library/wizardcoder	wizardcoder:7b-python-q5_K_M	Q5_K_M	4783163168	1100000
library/wizardcoder	wizardcoder:7b-python-q5_1	Q5_1	5064640544	1100000
library/wizardcoder	wizardcoder:13b-python-q2_K	Q2_K	5429354208	1100000
library/wizardcoder	wizardcoder:7b-python-q6_K	Q6_K	5529200960	1100000
library/wizardcoder	wizardcoder:13b-python-q3_K_S	Q3_K_S	5658986720	1100000
library/wizardcoder	wizardcoder:13b-python-q3_K_M	Q3_K_M	6337775840	1100000
library/wizardcoder	wizardcoder:13b-python-q3_K_L	Q3_K_L	6929565920	1100000
library/wizardcoder	wizardcoder:7b-python-q8_0	Q8_0	7161098496	1100000
library/wizardcoder	wizardcoder:13b-python	Q4_0	7365841792	1100000
library/wizardcoder	wizardcoder:13b-python-q4_K_S	Q4_K_S	7414338432	1100000
library/wizardcoder	wizardcoder:13b-python-q4_K_M	Q4_K_M	7865963392	1100000
library/wizardcoder	wizardcoder:13b-python-q4_1	Q4_1	8169067712	1100000
library/wizardcoder	wizardcoder:13b-python-q5_0	Q5_0	8972293632	1100000
library/wizardcoder	wizardcoder:13b-python-q5_K_S	Q5_K_S	8972293632	1100000
library/wizardcoder	wizardcoder:13b-python-q5_K_M	Q5_K_M	9229932032	1100000
library/wizardcoder	wizardcoder:13b-python-q5_1	Q5_1	9775519552	1100000
library/wizardcoder	wizardcoder:13b-python-q6_K	Q6_K	10679148736	1100000
library/wizardcoder	wizardcoder:7b-python-fp16	F16	13478121152	1100000
library/wizardcoder	wizardcoder:13b-python-q8_0	Q8_0	13831330368	1100000
library/wizardcoder	wizardcoder:33b-v1.1-q2_K	Q2_K	14028664960	1100000
library/wizardcoder	wizardcoder:34b-python-q2_K	Q2_K	14210684256	1100000
library/wizardcoder	wizardcoder:33b-v1.1-q3_K_S	Q3_K_S	14421901440	1100000
library/wizardcoder	wizardcoder:34b-python-q3_K_S	Q3_K_S	14605359264	1100000
library/wizardcoder	wizardcoder:33b-v1.1-q3_K_M	Q3_K_M	16074928256	1100000
library/wizardcoder	wizardcoder:34b-python-q3_K_M	Q3_K_M	16283605152	1100000
library/wizardcoder	wizardcoder:33b-v1.1-q3_K_L	Q3_K_L	17560367232	1100000
library/wizardcoder	wizardcoder:34b-python-q3_K_L	Q3_K_L	17771534496	1100000
library/wizardcoder	wizardcoder:33b	Q4_0	18819440768	1100000
library/wizardcoder	wizardcoder:33b-v1.1-q4_K_S	Q4_K_S	18891923584	1100000
library/wizardcoder	wizardcoder:34b-python	Q4_0	19052059872	1100000
library/wizardcoder	wizardcoder:34b-python-q4_K_S	Q4_K_S	19146431712	1100000
library/wizardcoder	wizardcoder:33b-v1.1-q4_K_M	Q4_K_M	19940659328	1100000
library/wizardcoder	wizardcoder:34b-python-q4_K_M	Q4_K_M	20219911392	1100000
library/wizardcoder	wizardcoder:33b-v1.1-q4_1	Q4_1	20888871040	1100000
library/wizardcoder	wizardcoder:34b-python-q4_1	Q4_1	21144624864	1100000
library/wizardcoder	wizardcoder:33b-v1.1-q5_0	Q5_0	22958301312	1100000
library/wizardcoder	wizardcoder:33b-v1.1-q5_K_S	Q5_K_S	22958301312	1100000
library/wizardcoder	wizardcoder:34b-python-q5_0	Q5_0	23237189856	1100000
library/wizardcoder	wizardcoder:34b-python-q5_K_S	Q5_K_S	23237189856	1100000
library/wizardcoder	wizardcoder:33b-v1.1-q5_K_M	Q5_K_M	23535898752	1100000
library/wizardcoder	wizardcoder:34b-python-q5_K_M	Q5_K_M	23838810336	1100000
library/wizardcoder	wizardcoder:33b-v1.1-q5_1	Q5_1	25027731584	1100000
library/wizardcoder	wizardcoder:34b-python-q5_1	Q5_1	25329754848	1100000
library/wizardcoder	wizardcoder:13b-python-fp16	F16	26033323936	1100000
library/wizardcoder	wizardcoder:33b-v1.1-q6_K	Q6_K	27355840640	1100000
library/wizardcoder	wizardcoder:34b-python-q6_K	Q6_K	27683890464	1100000
library/wizardcoder	wizardcoder:33b-v1.1-q8_0	Q8_0	35430879360	1100000
library/wizardcoder	wizardcoder:34b-python-q8_0	Q8_0	35856069792	1100000
library/wizardcoder	wizardcoder:33b-v1.1-fp16	F16	66689093728	1100000
library/wizardcoder	wizardcoder:34b-python-fp16	F16	67490312288	1100000
library/wizardlm	wizardlm:7b-q2_K	Q2_K	2825945408	905300
library/wizardlm	wizardlm:7b-q3_K_S	Q3_K_S	2948309728	905300
library/wizardlm	wizardlm:7b-q3_K_M	Q3_K_M	3298009824	905300
library/wizardlm	wizardlm:7b-q3_K_L	Q3_K_L	3597116128	905300
library/wizardlm	wizardlm:7b-q4_0	Q4_0	3825812736	905300
library/wizardlm	wizardlm:7b-q4_K_S	Q4_K_S	3856745728	905300
library/wizardlm	wizardlm:7b-q4_K_M	Q4_K_M	4081009920	905300
library/wizardlm	wizardlm:7b-q4_1	Q4_1	4238755328	905300
library/wizardlm	wizardlm:7b-q5_0	Q5_0	4651697920	905300
library/wizardlm	wizardlm:7b-q5_K_S	Q5_K_S	4651697920	905300
library/wizardlm	wizardlm:7b-q5_K_M	Q5_K_M	4783163136	905300
library/wizardlm	wizardlm:7b-q5_1	Q5_1	5064640512	905300
library/wizardlm	wizardlm:13b-llama2-q2_K	Q2_K	5429348224	905300
library/wizardlm	wizardlm:13b-q2_K	Q2_K	5429354176	905300
library/wizardlm	wizardlm:7b-q6_K	Q6_K	5529200928	905300
library/wizardlm	wizardlm:13b-llama2-q3_K_S	Q3_K_S	5658980224	905300
library/wizardlm	wizardlm:13b-q3_K_S	Q3_K_S	5658986688	905300
library/wizardlm	wizardlm:13b-llama2-q3_K_M	Q3_K_M	6337769344	905300
library/wizardlm	wizardlm:13b-q3_K_M	Q3_K_M	6337775808	905300
library/wizardlm	wizardlm:13b-llama2-q3_K_L	Q3_K_L	6929559424	905300
library/wizardlm	wizardlm:13b-q3_K_L	Q3_K_L	6929565888	905300
library/wizardlm	wizardlm:7b-q8_0	Q8_0	7161098464	905300
library/wizardlm	wizardlm:13b-llama2-q4_0	Q4_0	7365834624	905300
library/wizardlm	wizardlm:13b-q4_0	Q4_0	7365841760	905300
library/wizardlm	wizardlm:13b-llama2-q4_K_S	Q4_K_S	7414331264	905300
library/wizardlm	wizardlm:13b-q4_K_S	Q4_K_S	7414338400	905300
library/wizardlm	wizardlm:13b-llama2-q4_K_M	Q4_K_M	7865956224	905300
library/wizardlm	wizardlm:13b-q4_K_M	Q4_K_M	7865963360	905300
library/wizardlm	wizardlm:13b-llama2-q4_1	Q4_1	8169060224	905300
library/wizardlm	wizardlm:13b-q4_1	Q4_1	8169067680	905300
library/wizardlm	wizardlm:13b-llama2-q5_0	Q5_0	8972285824	905300
library/wizardlm	wizardlm:13b-llama2-q5_K_S	Q5_K_S	8972285824	905300
library/wizardlm	wizardlm:13b-q5_0	Q5_0	8972293600	905300
library/wizardlm	wizardlm:13b-q5_K_S	Q5_K_S	8972293600	905300
library/wizardlm	wizardlm:13b-llama2-q5_K_M	Q5_K_M	9229924224	905300
library/wizardlm	wizardlm:13b-q5_K_M	Q5_K_M	9229932000	905300
library/wizardlm	wizardlm:13b-llama2-q5_1	Q5_1	9775511424	905300
library/wizardlm	wizardlm:13b-q5_1	Q5_1	9775519520	905300
library/wizardlm	wizardlm:13b-llama2-q6_K	Q6_K	10679140224	905300
library/wizardlm	wizardlm:13b-q6_K	Q6_K	10679148704	905300
library/wizardlm	wizardlm:7b-fp16	F16	13478121120	905300
library/wizardlm	wizardlm:30b-q2_K	Q2_K	13502552992	905300
library/wizardlm	wizardlm:13b-llama2-q8_0	Q8_0	13831319424	905300
library/wizardlm	wizardlm:13b-q8_0	Q8_0	13831330336	905300
library/wizardlm	wizardlm:30b-q3_K_S	Q3_K_S	14064120384	905300
library/wizardlm	wizardlm:30b-q3_K_M	Q3_K_M	15761560128	905300
library/wizardlm	wizardlm:30b-q3_K_L	Q3_K_L	17279767104	905300
library/wizardlm	wizardlm:30b-q4_0	Q4_0	18355976608	905300
library/wizardlm	wizardlm:30b-q4_K_S	Q4_K_S	18437765536	905300
library/wizardlm	wizardlm:30b-q4_K_M	Q4_K_M	19621149088	905300
library/wizardlm	wizardlm:30b-q4_1	Q4_1	20375673664	905300
library/wizardlm	wizardlm:30b-q5_0	Q5_0	22395370720	905300
library/wizardlm	wizardlm:30b-q5_K_S	Q5_K_S	22395370720	905300
library/wizardlm	wizardlm:30b-q5_K_M	Q5_K_M	23047126240	905300
library/wizardlm	wizardlm:30b-q5_1	Q5_1	24415067776	905300
library/wizardlm	wizardlm:13b-llama2-fp16	F16	26033303392	905300
library/wizardlm	wizardlm:13b-fp16	F16	26033323904	905300
library/wizardlm	wizardlm:30b-q6_K	Q6_K	26687226976	905300
library/wizardlm	wizardlm:70b-llama2-q2_K	Q2_K	29279262848	905300
library/wizardlm	wizardlm:70b-llama2-q3_K_S	Q3_K_S	29919304640	905300
library/wizardlm	wizardlm:70b-llama2-q3_K_M	Q3_K_M	33186667456	905300
library/wizardlm	wizardlm:30b-q8_0	Q8_0	34565138656	905300
library/wizardlm	wizardlm:70b-llama2-q3_K_L	Q3_K_L	36147846080	905300
library/wizardlm	wizardlm:70b-llama2-q4_0	Q4_0	38872260608	905300
library/wizardlm	wizardlm:70b-llama2-q4_K_S	Q4_K_S	39073587200	905300
library/wizardlm	wizardlm:70b-llama2-q4_K_M	Q4_K_M	41422921728	905300
library/wizardlm	wizardlm:70b-llama2-q4_1	Q4_1	43166835200	905300
library/wizardlm	wizardlm:70b-llama2-q5_0	Q5_0	47461409792	905300
library/wizardlm	wizardlm:70b-llama2-q5_K_S	Q5_K_S	47461409792	905300
library/wizardlm	wizardlm:70b-llama2-q5_K_M	Q5_K_M	48753779712	905300
library/wizardlm	wizardlm:70b-llama2-q6_K	Q6_K	56587380800	905300
library/wizardlm	wizardlm:30b-fp16	F16	65060280704	905300
library/wizardlm	wizardlm:70b-llama2-q8_0	Q8_0	73292347328	905300
library/wizardlm-uncensored	wizardlm-uncensored:13b-llama2-q2_K	Q2_K	5429348224	641800
library/wizardlm-uncensored	wizardlm-uncensored:13b-llama2-q3_K_S	Q3_K_S	5658980224	641800
library/wizardlm-uncensored	wizardlm-uncensored:13b-llama2-q3_K_M	Q3_K_M	6337769344	641800
library/wizardlm-uncensored	wizardlm-uncensored:13b-llama2-q3_K_L	Q3_K_L	6929559424	641800
library/wizardlm-uncensored	wizardlm-uncensored:13b	Q4_0	7365834624	641800
library/wizardlm-uncensored	wizardlm-uncensored:13b-llama2-q4_K_S	Q4_K_S	7414331264	641800
library/wizardlm-uncensored	wizardlm-uncensored:13b-llama2-q4_K_M	Q4_K_M	7865956224	641800
library/wizardlm-uncensored	wizardlm-uncensored:13b-llama2-q4_1	Q4_1	8169060224	641800
library/wizardlm-uncensored	wizardlm-uncensored:13b-llama2-q5_0	Q5_0	8972285824	641800
library/wizardlm-uncensored	wizardlm-uncensored:13b-llama2-q5_K_S	Q5_K_S	8972285824	641800
library/wizardlm-uncensored	wizardlm-uncensored:13b-llama2-q5_K_M	Q5_K_M	9229924224	641800
library/wizardlm-uncensored	wizardlm-uncensored:13b-llama2-q5_1	Q5_1	9775511424	641800
library/wizardlm-uncensored	wizardlm-uncensored:13b-llama2-q6_K	Q6_K	10679140224	641800
library/wizardlm-uncensored	wizardlm-uncensored:13b-llama2-q8_0	Q8_0	13831319424	641800
library/wizardlm-uncensored	wizardlm-uncensored:13b-llama2-fp16	F16	26033303392	641800
library/wizardlm2	wizardlm2:7b-q2_K	Q2_K	2719241920	1200000
library/wizardlm2	wizardlm2:7b-q3_K_S	Q3_K_S	3164567232	1200000
library/wizardlm2	wizardlm2:7b-q3_K_M	Q3_K_M	3518985920	1200000
library/wizardlm2	wizardlm2:7b-q3_K_L	Q3_K_L	3822024384	1200000
library/wizardlm2	wizardlm2:7b	Q4_0	4108916416	1200000
library/wizardlm2	wizardlm2:7b-q4_K_S	Q4_K_S	4140373696	1200000
library/wizardlm2	wizardlm2:7b-q4_K_M	Q4_K_M	4368438976	1200000
library/wizardlm2	wizardlm2:7b-q4_1	Q4_1	4553316032	1200000
library/wizardlm2	wizardlm2:7b-q5_0	Q5_0	4997715648	1200000
library/wizardlm2	wizardlm2:7b-q5_K_S	Q5_K_S	4997715648	1200000
library/wizardlm2	wizardlm2:7b-q5_K_M	Q5_K_M	5131409088	1200000
library/wizardlm2	wizardlm2:7b-q5_1	Q5_1	5442115264	1200000
library/wizardlm2	wizardlm2:7b-q6_K	Q6_K	5942064832	1200000
library/wizardlm2	wizardlm2:7b-q8_0	Q8_0	7695857344	1200000
library/wizardlm2	wizardlm2:7b-fp16	F16	14484731552	1200000
library/wizardlm2	wizardlm2:8x22b-q2_K	Q2_K	52103164000	1200000
library/wizardlm2	wizardlm2:8x22b	Q4_0	79509213280	1200000
library/wizardlm2	wizardlm2:8x22b-q8_0	Q8_0	149414797408	1200000
library/wizardlm2	wizardlm2:8x22b-fp16	F16	281243410496	1200000
library/xwinlm	xwinlm:7b-v0.1-q2_K	Q2_K	2825940672	994600
library/xwinlm	xwinlm:7b-v0.2-q2_K	Q2_K	2825945408	994600
library/xwinlm	xwinlm:7b-v0.1-q3_K_S	Q3_K_S	2948304576	994600
library/xwinlm	xwinlm:7b-v0.2-q3_K_S	Q3_K_S	2948309728	994600
library/xwinlm	xwinlm:7b-v0.1-q3_K_M	Q3_K_M	3298004672	994600
library/xwinlm	xwinlm:7b-v0.1-q3_K_L	Q3_K_L	3597110976	994600
library/xwinlm	xwinlm:7b-v0.2-q3_K_L	Q3_K_L	3597116128	994600
library/xwinlm	xwinlm:7b-v0.1	Q4_0	3825807040	994600
library/xwinlm	xwinlm:7b	Q4_0	3825812736	994600
library/xwinlm	xwinlm:7b-v0.1-q4_K_S	Q4_K_S	3856740032	994600
library/xwinlm	xwinlm:7b-v0.2-q4_K_S	Q4_K_S	3856745728	994600
library/xwinlm	xwinlm:7b-v0.1-q4_K_M	Q4_K_M	4081004224	994600
library/xwinlm	xwinlm:7b-v0.2-q4_K_M	Q4_K_M	4081009920	994600
library/xwinlm	xwinlm:7b-v0.1-q4_1	Q4_1	4238749376	994600
library/xwinlm	xwinlm:7b-v0.2-q4_1	Q4_1	4238755328	994600
library/xwinlm	xwinlm:7b-v0.1-q5_0	Q5_0	4651691712	994600
library/xwinlm	xwinlm:7b-v0.1-q5_K_S	Q5_K_S	4651691712	994600
library/xwinlm	xwinlm:7b-v0.2-q5_0	Q5_0	4651697920	994600
library/xwinlm	xwinlm:7b-v0.2-q5_K_S	Q5_K_S	4651697920	994600
library/xwinlm	xwinlm:7b-v0.1-q5_K_M	Q5_K_M	4783156928	994600
library/xwinlm	xwinlm:7b-v0.2-q5_K_M	Q5_K_M	4783163136	994600
library/xwinlm	xwinlm:7b-v0.1-q5_1	Q5_1	5064634048	994600
library/xwinlm	xwinlm:13b-v0.1-q2_K	Q2_K	5429348224	994600
library/xwinlm	xwinlm:13b-v0.2-q2_K	Q2_K	5429354176	994600
library/xwinlm	xwinlm:7b-v0.1-q6_K	Q6_K	5529194176	994600
library/xwinlm	xwinlm:7b-v0.2-q6_K	Q6_K	5529200928	994600
library/xwinlm	xwinlm:13b-v0.1-q3_K_S	Q3_K_S	5658980224	994600
library/xwinlm	xwinlm:13b-v0.2-q3_K_S	Q3_K_S	5658986688	994600
library/xwinlm	xwinlm:13b-v0.1-q3_K_M	Q3_K_M	6337769344	994600
library/xwinlm	xwinlm:13b-v0.2-q3_K_M	Q3_K_M	6337775808	994600
library/xwinlm	xwinlm:13b-v0.1-q3_K_L	Q3_K_L	6929559424	994600
library/xwinlm	xwinlm:13b-v0.2-q3_K_L	Q3_K_L	6929565888	994600
library/xwinlm	xwinlm:7b-v0.1-q8_0	Q8_0	7161089728	994600
library/xwinlm	xwinlm:7b-v0.2-q8_0	Q8_0	7161098464	994600
library/xwinlm	xwinlm:13b-v0.1	Q4_0	7365834624	994600
library/xwinlm	xwinlm:13b	Q4_0	7365841760	994600
library/xwinlm	xwinlm:13b-v0.1-q4_K_S	Q4_K_S	7414331264	994600
library/xwinlm	xwinlm:13b-v0.2-q4_K_S	Q4_K_S	7414338400	994600
library/xwinlm	xwinlm:13b-v0.1-q4_K_M	Q4_K_M	7865956224	994600
library/xwinlm	xwinlm:13b-v0.2-q4_K_M	Q4_K_M	7865963360	994600
library/xwinlm	xwinlm:13b-v0.1-q4_1	Q4_1	8169060224	994600
library/xwinlm	xwinlm:13b-v0.2-q4_1	Q4_1	8169067680	994600
library/xwinlm	xwinlm:13b-v0.1-q5_0	Q5_0	8972285824	994600
library/xwinlm	xwinlm:13b-v0.1-q5_K_S	Q5_K_S	8972285824	994600
library/xwinlm	xwinlm:13b-v0.2-q5_0	Q5_0	8972293600	994600
library/xwinlm	xwinlm:13b-v0.2-q5_K_S	Q5_K_S	8972293600	994600
library/xwinlm	xwinlm:13b-v0.1-q5_K_M	Q5_K_M	9229924224	994600
library/xwinlm	xwinlm:13b-v0.2-q5_K_M	Q5_K_M	9229932000	994600
library/xwinlm	xwinlm:13b-v0.1-q5_1	Q5_1	9775511424	994600
library/xwinlm	xwinlm:13b-v0.2-q5_1	Q5_1	9775519520	994600
library/xwinlm	xwinlm:13b-v0.1-q6_K	Q6_K	10679140224	994600
library/xwinlm	xwinlm:13b-v0.2-q6_K	Q6_K	10679148704	994600
library/xwinlm	xwinlm:7b-v0.1-fp16	F16	13478104736	994600
library/xwinlm	xwinlm:7b-v0.2-fp16	F16	13478121120	994600
library/xwinlm	xwinlm:13b-v0.1-q8_0	Q8_0	13831319424	994600
library/xwinlm	xwinlm:13b-v0.2-q8_0	Q8_0	13831330336	994600
library/xwinlm	xwinlm:13b-v0.1-fp16	F16	26033303392	994600
library/xwinlm	xwinlm:13b-v0.2-fp16	F16	26033323904	994600
library/xwinlm	xwinlm:70b-v0.1-q2_K	Q2_K	29279253408	994600
library/xwinlm	xwinlm:70b-v0.1-q3_K_S	Q3_K_S	29919294368	994600
library/xwinlm	xwinlm:70b-v0.1-q3_K_M	Q3_K_M	33186657184	994600
library/xwinlm	xwinlm:70b-v0.1-q3_K_L	Q3_K_L	36147835808	994600
library/xwinlm	xwinlm:70b-v0.1	Q4_0	38872249248	994600
library/xwinlm	xwinlm:70b-v0.1-q4_K_S	Q4_K_S	39073575840	994600
library/xwinlm	xwinlm:70b-v0.1-q4_K_M	Q4_K_M	41422910368	994600
library/xwinlm	xwinlm:70b-v0.1-q4_1	Q4_1	43166823328	994600
library/xwinlm	xwinlm:70b-v0.1-q5_0	Q5_0	47461397408	994600
library/xwinlm	xwinlm:70b-v0.1-q5_K_S	Q5_K_S	47461397408	994600
library/xwinlm	xwinlm:70b-v0.1-q5_1	Q5_1	51755971488	994600
library/xwinlm	xwinlm:70b-v0.1-q6_K	Q6_K	56587367328	994600
library/xwinlm	xwinlm:70b-v0.1-q8_0	Q8_0	73292329888	994600
library/xwinlm	xwinlm:70b-v0.1-fp16	F16	137956701056	994600
library/yarn-llama2	yarn-llama2:7b-128k-q2_K	Q2_K	2825940672	974200
library/yarn-llama2	yarn-llama2:7b-64k-q2_K	Q2_K	2825940672	974200
library/yarn-llama2	yarn-llama2:7b-128k-q3_K_S	Q3_K_S	2948304576	974200
library/yarn-llama2	yarn-llama2:7b-64k-q3_K_S	Q3_K_S	2948304576	974200
library/yarn-llama2	yarn-llama2:7b-128k-q3_K_M	Q3_K_M	3298004672	974200
library/yarn-llama2	yarn-llama2:7b-64k-q3_K_M	Q3_K_M	3298004672	974200
library/yarn-llama2	yarn-llama2:7b-128k-q3_K_L	Q3_K_L	3597110976	974200
library/yarn-llama2	yarn-llama2:7b-64k-q3_K_L	Q3_K_L	3597110976	974200
library/yarn-llama2	yarn-llama2:7b	Q4_0	3825807040	974200
library/yarn-llama2	yarn-llama2:7b-128k	Q4_0	3825807040	974200
library/yarn-llama2	yarn-llama2:7b-128k-q4_K_S	Q4_K_S	3856740032	974200
library/yarn-llama2	yarn-llama2:7b-64k-q4_K_S	Q4_K_S	3856740032	974200
library/yarn-llama2	yarn-llama2:7b-128k-q4_K_M	Q4_K_M	4081004224	974200
library/yarn-llama2	yarn-llama2:7b-64k-q4_K_M	Q4_K_M	4081004224	974200
library/yarn-llama2	yarn-llama2:7b-128k-q4_1	Q4_1	4238749376	974200
library/yarn-llama2	yarn-llama2:7b-64k-q4_1	Q4_1	4238749376	974200
library/yarn-llama2	yarn-llama2:7b-128k-q5_0	Q5_0	4651691712	974200
library/yarn-llama2	yarn-llama2:7b-128k-q5_K_S	Q5_K_S	4651691712	974200
library/yarn-llama2	yarn-llama2:7b-64k-q5_0	Q5_0	4651691712	974200
library/yarn-llama2	yarn-llama2:7b-64k-q5_K_S	Q5_K_S	4651691712	974200
library/yarn-llama2	yarn-llama2:7b-128k-q5_K_M	Q5_K_M	4783156928	974200
library/yarn-llama2	yarn-llama2:7b-64k-q5_K_M	Q5_K_M	4783156928	974200
library/yarn-llama2	yarn-llama2:7b-128k-q5_1	Q5_1	5064634048	974200
library/yarn-llama2	yarn-llama2:7b-64k-q5_1	Q5_1	5064634048	974200
library/yarn-llama2	yarn-llama2:13b-128k-q2_K	Q2_K	5429348256	974200
library/yarn-llama2	yarn-llama2:13b-64k-q2_K	Q2_K	5429348256	974200
library/yarn-llama2	yarn-llama2:7b-128k-q6_K	Q6_K	5529194176	974200
library/yarn-llama2	yarn-llama2:7b-64k-q6_K	Q6_K	5529194176	974200
library/yarn-llama2	yarn-llama2:13b-128k-q3_K_S	Q3_K_S	5658980256	974200
library/yarn-llama2	yarn-llama2:13b-64k-q3_K_S	Q3_K_S	5658980256	974200
library/yarn-llama2	yarn-llama2:13b-128k-q3_K_M	Q3_K_M	6337769376	974200
library/yarn-llama2	yarn-llama2:13b-64k-q3_K_M	Q3_K_M	6337769376	974200
library/yarn-llama2	yarn-llama2:13b-128k-q3_K_L	Q3_K_L	6929559456	974200
library/yarn-llama2	yarn-llama2:13b-64k-q3_K_L	Q3_K_L	6929559456	974200
library/yarn-llama2	yarn-llama2:7b-128k-q8_0	Q8_0	7161089728	974200
library/yarn-llama2	yarn-llama2:7b-64k-q8_0	Q8_0	7161089728	974200
library/yarn-llama2	yarn-llama2:13b	Q4_0	7365834656	974200
library/yarn-llama2	yarn-llama2:13b-128k	Q4_0	7365834656	974200
library/yarn-llama2	yarn-llama2:13b-128k-q4_K_S	Q4_K_S	7414331296	974200
library/yarn-llama2	yarn-llama2:13b-64k-q4_K_S	Q4_K_S	7414331296	974200
library/yarn-llama2	yarn-llama2:13b-128k-q4_K_M	Q4_K_M	7865956256	974200
library/yarn-llama2	yarn-llama2:13b-64k-q4_K_M	Q4_K_M	7865956256	974200
library/yarn-llama2	yarn-llama2:13b-128k-q4_1	Q4_1	8169060256	974200
library/yarn-llama2	yarn-llama2:13b-64k-q4_1	Q4_1	8169060256	974200
library/yarn-llama2	yarn-llama2:13b-128k-q5_0	Q5_0	8972285856	974200
library/yarn-llama2	yarn-llama2:13b-128k-q5_K_S	Q5_K_S	8972285856	974200
library/yarn-llama2	yarn-llama2:13b-64k-q5_0	Q5_0	8972285856	974200
library/yarn-llama2	yarn-llama2:13b-64k-q5_K_S	Q5_K_S	8972285856	974200
library/yarn-llama2	yarn-llama2:13b-128k-q5_K_M	Q5_K_M	9229924256	974200
library/yarn-llama2	yarn-llama2:13b-64k-q5_K_M	Q5_K_M	9229924256	974200
library/yarn-llama2	yarn-llama2:13b-128k-q5_1	Q5_1	9775511456	974200
library/yarn-llama2	yarn-llama2:13b-64k-q5_1	Q5_1	9775511456	974200
library/yarn-llama2	yarn-llama2:13b-128k-q6_K	Q6_K	10679140256	974200
library/yarn-llama2	yarn-llama2:13b-64k-q6_K	Q6_K	10679140256	974200
library/yarn-llama2	yarn-llama2:7b-128k-fp16	F16	13478104736	974200
library/yarn-llama2	yarn-llama2:7b-64k-fp16	F16	13478104736	974200
library/yarn-llama2	yarn-llama2:13b-128k-q8_0	Q8_0	13831319456	974200
library/yarn-llama2	yarn-llama2:13b-64k-q8_0	Q8_0	13831319456	974200
library/yarn-llama2	yarn-llama2:13b-128k-fp16	F16	26033303392	974200
library/yarn-llama2	yarn-llama2:13b-64k-fp16	F16	26033303392	974200
library/yarn-mistral	yarn-mistral:7b-128k-q2_K	Q2_K	3083097728	898500
library/yarn-mistral	yarn-mistral:7b-64k-q2_K	Q2_K	3083097728	898500
library/yarn-mistral	yarn-mistral:7b-128k-q3_K_S	Q3_K_S	3164567168	898500
library/yarn-mistral	yarn-mistral:7b-64k-q3_K_S	Q3_K_S	3164567168	898500
library/yarn-mistral	yarn-mistral:7b-128k-q3_K_M	Q3_K_M	3518985856	898500
library/yarn-mistral	yarn-mistral:7b-64k-q3_K_M	Q3_K_M	3518985856	898500
library/yarn-mistral	yarn-mistral:7b-128k-q3_K_L	Q3_K_L	3822024320	898500
library/yarn-mistral	yarn-mistral:7b-64k-q3_K_L	Q3_K_L	3822024320	898500
library/yarn-mistral	yarn-mistral:7b	Q4_0	4108916352	898500
library/yarn-mistral	yarn-mistral:7b-128k	Q4_0	4108916352	898500
library/yarn-mistral	yarn-mistral:7b-128k-q4_K_S	Q4_K_S	4140373632	898500
library/yarn-mistral	yarn-mistral:7b-64k-q4_K_S	Q4_K_S	4140373632	898500
library/yarn-mistral	yarn-mistral:7b-128k-q4_K_M	Q4_K_M	4368438912	898500
library/yarn-mistral	yarn-mistral:7b-64k-q4_K_M	Q4_K_M	4368438912	898500
library/yarn-mistral	yarn-mistral:7b-128k-q4_1	Q4_1	4553315968	898500
library/yarn-mistral	yarn-mistral:7b-64k-q4_1	Q4_1	4553315968	898500
library/yarn-mistral	yarn-mistral:7b-128k-q5_0	Q5_0	4997715584	898500
library/yarn-mistral	yarn-mistral:7b-128k-q5_K_S	Q5_K_S	4997715584	898500
library/yarn-mistral	yarn-mistral:7b-64k-q5_0	Q5_0	4997715584	898500
library/yarn-mistral	yarn-mistral:7b-64k-q5_K_S	Q5_K_S	4997715584	898500
library/yarn-mistral	yarn-mistral:7b-128k-q5_K_M	Q5_K_M	5131409024	898500
library/yarn-mistral	yarn-mistral:7b-64k-q5_K_M	Q5_K_M	5131409024	898500
library/yarn-mistral	yarn-mistral:7b-128k-q5_1	Q5_1	5442115200	898500
library/yarn-mistral	yarn-mistral:7b-64k-q5_1	Q5_1	5442115200	898500
library/yarn-mistral	yarn-mistral:7b-128k-q6_K	Q6_K	5942064768	898500
library/yarn-mistral	yarn-mistral:7b-64k-q6_K	Q6_K	5942064768	898500
library/yarn-mistral	yarn-mistral:7b-128k-q8_0	Q8_0	7695857280	898500
library/yarn-mistral	yarn-mistral:7b-64k-q8_0	Q8_0	7695857280	898500
library/yarn-mistral	yarn-mistral:7b-128k-fp16	F16	14484731488	898500
library/yi	yi:6b-v1.5-q2_K	Q2_K	2337066400	1400000
library/yi	yi:6b-chat-v1.5-q2_K	Q2_K	2337066848	1400000
library/yi	yi:6b-200k-q2_K	Q2_K	2621230176	1400000
library/yi	yi:6b-q2_K	Q2_K	2621230176	1400000
library/yi	yi:6b-chat-q2_K	Q2_K	2621230656	1400000
library/yi	yi:6b-200k-q3_K_S	Q3_K_S	2709195872	1400000
library/yi	yi:6b-q3_K_S	Q3_K_S	2709195872	1400000
library/yi	yi:6b-v1.5-q3_K_S	Q3_K_S	2709196192	1400000
library/yi	yi:6b-chat-q3_K_S	Q3_K_S	2709196352	1400000
library/yi	yi:6b-chat-v1.5-q3_K_S	Q3_K_S	2709196640	1400000
library/yi	yi:6b-200k-q3_K_M	Q3_K_M	2992835680	1400000
library/yi	yi:6b-q3_K_M	Q3_K_M	2992835680	1400000
library/yi	yi:6b-v1.5-q3_K_M	Q3_K_M	2992836000	1400000
library/yi	yi:6b-chat-q3_K_M	Q3_K_M	2992836160	1400000
library/yi	yi:6b-chat-v1.5-q3_K_M	Q3_K_M	2992836448	1400000
library/yi	yi:6b-200k-q3_K_L	Q3_K_L	3236891744	1400000
library/yi	yi:6b-q3_K_L	Q3_K_L	3236891744	1400000
library/yi	yi:6b-v1.5-q3_K_L	Q3_K_L	3236892064	1400000
library/yi	yi:6b-chat-q3_K_L	Q3_K_L	3236892224	1400000
library/yi	yi:6b-chat-v1.5-q3_K_L	Q3_K_L	3236892512	1400000
library/yi	yi:9b-v1.5-q2_K	Q2_K	3354324800	1400000
library/yi	yi:9b-chat-v1.5-q2_K	Q2_K	3354325248	1400000
library/yi	yi:6b-200k	Q4_0	3479325792	1400000
library/yi	yi:6b-q4_0	Q4_0	3479325792	1400000
library/yi	yi:6b-v1.5-q4_0	Q4_0	3479326112	1400000
library/yi	yi:6b-chat-q4_0	Q4_0	3479326272	1400000
library/yi	yi:6b	Q4_0	3479326560	1400000
library/yi	yi:6b-200k-q4_K_S	Q4_K_S	3502918752	1400000
library/yi	yi:6b-q4_K_S	Q4_K_S	3502918752	1400000
library/yi	yi:6b-v1.5-q4_K_S	Q4_K_S	3502919072	1400000
library/yi	yi:6b-chat-q4_K_S	Q4_K_S	3502919232	1400000
library/yi	yi:6b-chat-v1.5-q4_K_S	Q4_K_S	3502919520	1400000
library/yi	yi:6b-200k-q4_K_M	Q4_K_M	3673967712	1400000
library/yi	yi:6b-q4_K_M	Q4_K_M	3673967712	1400000
library/yi	yi:6b-v1.5-q4_K_M	Q4_K_M	3673968032	1400000
library/yi	yi:6b-chat-q4_K_M	Q4_K_M	3673968192	1400000
library/yi	yi:6b-chat-v1.5-q4_K_M	Q4_K_M	3673968480	1400000
library/yi	yi:6b-200k-q4_1	Q4_1	3841739872	1400000
library/yi	yi:6b-q4_1	Q4_1	3841739872	1400000
library/yi	yi:6b-v1.5-q4_1	Q4_1	3841740192	1400000
library/yi	yi:6b-chat-q4_1	Q4_1	3841740352	1400000
library/yi	yi:6b-chat-v1.5-q4_1	Q4_1	3841740640	1400000
library/yi	yi:9b-v1.5-q3_K_S	Q3_K_S	3899207488	1400000
library/yi	yi:9b-chat-v1.5-q3_K_S	Q3_K_S	3899207936	1400000
library/yi	yi:6b-200k-q5_0	Q5_0	4204153952	1400000
library/yi	yi:6b-200k-q5_K_S	Q5_K_S	4204153952	1400000
library/yi	yi:6b-q5_0	Q5_0	4204153952	1400000
library/yi	yi:6b-q5_K_S	Q5_K_S	4204153952	1400000
library/yi	yi:6b-v1.5-q5_0	Q5_0	4204154272	1400000
library/yi	yi:6b-v1.5-q5_K_S	Q5_K_S	4204154272	1400000
library/yi	yi:6b-chat-q5_0	Q5_0	4204154432	1400000
library/yi	yi:6b-chat-q5_K_S	Q5_K_S	4204154432	1400000
library/yi	yi:6b-chat-v1.5-q5_0	Q5_0	4204154720	1400000
library/yi	yi:6b-chat-v1.5-q5_K_S	Q5_K_S	4204154720	1400000
library/yi	yi:6b-200k-q5_K_M	Q5_K_M	4304424032	1400000
library/yi	yi:6b-q5_K_M	Q5_K_M	4304424032	1400000
library/yi	yi:6b-v1.5-q5_K_M	Q5_K_M	4304424352	1400000
library/yi	yi:6b-chat-q5_K_M	Q5_K_M	4304424512	1400000
library/yi	yi:6b-chat-v1.5-q5_K_M	Q5_K_M	4304424800	1400000
library/yi	yi:9b-v1.5-q3_K_M	Q3_K_M	4324405056	1400000
library/yi	yi:9b-chat-v1.5-q3_K_M	Q3_K_M	4324405504	1400000
library/yi	yi:6b-200k-q5_1	Q5_1	4566568032	1400000
library/yi	yi:6b-q5_1	Q5_1	4566568032	1400000
library/yi	yi:6b-v1.5-q5_1	Q5_1	4566568352	1400000
library/yi	yi:6b-chat-q5_1	Q5_1	4566568512	1400000
library/yi	yi:6b-chat-v1.5-q5_1	Q5_1	4566568800	1400000
library/yi	yi:9b-v1.5-q3_K_L	Q3_K_L	4690751296	1400000
library/yi	yi:9b-chat-v1.5-q3_K_L	Q3_K_L	4690751744	1400000
library/yi	yi:6b-200k-q6_K	Q6_K	4974283872	1400000
library/yi	yi:6b-q6_K	Q6_K	4974283872	1400000
library/yi	yi:6b-v1.5-q6_K	Q6_K	4974284192	1400000
library/yi	yi:6b-chat-q6_K	Q6_K	4974284352	1400000
library/yi	yi:6b-chat-v1.5-q6_K	Q6_K	4974284640	1400000
library/yi	yi:9b-v1.5-q4_0	Q4_0	5036994368	1400000
library/yi	yi:9b	Q4_0	5036994816	1400000
library/yi	yi:9b-v1.5-q4_K_S	Q4_K_S	5071859520	1400000
library/yi	yi:9b-chat-v1.5-q4_K_S	Q4_K_S	5071859968	1400000
library/yi	yi:9b-v1.5-q4_K_M	Q4_K_M	5328957248	1400000
library/yi	yi:9b-chat-v1.5-q4_K_M	Q4_K_M	5328957696	1400000
library/yi	yi:9b-v1.5-q4_1	Q4_1	5572423488	1400000
library/yi	yi:9b-chat-v1.5-q4_1	Q4_1	5572423936	1400000
library/yi	yi:9b-v1.5-q5_0	Q5_0	6107852608	1400000
library/yi	yi:9b-v1.5-q5_K_S	Q5_K_S	6107852608	1400000
library/yi	yi:9b-chat-v1.5-q5_0	Q5_0	6107853056	1400000
library/yi	yi:9b-chat-v1.5-q5_K_S	Q5_K_S	6107853056	1400000
library/yi	yi:9b-v1.5-q5_K_M	Q5_K_M	6258257728	1400000
library/yi	yi:9b-chat-v1.5-q5_K_M	Q5_K_M	6258258176	1400000
library/yi	yi:6b-200k-q8_0	Q8_0	6442126432	1400000
library/yi	yi:6b-q8_0	Q8_0	6442126432	1400000
library/yi	yi:6b-v1.5-q8_0	Q8_0	6442126752	1400000
library/yi	yi:6b-chat-q8_0	Q8_0	6442126912	1400000
library/yi	yi:6b-chat-v1.5-q8_0	Q8_0	6442127200	1400000
library/yi	yi:9b-v1.5-q5_1	Q5_1	6643281728	1400000
library/yi	yi:9b-chat-v1.5-q5_1	Q5_1	6643282176	1400000
library/yi	yi:9b-v1.5-q6_K	Q6_K	7245639488	1400000
library/yi	yi:9b-chat-v1.5-q6_K	Q6_K	7245639936	1400000
library/yi	yi:9b-v1.5-q8_0	Q8_0	9383915328	1400000
library/yi	yi:9b-chat-v1.5-q8_0	Q8_0	9383915776	1400000
library/yi	yi:6b-200k-fp16	F16	12124097568	1400000
library/yi	yi:6b-fp16	F16	12124097568	1400000
library/yi	yi:6b-v1.5-fp16	F16	12124097920	1400000
library/yi	yi:6b-chat-fp16	F16	12124098048	1400000
library/yi	yi:6b-chat-v1.5-fp16	F16	12124098368	1400000
library/yi	yi:34b-v1.5-q2_K	Q2_K	12825233536	1400000
library/yi	yi:34b-chat-v1.5-q2_K	Q2_K	12825233984	1400000
library/yi	yi:34b-q2_K	Q2_K	14555875104	1400000
library/yi	yi:34b-chat-q2_K	Q2_K	14555875616	1400000
library/yi	yi:34b-q3_K_S	Q3_K_S	14960293664	1400000
library/yi	yi:34b-v1.5-q3_K_S	Q3_K_S	14960294016	1400000
library/yi	yi:34b-chat-q3_K_S	Q3_K_S	14960294176	1400000
library/yi	yi:34b-chat-v1.5-q3_K_S	Q3_K_S	14960294464	1400000
library/yi	yi:34b-q3_K_M	Q3_K_M	16636573472	1400000
library/yi	yi:34b-chat-q3_K_M	Q3_K_M	16636573984	1400000
library/yi	yi:34b-v1.5-q3_K_M	Q3_K_M	16654923904	1400000
library/yi	yi:34b-chat-v1.5-q3_K_M	Q3_K_M	16654924352	1400000
library/yi	yi:9b-v1.5-fp16	F16	17661112096	1400000
library/yi	yi:9b-chat-v1.5-fp16	F16	17661112544	1400000
library/yi	yi:34b-q3_K_L	Q3_K_L	18139445024	1400000
library/yi	yi:34b-v1.5-q3_K_L	Q3_K_L	18139445376	1400000
library/yi	yi:34b-chat-q3_K_L	Q3_K_L	18139445536	1400000
library/yi	yi:34b-chat-v1.5-q3_K_L	Q3_K_L	18139445824	1400000
library/yi	yi:34b-q4_0	Q4_0	19466528544	1400000
library/yi	yi:34b-v1.5-q4_0	Q4_0	19466528896	1400000
library/yi	yi:34b-chat-q4_0	Q4_0	19466529056	1400000
library/yi	yi:34b	Q4_0	19466529344	1400000
library/yi	yi:34b-q4_K_S	Q4_K_S	19543598880	1400000
library/yi	yi:34b-chat-q4_K_S	Q4_K_S	19543599392	1400000
library/yi	yi:34b-v1.5-q4_K_S	Q4_K_S	19598649472	1400000
library/yi	yi:34b-chat-v1.5-q4_K_S	Q4_K_S	19598649920	1400000
library/yi	yi:34b-q4_K_M	Q4_K_M	20658710304	1400000
library/yi	yi:34b-v1.5-q4_K_M	Q4_K_M	20658710656	1400000
library/yi	yi:34b-chat-q4_K_M	Q4_K_M	20658710816	1400000
library/yi	yi:34b-chat-v1.5-q4_K_M	Q4_K_M	20658711104	1400000
library/yi	yi:34b-q4_1	Q4_1	21587109664	1400000
library/yi	yi:34b-v1.5-q4_1	Q4_1	21587110016	1400000
library/yi	yi:34b-chat-q4_1	Q4_1	21587110176	1400000
library/yi	yi:34b-chat-v1.5-q4_1	Q4_1	21587110464	1400000
library/yi	yi:34b-q5_0	Q5_0	23707690784	1400000
library/yi	yi:34b-q5_K_S	Q5_K_S	23707690784	1400000
library/yi	yi:34b-v1.5-q5_0	Q5_0	23707691136	1400000
library/yi	yi:34b-v1.5-q5_K_S	Q5_K_S	23707691136	1400000
library/yi	yi:34b-chat-q5_0	Q5_0	23707691296	1400000
library/yi	yi:34b-chat-q5_K_S	Q5_K_S	23707691296	1400000
library/yi	yi:34b-chat-v1.5-q5_0	Q5_0	23707691584	1400000
library/yi	yi:34b-chat-v1.5-q5_K_S	Q5_K_S	23707691584	1400000
library/yi	yi:34b-v1.5-q5_K_M	Q5_K_M	24321845376	1400000
library/yi	yi:34b-chat-q5_K_M	Q5_K_M	24321845536	1400000
library/yi	yi:34b-chat-v1.5-q5_K_M	Q5_K_M	24321845824	1400000
library/yi	yi:34b-q5_1	Q5_1	25828271904	1400000
library/yi	yi:34b-v1.5-q5_1	Q5_1	25828272256	1400000
library/yi	yi:34b-chat-q5_1	Q5_1	25828272416	1400000
library/yi	yi:34b-chat-v1.5-q5_1	Q5_1	25828272704	1400000
library/yi	yi:34b-q6_K	Q6_K	28213925664	1400000
library/yi	yi:34b-v1.5-q6_K	Q6_K	28213926016	1400000
library/yi	yi:34b-chat-q6_K	Q6_K	28213926176	1400000
library/yi	yi:34b-chat-v1.5-q6_K	Q6_K	28213926464	1400000
library/yi	yi:34b-v1.5-q8_0	Q8_0	36542281856	1400000
library/yi	yi:34b-chat-q8_0	Q8_0	36542282016	1400000
library/yi	yi:34b-chat-v1.5-q8_0	Q8_0	36542282304	1400000
library/yi	yi:34b-v1.5-fp16	F16	68781078624	1400000
library/yi	yi:34b-chat-fp16	F16	68781078784	1400000
library/yi	yi:34b-chat-v1.5-fp16	F16	68781079072	1400000
library/yi-coder	yi-coder:1.5b-base-q2_K	Q2_K	634699136	1100000
library/yi-coder	yi-coder:1.5b-chat-q2_K	Q2_K	634699712	1100000
library/yi-coder	yi-coder:1.5b-base-q3_K_S	Q3_K_S	723410304	1100000
library/yi-coder	yi-coder:1.5b-chat-q3_K_S	Q3_K_S	723410880	1100000
library/yi-coder	yi-coder:1.5b-base-q3_K_M	Q3_K_M	785718656	1100000
library/yi-coder	yi-coder:1.5b-chat-q3_K_M	Q3_K_M	785719232	1100000
library/yi-coder	yi-coder:1.5b-base-q3_K_L	Q3_K_L	826039680	1100000
library/yi-coder	yi-coder:1.5b-chat-q3_K_L	Q3_K_L	826040256	1100000
library/yi-coder	yi-coder:1.5b-base	Q4_0	866155904	1100000
library/yi-coder	yi-coder:1.5b	Q4_0	866156480	1100000
library/yi-coder	yi-coder:1.5b-base-q4_K_S	Q4_K_S	904183168	1100000
library/yi-coder	yi-coder:1.5b-chat-q4_K_S	Q4_K_S	904183744	1100000
library/yi-coder	yi-coder:1.5b-base-q4_1	Q4_1	950238592	1100000
library/yi-coder	yi-coder:1.5b-chat-q4_1	Q4_1	950239168	1100000
library/yi-coder	yi-coder:1.5b-base-q4_K_M	Q4_K_M	963673472	1100000
library/yi-coder	yi-coder:1.5b-chat-q4_K_M	Q4_K_M	963674048	1100000
library/yi-coder	yi-coder:1.5b-base-q5_0	Q5_0	1034321280	1100000
library/yi-coder	yi-coder:1.5b-chat-q5_0	Q5_0	1034321856	1100000
library/yi-coder	yi-coder:1.5b-base-q5_K_S	Q5_K_S	1051229568	1100000
library/yi-coder	yi-coder:1.5b-chat-q5_K_S	Q5_K_S	1051230144	1100000
library/yi-coder	yi-coder:1.5b-base-q5_K_M	Q5_K_M	1100184960	1100000
library/yi-coder	yi-coder:1.5b-chat-q5_K_M	Q5_K_M	1100185536	1100000
library/yi-coder	yi-coder:1.5b-base-q5_1	Q5_1	1118403968	1100000
library/yi-coder	yi-coder:1.5b-chat-q5_1	Q5_1	1118404544	1100000
library/yi-coder	yi-coder:1.5b-base-q6_K	Q6_K	1278516608	1100000
library/yi-coder	yi-coder:1.5b-chat-q6_K	Q6_K	1278517184	1100000
library/yi-coder	yi-coder:1.5b-base-q8_0	Q8_0	1570561408	1100000
library/yi-coder	yi-coder:1.5b-chat-q8_0	Q8_0	1570561984	1100000
library/yi-coder	yi-coder:1.5b-base-fp16	F16	2954681728	1100000
library/yi-coder	yi-coder:1.5b-chat-fp16	F16	2954682304	1100000
library/yi-coder	yi-coder:9b-base-q2_K	Q2_K	3354324992	1100000
library/yi-coder	yi-coder:9b-chat-q2_K	Q2_K	3354325536	1100000
library/yi-coder	yi-coder:9b-base-q3_K_S	Q3_K_S	3899207680	1100000
library/yi-coder	yi-coder:9b-chat-q3_K_S	Q3_K_S	3899208224	1100000
library/yi-coder	yi-coder:9b-base-q3_K_M	Q3_K_M	4324405248	1100000
library/yi-coder	yi-coder:9b-chat-q3_K_M	Q3_K_M	4324405792	1100000
library/yi-coder	yi-coder:9b-base-q3_K_L	Q3_K_L	4690751488	1100000
library/yi-coder	yi-coder:9b-chat-q3_K_L	Q3_K_L	4690752032	1100000
library/yi-coder	yi-coder:9b-base	Q4_0	5036994560	1100000
library/yi-coder	yi-coder:9b	Q4_0	5036995104	1100000
library/yi-coder	yi-coder:9b-base-q4_K_S	Q4_K_S	5071859712	1100000
library/yi-coder	yi-coder:9b-chat-q4_K_S	Q4_K_S	5071860256	1100000
library/yi-coder	yi-coder:9b-base-q4_K_M	Q4_K_M	5328957440	1100000
library/yi-coder	yi-coder:9b-chat-q4_K_M	Q4_K_M	5328957984	1100000
library/yi-coder	yi-coder:9b-base-q4_1	Q4_1	5572423680	1100000
library/yi-coder	yi-coder:9b-chat-q4_1	Q4_1	5572424224	1100000
library/yi-coder	yi-coder:9b-base-q5_0	Q5_0	6107852800	1100000
library/yi-coder	yi-coder:9b-base-q5_K_S	Q5_K_S	6107852800	1100000
library/yi-coder	yi-coder:9b-chat-q5_0	Q5_0	6107853344	1100000
library/yi-coder	yi-coder:9b-chat-q5_K_S	Q5_K_S	6107853344	1100000
library/yi-coder	yi-coder:9b-base-q5_K_M	Q5_K_M	6258257920	1100000
library/yi-coder	yi-coder:9b-chat-q5_K_M	Q5_K_M	6258258464	1100000
library/yi-coder	yi-coder:9b-base-q5_1	Q5_1	6643281920	1100000
library/yi-coder	yi-coder:9b-chat-q5_1	Q5_1	6643282464	1100000
library/yi-coder	yi-coder:9b-base-q6_K	Q6_K	7245639680	1100000
library/yi-coder	yi-coder:9b-chat-q6_K	Q6_K	7245640224	1100000
library/yi-coder	yi-coder:9b-base-q8_0	Q8_0	9383915520	1100000
library/yi-coder	yi-coder:9b-chat-q8_0	Q8_0	9383916064	1100000
library/yi-coder	yi-coder:9b-base-fp16	F16	17661112320	1100000
library/yi-coder	yi-coder:9b-chat-fp16	F16	17661112864	1100000
library/zephyr	zephyr:7b-alpha-q2_K	Q2_K	3084034560	1300000
library/zephyr	zephyr:7b-beta-q2_K	Q2_K	3084034560	1300000
library/zephyr	zephyr:7b-alpha-q3_K_S	Q3_K_S	3165504000	1300000
library/zephyr	zephyr:7b-beta-q3_K_S	Q3_K_S	3165504000	1300000
library/zephyr	zephyr:7b-alpha-q3_K_M	Q3_K_M	3519922688	1300000
library/zephyr	zephyr:7b-beta-q3_K_M	Q3_K_M	3519922688	1300000
library/zephyr	zephyr:7b-alpha-q3_K_L	Q3_K_L	3822961152	1300000
library/zephyr	zephyr:7b-beta-q3_K_L	Q3_K_L	3822961152	1300000
library/zephyr	zephyr:7b	Q4_0	4109853184	1300000
library/zephyr	zephyr:7b-alpha	Q4_0	4109853184	1300000
library/zephyr	zephyr:7b-alpha-q4_K_S	Q4_K_S	4141310464	1300000
library/zephyr	zephyr:7b-beta-q4_K_S	Q4_K_S	4141310464	1300000
library/zephyr	zephyr:7b-alpha-q4_K_M	Q4_K_M	4369375744	1300000
library/zephyr	zephyr:7b-beta-q4_K_M	Q4_K_M	4369375744	1300000
library/zephyr	zephyr:7b-alpha-q4_1	Q4_1	4554252800	1300000
library/zephyr	zephyr:7b-beta-q4_1	Q4_1	4554252800	1300000
library/zephyr	zephyr:7b-alpha-q5_0	Q5_0	4998652416	1300000
library/zephyr	zephyr:7b-alpha-q5_K_S	Q5_K_S	4998652416	1300000
library/zephyr	zephyr:7b-beta-q5_0	Q5_0	4998652416	1300000
library/zephyr	zephyr:7b-beta-q5_K_S	Q5_K_S	4998652416	1300000
library/zephyr	zephyr:7b-alpha-q5_K_M	Q5_K_M	5132345856	1300000
library/zephyr	zephyr:7b-beta-q5_K_M	Q5_K_M	5132345856	1300000
library/zephyr	zephyr:7b-alpha-q5_1	Q5_1	5443052032	1300000
library/zephyr	zephyr:7b-beta-q5_1	Q5_1	5443052032	1300000
library/zephyr	zephyr:7b-alpha-q6_K	Q6_K	5943001600	1300000
library/zephyr	zephyr:7b-beta-q6_K	Q6_K	5943001600	1300000
library/zephyr	zephyr:7b-alpha-q8_0	Q8_0	7696794112	1300000
library/zephyr	zephyr:7b-beta-q8_0	Q8_0	7696794112	1300000
library/zephyr	zephyr:7b-alpha-fp16	F16	14485668288	1300000
library/zephyr	zephyr:7b-beta-fp16	F16	14485668288	1300000
library/zephyr	zephyr:141b-v0.1-q2_K	Q2_K	52103164544	1300000
library/zephyr	zephyr:141b	Q4_0	79509213824	1300000
library/zephyr	zephyr:141b-v0.1-q8_0	Q8_0	149414797952	1300000
library/zephyr	zephyr:141b-v0.1-fp16	F16	281243411040	1300000
